match_id,season,competition,event_type,time,player_name,player_id,is_home,assist_by,home_score,away_score
4561655,2024,Frauen-Bundesliga,goal,22,Linda Sembrant,129780,False,,0,1
4561655,2024,Frauen-Bundesliga,goal,85,Linda Sembrant,129780,False,,0,2
4561663,2024,Frauen-Bundesliga,goal,57,Géraldine Reuteler,859021,True,,1,0
4561663,2024,Frauen-Bundesliga,goal,81,Elisa Senss,1194928,True,,2,0
4561660,2024,Frauen-Bundesliga,goal,70,Annalena Rieke,881741,True,,1,2
4561660,2024,Frauen-Bundesliga,goal,7,Selina Cerci,1002647,False,,0,1
4561660,2024,Frauen-Bundesliga,goal,62,Ereleta Memeti,898507,False,,0,2
4561661,2024,Frauen-Bundesliga,goal,31,Vanessa Fudalla,1095799,True,,1,0
4561661,2024,Frauen-Bundesliga,goal,55,Julia Landenberger,1302366,True,,2,1
4561661,2024,Frauen-Bundesliga,goal,50,Vanessa Leimenstoll,1301452,False,,1,1
4561662,2024,Frauen-Bundesliga,goal,11,Sarai Linder,884218,True,,1,0
4561662,2024,Frauen-Bundesliga,goal,61,Lena Lattwein,889551,True,,2,2
4561662,2024,Frauen-Bundesliga,goal,66,Alexandra Popp,271109,True,,3,3
4561662,2024,Frauen-Bundesliga,goal,35,Tuana Shahnis Mahmoud,1345225,False,,1,1
4561662,2024,Frauen-Bundesliga,goal,40,Larissa Michelle Mühlhaus,1638164,False,,1,2
4561662,2024,Frauen-Bundesliga,goal,62,Janina Minge,896372,False,,2,3
4689102,2024,Frauen-Bundesliga,goal,90,Svenja Fölmli,1111503,True,,1,2
4689102,2024,Frauen-Bundesliga,goal,57,Selina Ostermeier,896303,False,,0,1
4689102,2024,Frauen-Bundesliga,goal,71,Kristin Kögel,887416,False,,0,2
4561657,2024,Frauen-Bundesliga,goal,44,Linda Dallmann,859028,True,,1,1
4561657,2024,Frauen-Bundesliga,goal,45,Georgia Stanway,886706,True,,2,1
4561657,2024,Frauen-Bundesliga,goal,55,Klara Bühl,888165,True,,3,1
4561657,2024,Frauen-Bundesliga,goal,68,Klara Bühl,888165,True,,4,1
4561657,2024,Frauen-Bundesliga,goal,73,Lea Schüller,886678,True,,5,1
4561657,2024,Frauen-Bundesliga,goal,89,Lea Schüller,886678,True,,6,2
4561657,2024,Frauen-Bundesliga,goal,3,Vanessa Fudalla,1095799,False,,0,1
4561657,2024,Frauen-Bundesliga,goal,76,Vanessa Fudalla,1095799,False,,5,2
4561659,2024,Frauen-Bundesliga,goal,67,Alexandra Popp,271109,False,,0,1
4561644,2024,Frauen-Bundesliga,goal,74,Michelle Ulbrich,898512,True,,1,0
4561644,2024,Frauen-Bundesliga,goal,79,Larissa Michelle Mühlhaus,1638164,True,,2,0
4561656,2024,Frauen-Bundesliga,goal,14,Caroline Kehrer,1553638,True,,1,0
4561656,2024,Frauen-Bundesliga,goal,25,Kristin Kögel,887416,True,,2,0
4561656,2024,Frauen-Bundesliga,goal,45,Géraldine Reuteler,859021,False,,2,1
4561656,2024,Frauen-Bundesliga,goal,58,Remina Chiba,1510615,False,,2,2
4561654,2024,Frauen-Bundesliga,goal,13,Dora Zeller,898137,True,,1,0
4561654,2024,Frauen-Bundesliga,goal,44,Adriana Achcinska,1207565,True,,2,1
4561654,2024,Frauen-Bundesliga,goal,27,Annalena Rieke,881741,False,,1,1
4561654,2024,Frauen-Bundesliga,goal,82,Natasha Kowalski,1406733,False,,2,2
4561658,2024,Frauen-Bundesliga,goal,21,Ereleta Memeti,898507,True,,1,1
4561658,2024,Frauen-Bundesliga,goal,89,Samantha Steuerwald,1190570,True,,2,3
4561658,2024,Frauen-Bundesliga,goal,19,Samantha Steuerwald,1190570,False,,0,1
4561658,2024,Frauen-Bundesliga,goal,64,Tessa Blumenberg,1464823,False,,1,2
4561658,2024,Frauen-Bundesliga,goal,88,Shekiera Martinez,1023081,False,,1,3
4561649,2024,Frauen-Bundesliga,goal,8,Lydia Andrade,1091496,True,,1,0
4561649,2024,Frauen-Bundesliga,goal,50,Giovanna Hoffmann,898520,True,,2,0
4561650,2024,Frauen-Bundesliga,goal,59,Selina Vobian,1402531,True,,1,1
4561650,2024,Frauen-Bundesliga,goal,17,Luca Emily Birkholz,1345194,False,,0,1
4561653,2024,Frauen-Bundesliga,goal,47,Kristin Kögel,887416,False,,0,1
4561653,2024,Frauen-Bundesliga,goal,58,Janou Levels,1214637,False,,0,2
4561651,2024,Frauen-Bundesliga,goal,13,Laura Freigang,978295,False,,0,1
4561651,2024,Frauen-Bundesliga,goal,84,Laura Freigang,978295,False,,0,5
4561651,2024,Frauen-Bundesliga,goal,90,Laura Freigang,978295,False,,0,6
4561651,2024,Frauen-Bundesliga,goal,62,Emilie Bernhardt,1345217,False,,0,2
4561651,2024,Frauen-Bundesliga,goal,67,Nicole Anyomi,889542,False,,0,3
4561651,2024,Frauen-Bundesliga,goal,73,Nicole Anyomi,889542,False,,0,4
4561652,2024,Frauen-Bundesliga,goal,27,Alexandra Popp,271109,True,,1,1
4561652,2024,Frauen-Bundesliga,goal,45,Lena Lattwein,889551,True,,2,1
4561652,2024,Frauen-Bundesliga,goal,51,Jule Brand,1204258,True,,3,1
4561652,2024,Frauen-Bundesliga,goal,68,Lynn Wilms,1091618,True,,4,1
4561652,2024,Frauen-Bundesliga,goal,84,Lineth Beerensteyn,856253,True,,5,1
4561652,2024,Frauen-Bundesliga,goal,25,Nicole Billa,856554,False,,0,1
4561648,2024,Frauen-Bundesliga,goal,42,Georgia Stanway,886706,True,,1,1
4561648,2024,Frauen-Bundesliga,goal,45,Pernille Harder,200707,True,,2,1
4561648,2024,Frauen-Bundesliga,goal,57,Pernille Harder,200707,True,,3,1
4561648,2024,Frauen-Bundesliga,goal,88,Pernille Harder,200707,True,,4,1
4561648,2024,Frauen-Bundesliga,goal,90,Sydney Lohmann,887418,True,,5,1
4561648,2024,Frauen-Bundesliga,goal,28,Selina Cerci,1002647,False,,0,1
4561666,2024,Frauen-Bundesliga,goal,21,Caroline Kehrer,1553638,True,,1,0
4561666,2024,Frauen-Bundesliga,goal,28,Cornelia Kramer,1036591,True,,2,0
4561666,2024,Frauen-Bundesliga,goal,57,Selina Cerci,1002647,False,,2,1
4561667,2024,Frauen-Bundesliga,goal,9,Shekiera Martinez,1023081,False,,0,1
4561667,2024,Frauen-Bundesliga,goal,54,Cora Zicai,1238107,False,,0,2
4561646,2024,Frauen-Bundesliga,goal,27,Giovanna Hoffmann,898520,False,,0,1
4561646,2024,Frauen-Bundesliga,goal,56,Vanessa Fudalla,1095799,False,,0,2
4561646,2024,Frauen-Bundesliga,goal,63,Marleen Schimmer,1359583,False,,0,3
4561665,2024,Frauen-Bundesliga,goal,26,Lea Schüller,886678,False,,0,1
4561665,2024,Frauen-Bundesliga,goal,71,Georgia Stanway,886706,False,,0,2
4561665,2024,Frauen-Bundesliga,goal,85,Pernille Harder,200707,False,,0,3
4561665,2024,Frauen-Bundesliga,goal,86,Jovana Damnjanovic,887423,False,,0,4
4561645,2024,Frauen-Bundesliga,goal,45,Sara Doorsoun,859029,True,,1,0
4561645,2024,Frauen-Bundesliga,goal,46,Nicole Anyomi,889542,True,,2,0
4561645,2024,Frauen-Bundesliga,goal,59,Nicole Anyomi,889542,True,,3,0
4561647,2024,Frauen-Bundesliga,goal,56,Paulina Platner,1671124,False,,0,1
4561647,2024,Frauen-Bundesliga,goal,85,Natasha Kowalski,1406733,False,,0,2
4561669,2024,Frauen-Bundesliga,goal,21,Lynn Wilms,1091618,True,,1,0
4561669,2024,Frauen-Bundesliga,goal,65,Sveindis Jane Jonsdottir,1187388,True,,2,0
4561669,2024,Frauen-Bundesliga,goal,76,Lineth Beerensteyn,856253,True,,3,0
4561669,2024,Frauen-Bundesliga,goal,90,Lineth Beerensteyn,856253,True,,5,0
4561669,2024,Frauen-Bundesliga,goal,84,Rebecka Blomqvist,961625,True,,4,0
4561673,2024,Frauen-Bundesliga,goal,6,Annabel Schasching,1091590,True,,1,0
4561673,2024,Frauen-Bundesliga,goal,24,Cora Zicai,1238107,True,,2,0
4561673,2024,Frauen-Bundesliga,goal,80,Cora Zicai,1238107,True,,3,0
4561670,2024,Frauen-Bundesliga,goal,71,Klara Bühl,888165,True,,1,0
4561668,2024,Frauen-Bundesliga,goal,18,Natasha Kowalski,1406733,True,,1,0
4561668,2024,Frauen-Bundesliga,goal,61,Laura Freigang,978295,False,,1,1
4561668,2024,Frauen-Bundesliga,goal,87,Laura Freigang,978295,False,,1,3
4561668,2024,Frauen-Bundesliga,goal,83,Géraldine Reuteler,859021,False,,1,2
4561671,2024,Frauen-Bundesliga,goal,31,Marta Cazalla,887326,True,,1,0
4561672,2024,Frauen-Bundesliga,goal,69,Katharina Piljic,1345245,True,,1,0
4561677,2024,Frauen-Bundesliga,goal,34,Annalena Rieke,881741,False,,0,1
4561677,2024,Frauen-Bundesliga,goal,35,Laureta Elmazi,1236376,False,,0,2
4561677,2024,Frauen-Bundesliga,goal,60,Natasha Kowalski,1406733,False,,0,3
4561674,2024,Frauen-Bundesliga,goal,90,Sophie Weidauer,1093741,True,,1,1
4561674,2024,Frauen-Bundesliga,goal,62,Caroline Kehrer,1553638,False,,0,1
4561676,2024,Frauen-Bundesliga,goal,5,Vivien Endemann,1238256,True,,1,0
4561676,2024,Frauen-Bundesliga,goal,67,Lineth Beerensteyn,856253,True,,2,0
4561675,2024,Frauen-Bundesliga,goal,48,Ereleta Memeti,898507,False,,0,1
4561675,2024,Frauen-Bundesliga,goal,50,Selina Cerci,1002647,False,,0,2
4561675,2024,Frauen-Bundesliga,goal,90,Marta Cazalla,887326,False,,0,3
4561679,2024,Frauen-Bundesliga,goal,30,Giovanna Hoffmann,898520,True,,1,0
4561679,2024,Frauen-Bundesliga,goal,47,Vanessa Fudalla,1095799,True,,2,0
4561678,2024,Frauen-Bundesliga,goal,35,Laura Freigang,978295,True,,1,0
4561678,2024,Frauen-Bundesliga,goal,53,Laura Freigang,978295,True,,2,0
4561678,2024,Frauen-Bundesliga,goal,75,Barbara Dunst,856551,True,,3,0
4561678,2024,Frauen-Bundesliga,goal,90,Remina Chiba,1510615,True,,4,0
4561678,2024,Frauen-Bundesliga,goal,90,Remina Chiba,1510615,True,,5,0
4561678,2024,Frauen-Bundesliga,goal,90,Remina Chiba,1510615,True,,6,0
4561700,2024,Frauen-Bundesliga,goal,21,Ereleta Memeti,898507,True,,1,0
4561700,2024,Frauen-Bundesliga,goal,34,Gia Corley,1091594,True,,2,0
4561700,2024,Frauen-Bundesliga,goal,67,Gia Corley,1091594,True,,6,0
4561700,2024,Frauen-Bundesliga,goal,36,Melissa Kössler,898503,True,,3,0
4561700,2024,Frauen-Bundesliga,goal,64,Melissa Kössler,898503,True,,5,0
4561700,2024,Frauen-Bundesliga,goal,63,Julia Hickelsberger-Fueller,1091348,True,,4,0
4561701,2024,Frauen-Bundesliga,goal,75,Sophie Weidauer,1093741,False,,0,1
4561698,2024,Frauen-Bundesliga,goal,49,Fiona Gaisser,1671111,True,,1,2
4561698,2024,Frauen-Bundesliga,goal,65,Luca Emily Birkholz,1345194,True,,2,2
4561698,2024,Frauen-Bundesliga,goal,28,Adriana Achcinska,1207565,False,,0,1
4561698,2024,Frauen-Bundesliga,goal,45,Janina Hechler,896307,False,,0,2
4561699,2024,Frauen-Bundesliga,goal,25,Janina Minge,896372,False,,0,1
4561699,2024,Frauen-Bundesliga,goal,72,Lineth Beerensteyn,856253,False,,0,2
4561706,2024,Frauen-Bundesliga,goal,33,Shekiera Martinez,1023081,True,,1,0
4561706,2024,Frauen-Bundesliga,goal,53,Annabel Schasching,1091590,True,,2,0
4561706,2024,Frauen-Bundesliga,goal,61,Cora Zicai,1238107,True,,3,0
4561706,2024,Frauen-Bundesliga,goal,90,Eileen Campbell,1549669,True,,4,1
4561706,2024,Frauen-Bundesliga,goal,81,Marleen Schimmer,1359583,False,,3,1
4561702,2024,Frauen-Bundesliga,goal,20,Cornelia Kramer,1036591,True,,1,0
4561702,2024,Frauen-Bundesliga,goal,51,Julia Mickenhagen,1611336,True,,2,1
4561702,2024,Frauen-Bundesliga,goal,50,Sarah Zadrazil,856549,False,,1,1
4561702,2024,Frauen-Bundesliga,goal,66,Georgia Stanway,886706,False,,2,2
4561702,2024,Frauen-Bundesliga,goal,90,Alara Sehitler,1544185,False,,2,3
4561708,2024,Frauen-Bundesliga,goal,21,Laura Vogt,1406574,True,,1,1
4561708,2024,Frauen-Bundesliga,goal,2,Cornelia Kramer,1036591,False,,0,1
4561708,2024,Frauen-Bundesliga,goal,25,Cornelia Kramer,1036591,False,,1,2
4561707,2024,Frauen-Bundesliga,goal,69,Tuana Shahnis Mahmoud,1345225,True,,1,0
4561704,2024,Frauen-Bundesliga,goal,56,Marlene Müller,1546178,True,,1,0
4561704,2024,Frauen-Bundesliga,goal,90,Giovanna Hoffmann,898520,True,,2,1
4561704,2024,Frauen-Bundesliga,goal,90,Giovanna Hoffmann,898520,True,,3,1
4561704,2024,Frauen-Bundesliga,goal,78,Dominika Grabowska,1028805,False,,1,1
4561703,2024,Frauen-Bundesliga,goal,17,Svenja Huth,294952,True,,1,0
4561703,2024,Frauen-Bundesliga,goal,44,Alexandra Popp,271109,True,,2,0
4561703,2024,Frauen-Bundesliga,goal,51,Lineth Beerensteyn,856253,True,,3,0
4561705,2024,Frauen-Bundesliga,goal,34,Pernille Harder,200707,True,,1,0
4561705,2024,Frauen-Bundesliga,goal,68,Nicole Anyomi,889542,False,,1,1
4561710,2024,Frauen-Bundesliga,goal,16,Lisa Karl,896367,True,,1,0
4561710,2024,Frauen-Bundesliga,goal,30,Cora Zicai,1238107,True,,2,0
4561710,2024,Frauen-Bundesliga,goal,50,Alara Sehitler,1544185,False,,2,1
4561710,2024,Frauen-Bundesliga,goal,90,Weronika Zawistowska,1028214,False,,2,2
4561713,2024,Frauen-Bundesliga,goal,40,Alexandra Popp,271109,False,,0,1
4561713,2024,Frauen-Bundesliga,goal,52,Janina Minge,896372,False,,0,2
4561713,2024,Frauen-Bundesliga,goal,70,Joelle Wedemeyer,734709,False,,0,3
4561689,2024,Frauen-Bundesliga,goal,21,Laura Freigang,978295,True,,1,0
4561689,2024,Frauen-Bundesliga,goal,30,Laura Freigang,978295,True,,2,0
4561689,2024,Frauen-Bundesliga,goal,67,Laura Freigang,978295,True,,5,0
4561689,2024,Frauen-Bundesliga,goal,40,Géraldine Reuteler,859021,True,,3,0
4561689,2024,Frauen-Bundesliga,goal,90,Géraldine Reuteler,859021,True,,8,0
4561689,2024,Frauen-Bundesliga,goal,64,Pia-Sophie Wolter,898518,True,,4,0
4561689,2024,Frauen-Bundesliga,goal,69,Sara Doorsoun,859029,True,,6,0
4561689,2024,Frauen-Bundesliga,goal,75,Elisa Senss,1194928,True,,7,0
4561712,2024,Frauen-Bundesliga,goal,4,Kristin Kögel,887416,True,,1,0
4561712,2024,Frauen-Bundesliga,goal,13,Cornelia Kramer,1036591,True,,2,0
4561712,2024,Frauen-Bundesliga,goal,63,Lilla Turanyi,1189131,True,,3,0
4561709,2024,Frauen-Bundesliga,goal,19,Lara Sophie Schmidt,1345233,False,,0,1
4561686,2024,Frauen-Bundesliga,goal,78,Tessa Blumenberg,1464823,True,,1,0
4561683,2024,Frauen-Bundesliga,goal,27,Lena Lattwein,889551,True,,1,0
4561683,2024,Frauen-Bundesliga,goal,33,Lynn Wilms,1091618,True,,2,0
4561683,2024,Frauen-Bundesliga,goal,88,Lineth Beerensteyn,856253,True,,3,1
4561683,2024,Frauen-Bundesliga,goal,70,Lina Vianden,1671142,False,,2,1
4561682,2024,Frauen-Bundesliga,goal,52,Sara Doorsoun,859029,False,,0,1
4561685,2024,Frauen-Bundesliga,goal,19,Glodis Perla Viggosdottir,858999,True,,1,0
4561685,2024,Frauen-Bundesliga,goal,29,Klara Bühl,888165,True,,2,0
4561685,2024,Frauen-Bundesliga,goal,81,Lea Schüller,886678,True,,3,0
4561685,2024,Frauen-Bundesliga,goal,90,Lea Schüller,886678,True,,5,0
4561685,2024,Frauen-Bundesliga,goal,82,Jovana Damnjanovic,887423,True,,4,0
4561684,2024,Frauen-Bundesliga,goal,81,Kristin Kögel,887416,False,,0,1
4561681,2024,Frauen-Bundesliga,goal,90,Vanessa Leimenstoll,1301452,True,,1,4
4561681,2024,Frauen-Bundesliga,goal,12,Michelle Ulbrich,898512,False,,0,1
4561681,2024,Frauen-Bundesliga,goal,54,Lara Sophie Schmidt,1345233,False,,0,2
4561681,2024,Frauen-Bundesliga,goal,82,Emoke Papai,1554607,False,,0,3
4561681,2024,Frauen-Bundesliga,goal,86,Amira Arfaoui,1214663,False,,0,4
4561688,2024,Frauen-Bundesliga,goal,47,Cornelia Kramer,1036591,True,,1,0
4561692,2024,Frauen-Bundesliga,goal,60,Alena Bienz,1402524,False,,0,1
4561680,2024,Frauen-Bundesliga,goal,30,Pernille Harder,200707,False,,0,1
4561680,2024,Frauen-Bundesliga,goal,90,Georgia Stanway,886706,False,,0,2
4561691,2024,Frauen-Bundesliga,goal,19,Shekiera Martinez,1023081,False,,0,1
4561691,2024,Frauen-Bundesliga,goal,29,Shekiera Martinez,1023081,False,,0,2
4561691,2024,Frauen-Bundesliga,goal,52,Greta Stegemann,896366,False,,0,3
4561687,2024,Frauen-Bundesliga,goal,7,Nicole Anyomi,889542,True,,1,0
4561687,2024,Frauen-Bundesliga,goal,63,Tanja Pawollek,881613,True,,2,0
4561687,2024,Frauen-Bundesliga,goal,88,Carlotta Wamser,1195319,True,,3,0
4561690,2024,Frauen-Bundesliga,goal,16,Marta Cazalla,887326,False,,0,1
4561690,2024,Frauen-Bundesliga,goal,42,Marta Cazalla,887326,False,,0,2
4561690,2024,Frauen-Bundesliga,goal,90,Melissa Kössler,898503,False,,0,3
4561695,2024,Frauen-Bundesliga,goal,68,Carlotta Wamser,1195319,False,,0,1
4561695,2024,Frauen-Bundesliga,goal,86,Remina Chiba,1510615,False,,0,2
4561695,2024,Frauen-Bundesliga,goal,89,Laura Freigang,978295,False,,0,3
4561714,2024,Frauen-Bundesliga,goal,17,Sofie Zdebel,1345147,True,,1,0
4561714,2024,Frauen-Bundesliga,goal,90,Delice Boboy,1544148,True,,2,0
4561694,2024,Frauen-Bundesliga,goal,8,Lara Sophie Schmidt,1345233,True,,1,1
4561694,2024,Frauen-Bundesliga,goal,6,Lineth Beerensteyn,856253,False,,0,1
4561694,2024,Frauen-Bundesliga,goal,9,Lineth Beerensteyn,856253,False,,1,2
4561694,2024,Frauen-Bundesliga,goal,55,Jule Brand,1204258,False,,1,3
4561715,2024,Frauen-Bundesliga,goal,29,Carolin Simon,859027,True,,1,0
4561715,2024,Frauen-Bundesliga,goal,51,Carolin Simon,859027,True,,2,0
4561693,2024,Frauen-Bundesliga,goal,21,Selina Cerci,1002647,True,,1,0
4561696,2024,Frauen-Bundesliga,goal,83,Taylor Ziemer,1301822,True,,1,3
4561696,2024,Frauen-Bundesliga,goal,4,Vanessa Fudalla,1095799,False,,0,1
4561696,2024,Frauen-Bundesliga,goal,46,Marleen Schimmer,1359583,False,,0,2
4561696,2024,Frauen-Bundesliga,goal,72,Giovanna Hoffmann,898520,False,,0,3
4561737,2024,Frauen-Bundesliga,goal,24,Sara Doorsoun,859029,True,,1,0
4561737,2024,Frauen-Bundesliga,goal,36,Nicole Anyomi,889542,True,,2,1
4561737,2024,Frauen-Bundesliga,goal,51,Géraldine Reuteler,859021,True,,3,2
4561737,2024,Frauen-Bundesliga,goal,34,Karolina Lea Vilhjálmsdottir,1091704,False,,1,1
4561737,2024,Frauen-Bundesliga,goal,49,Katharina Piljic,1345245,False,,2,2
4561743,2024,Frauen-Bundesliga,goal,42,Bianca Schmidt,182846,True,,1,1
4561743,2024,Frauen-Bundesliga,goal,38,Larissa Michelle Mühlhaus,1638164,False,,0,1
4561743,2024,Frauen-Bundesliga,goal,81,Larissa Michelle Mühlhaus,1638164,False,,1,3
4561743,2024,Frauen-Bundesliga,goal,90,Larissa Michelle Mühlhaus,1638164,False,,1,4
4561743,2024,Frauen-Bundesliga,goal,72,Sophie Weidauer,1093741,False,,1,2
4561735,2024,Frauen-Bundesliga,goal,15,Jill Janssens,1375220,False,,0,1
4561735,2024,Frauen-Bundesliga,goal,56,Jill Janssens,1375220,False,,0,2
4561735,2024,Frauen-Bundesliga,goal,82,Selina Cerci,1002647,False,,0,3
4561738,2024,Frauen-Bundesliga,goal,11,Magdalena Eriksson,773401,False,,0,1
4561739,2024,Frauen-Bundesliga,goal,18,Lineth Beerensteyn,856253,True,,1,0
4561739,2024,Frauen-Bundesliga,goal,20,Svenja Huth,294952,True,,2,0
4561739,2024,Frauen-Bundesliga,goal,66,Janina Minge,896372,True,,3,0
4561742,2024,Frauen-Bundesliga,goal,69,Delice Boboy,1544148,True,,1,1
4561742,2024,Frauen-Bundesliga,goal,53,Beke Sterner,1254192,False,,0,1
4561745,2024,Frauen-Bundesliga,goal,47,Sophie Weidauer,1093741,True,,1,1
4561745,2024,Frauen-Bundesliga,goal,7,Vanessa Fudalla,1095799,False,,0,1
4561745,2024,Frauen-Bundesliga,goal,63,Vanessa Fudalla,1095799,False,,1,3
4561745,2024,Frauen-Bundesliga,goal,56,Emilia Ásgeirsdottir,1358070,False,,1,2
4561745,2024,Frauen-Bundesliga,goal,90,Marleen Schimmer,1359583,False,,1,4
4561744,2024,Frauen-Bundesliga,goal,25,Dominika Grabowska,1028805,True,,1,0
4561744,2024,Frauen-Bundesliga,goal,34,Klara Bühl,888165,False,,1,1
4561744,2024,Frauen-Bundesliga,goal,71,Alara Sehitler,1544185,False,,1,2
4561744,2024,Frauen-Bundesliga,goal,90,Pernille Harder,200707,False,,1,3
4561740,2024,Frauen-Bundesliga,goal,3,Géraldine Reuteler,859021,True,,1,0
4561740,2024,Frauen-Bundesliga,goal,11,Géraldine Reuteler,859021,True,,3,0
4561740,2024,Frauen-Bundesliga,goal,7,Laura Freigang,978295,True,,2,0
4561740,2024,Frauen-Bundesliga,goal,23,Lara Prasnikar,898505,True,,4,0
4561740,2024,Frauen-Bundesliga,goal,73,Lara Prasnikar,898505,True,,5,0
4561740,2024,Frauen-Bundesliga,goal,87,Lara Prasnikar,898505,True,,8,0
4561740,2024,Frauen-Bundesliga,goal,80,Nicole Anyomi,889542,True,,6,0
4561740,2024,Frauen-Bundesliga,goal,83,Remina Chiba,1510615,True,,7,0
4561740,2024,Frauen-Bundesliga,goal,90,Pernille Sanvig,1328793,True,,9,0
4561734,2024,Frauen-Bundesliga,goal,15,Maj Schneider,1644384,False,,0,1
4561734,2024,Frauen-Bundesliga,goal,77,Lisa Karl,896367,False,,0,2
4561748,2024,Frauen-Bundesliga,goal,56,Emilia Ásgeirsdottir,1358070,True,,1,1
4561748,2024,Frauen-Bundesliga,goal,60,Giovanna Hoffmann,898520,True,,2,1
4561748,2024,Frauen-Bundesliga,goal,82,Giovanna Hoffmann,898520,True,,3,1
4561748,2024,Frauen-Bundesliga,goal,90,Vanessa Fudalla,1095799,True,,4,1
4561748,2024,Frauen-Bundesliga,goal,17,Mia Schmid,1671141,False,,0,1
4561749,2024,Frauen-Bundesliga,goal,59,Cora Zicai,1238107,True,,1,0
4561749,2024,Frauen-Bundesliga,goal,75,Maj Schneider,1644384,True,,2,0
4561750,2024,Frauen-Bundesliga,goal,20,Ramona Maier,1406273,True,,1,1
4561750,2024,Frauen-Bundesliga,goal,46,Ramona Maier,1406273,True,,2,1
4561750,2024,Frauen-Bundesliga,goal,77,Maike Berentzen,1191074,True,,3,1
4561750,2024,Frauen-Bundesliga,goal,87,Laureta Elmazi,1236376,True,,4,1
4561750,2024,Frauen-Bundesliga,goal,5,Leonie Kreil,1345221,False,,0,1
4561746,2024,Frauen-Bundesliga,goal,58,Selina Cerci,1002647,True,,1,0
4561747,2024,Frauen-Bundesliga,goal,16,Pernille Harder,200707,True,,1,0
4561751,2024,Frauen-Bundesliga,goal,3,Alexandra Popp,271109,True,,1,0
4561751,2024,Frauen-Bundesliga,goal,8,Lineth Beerensteyn,856253,True,,2,0
4561751,2024,Frauen-Bundesliga,goal,45,Lineth Beerensteyn,856253,True,,5,0
4561751,2024,Frauen-Bundesliga,goal,28,Janina Minge,896372,True,,3,0
4561751,2024,Frauen-Bundesliga,goal,45,Lena Lattwein,889551,True,,4,0
4561751,2024,Frauen-Bundesliga,goal,60,Vivien Endemann,1238256,True,,6,0
4561751,2024,Frauen-Bundesliga,goal,85,Carlotta Wamser,1195319,False,,6,1
4561721,2024,Frauen-Bundesliga,goal,22,Géraldine Reuteler,859021,True,,1,0
4561721,2024,Frauen-Bundesliga,goal,58,Lara Prasnikar,898505,True,,2,1
4561721,2024,Frauen-Bundesliga,goal,24,Lilli Purtscheller,1546108,False,,1,1
4561717,2024,Frauen-Bundesliga,goal,83,Cora Zicai,1238107,False,,0,1
4561720,2024,Frauen-Bundesliga,goal,35,Jule Brand,1204258,False,,0,1
4561720,2024,Frauen-Bundesliga,goal,85,Ella Peddemors,1091627,False,,0,2
4561719,2024,Frauen-Bundesliga,goal,8,Carolin Simon,859027,False,,0,1
4561719,2024,Frauen-Bundesliga,goal,31,Pernille Harder,200707,False,,0,2
4561719,2024,Frauen-Bundesliga,goal,55,Sydney Lohmann,887418,False,,0,3
4561725,2024,Frauen-Bundesliga,goal,54,Cornelia Kramer,1036591,False,,0,1
4561725,2024,Frauen-Bundesliga,goal,73,Lilla Turanyi,1189131,False,,0,2
4561718,2024,Frauen-Bundesliga,goal,78,Marvin Mühlhause,695181,True,,1,0
4561724,2024,Frauen-Bundesliga,goal,13,Pernille Harder,200707,True,,1,0
4561724,2024,Frauen-Bundesliga,goal,47,Pernille Harder,200707,True,,2,0
4561724,2024,Frauen-Bundesliga,goal,69,Lea Schüller,886678,True,,3,0
4561724,2024,Frauen-Bundesliga,goal,75,Lineth Beerensteyn,856253,False,,3,1
4561716,2024,Frauen-Bundesliga,goal,50,Noemi Gentile,896365,True,,1,0
4561716,2024,Frauen-Bundesliga,goal,73,Giovanna Hoffmann,898520,False,,1,1
4561723,2024,Frauen-Bundesliga,goal,11,Lisann Kaut,1345236,True,,1,0
4561723,2024,Frauen-Bundesliga,goal,34,Marta Cazalla,887326,True,,2,1
4561723,2024,Frauen-Bundesliga,goal,37,Selina Cerci,1002647,True,,3,1
4561723,2024,Frauen-Bundesliga,goal,48,Selina Cerci,1002647,True,,4,1
4561723,2024,Frauen-Bundesliga,goal,74,Fabienne Dongus,892682,True,,5,1
4561723,2024,Frauen-Bundesliga,goal,14,Dora Zeller,898137,False,,1,1
4561727,2024,Frauen-Bundesliga,goal,2,Sofija Nesterova,1549754,True,,1,0
4561727,2024,Frauen-Bundesliga,goal,39,Loreen Bender,1544146,True,,2,0
4561727,2024,Frauen-Bundesliga,goal,50,Caroline Kehrer,1553638,True,,3,0
4561727,2024,Frauen-Bundesliga,goal,55,Caroline Kehrer,1553638,True,,4,0
4561727,2024,Frauen-Bundesliga,goal,76,Cornelia Kramer,1036591,True,,5,0
4561727,2024,Frauen-Bundesliga,goal,79,Delice Boboy,1544148,True,,6,0
4561726,2024,Frauen-Bundesliga,goal,43,Natasha Kowalski,1406733,True,,1,1
4561726,2024,Frauen-Bundesliga,goal,81,Natasha Kowalski,1406733,True,,2,1
4561726,2024,Frauen-Bundesliga,goal,5,Irena Kuznetsov,1198551,False,,0,1
4561722,2024,Frauen-Bundesliga,goal,35,Cora Zicai,1238107,True,,1,0
4561722,2024,Frauen-Bundesliga,goal,90,Lisa Karl,896367,True,,2,2
4561722,2024,Frauen-Bundesliga,goal,90,Leela Egli,1412305,True,,3,2
4561722,2024,Frauen-Bundesliga,goal,45,Lara Prasnikar,898505,False,,1,1
4561722,2024,Frauen-Bundesliga,goal,63,Nicole Anyomi,889542,False,,1,2
4561730,2024,Frauen-Bundesliga,goal,56,Melina Reuter,1345205,False,,0,1
4561729,2024,Frauen-Bundesliga,goal,39,Kaylie Joy Ronan,1714403,True,,1,0
4561729,2024,Frauen-Bundesliga,goal,44,Lisanne Gräwe,1178004,False,,1,1
4561729,2024,Frauen-Bundesliga,goal,45,Carlotta Wamser,1195319,False,,1,2
4561729,2024,Frauen-Bundesliga,goal,63,Nicole Anyomi,889542,False,,1,3
4561729,2024,Frauen-Bundesliga,goal,90,Remina Chiba,1510615,False,,1,4
4561728,2024,Frauen-Bundesliga,goal,9,Ereleta Memeti,898507,False,,0,1
4561728,2024,Frauen-Bundesliga,goal,19,Selina Cerci,1002647,False,,0,2
4561728,2024,Frauen-Bundesliga,goal,58,Selina Cerci,1002647,False,,0,4
4561728,2024,Frauen-Bundesliga,goal,32,Jill Janssens,1375220,False,,0,3
4561728,2024,Frauen-Bundesliga,goal,60,Feli Delacauw,1375218,False,,0,5
4561728,2024,Frauen-Bundesliga,goal,82,Feli Delacauw,1375218,False,,0,6
4561728,2024,Frauen-Bundesliga,goal,87,Feli Delacauw,1375218,False,,0,7
4561732,2024,Frauen-Bundesliga,goal,90,Giovanna Hoffmann,898520,True,,1,1
4561732,2024,Frauen-Bundesliga,goal,43,Lisa Karl,896367,False,,0,1
4561733,2024,Frauen-Bundesliga,goal,56,Klara Bühl,888165,True,,1,0
4561733,2024,Frauen-Bundesliga,goal,68,Lea Schüller,886678,True,,2,0
4561731,2024,Frauen-Bundesliga,goal,11,Marina Hegering,881818,True,,1,0
4561731,2024,Frauen-Bundesliga,goal,41,Lineth Beerensteyn,856253,True,,2,1
4561731,2024,Frauen-Bundesliga,goal,56,Lineth Beerensteyn,856253,True,,3,1
4561731,2024,Frauen-Bundesliga,goal,66,Lineth Beerensteyn,856253,True,,4,1
4561731,2024,Frauen-Bundesliga,goal,84,Lineth Beerensteyn,856253,True,,5,1
4561731,2024,Frauen-Bundesliga,goal,27,Lilli Purtscheller,1546108,False,,1,1
4561774,2024,Frauen-Bundesliga,goal,73,Larissa Michelle Mühlhaus,1638164,False,,0,1
4561764,2024,Frauen-Bundesliga,goal,64,Merza Julevic,1095768,True,,1,0
4561772,2024,Frauen-Bundesliga,goal,12,Lea Schüller,886678,False,,0,1
4561772,2024,Frauen-Bundesliga,goal,30,Klara Bühl,888165,False,,0,2
4561772,2024,Frauen-Bundesliga,goal,48,Pernille Harder,200707,False,,0,3
4561775,2024,Frauen-Bundesliga,goal,89,Annabel Schasching,1091590,True,,1,1
4561775,2024,Frauen-Bundesliga,goal,72,Joelle Wedemeyer,734709,False,,0,1
4561773,2024,Frauen-Bundesliga,goal,30,Selina Cerci,1002647,True,,1,0
4561773,2024,Frauen-Bundesliga,goal,32,Melissa Kössler,898503,True,,2,0
4561773,2024,Frauen-Bundesliga,goal,48,Marta Cazalla,887326,True,,3,0
4561773,2024,Frauen-Bundesliga,goal,67,Julia Hickelsberger-Fueller,1091348,True,,4,1
4561773,2024,Frauen-Bundesliga,goal,90,Marie Steiner,1353332,True,,5,2
4561773,2024,Frauen-Bundesliga,goal,59,Giovanna Hoffmann,898520,False,,3,1
4561773,2024,Frauen-Bundesliga,goal,78,Vanessa Fudalla,1095799,False,,4,2
4561771,2024,Frauen-Bundesliga,goal,53,Cornelia Kramer,1036591,True,,1,1
4561771,2024,Frauen-Bundesliga,goal,35,Taylor Ziemer,1301822,False,,0,1
4561770,2024,Frauen-Bundesliga,goal,90,Viktoria Schwalm,898504,True,,1,3
4561770,2024,Frauen-Bundesliga,goal,26,Delice Boboy,1544148,False,,0,1
4561770,2024,Frauen-Bundesliga,goal,61,Cornelia Kramer,1036591,False,,0,2
4561770,2024,Frauen-Bundesliga,goal,89,Karolina Lea Vilhjálmsdottir,1091704,False,,0,3
4561767,2024,Frauen-Bundesliga,goal,13,Julie Terlinden,1671125,False,,0,1
4561767,2024,Frauen-Bundesliga,goal,31,Annalena Rieke,881741,False,,0,2
4561767,2024,Frauen-Bundesliga,goal,69,Ramona Maier,1406273,False,,0,3
4561769,2024,Frauen-Bundesliga,goal,39,Larissa Michelle Mühlhaus,1638164,True,,1,0
4561769,2024,Frauen-Bundesliga,goal,88,Saskia Matheis,896310,True,,2,0
4561769,2024,Frauen-Bundesliga,goal,90,Emoke Papai,1554607,True,,3,0
4561765,2024,Frauen-Bundesliga,goal,20,Lea Schüller,886678,True,,1,0
4561765,2024,Frauen-Bundesliga,goal,67,Pernille Harder,200707,True,,2,1
4561765,2024,Frauen-Bundesliga,goal,79,Glodis Perla Viggosdottir,858999,True,,3,1
4561765,2024,Frauen-Bundesliga,goal,28,Svenja Fölmli,1111503,False,,1,1
4561766,2024,Frauen-Bundesliga,goal,7,Laura Freigang,978295,False,,0,1
4561766,2024,Frauen-Bundesliga,goal,53,Laura Freigang,978295,False,,0,3
4561766,2024,Frauen-Bundesliga,goal,16,Nicole Anyomi,889542,False,,0,2
4561766,2024,Frauen-Bundesliga,goal,90,Elisa Senss,1194928,False,,0,4
4561768,2024,Frauen-Bundesliga,goal,74,Alexandra Popp,271109,True,,1,1
4561768,2024,Frauen-Bundesliga,goal,90,Jule Brand,1204258,True,,2,1
4561768,2024,Frauen-Bundesliga,goal,65,Vanessa Diehm,1301449,False,,0,1
4561760,2024,Frauen-Bundesliga,goal,32,Cornelia Kramer,1036591,True,,1,0
4561762,2024,Frauen-Bundesliga,goal,36,Vivien Endemann,1238256,False,,0,1
4561762,2024,Frauen-Bundesliga,goal,47,Justine Kielland,944746,False,,0,2
4561762,2024,Frauen-Bundesliga,goal,68,Lena Lattwein,889551,False,,0,3
4561762,2024,Frauen-Bundesliga,goal,90,Lynn Wilms,1091618,False,,0,4
4561752,2024,Frauen-Bundesliga,goal,54,Nicole Anyomi,889542,True,,1,0
4561752,2024,Frauen-Bundesliga,goal,57,Nicole Anyomi,889542,True,,2,0
4561752,2024,Frauen-Bundesliga,goal,74,Tanja Pawollek,881613,True,,3,1
4561752,2024,Frauen-Bundesliga,goal,71,Selina Cerci,1002647,False,,2,1
4561763,2024,Frauen-Bundesliga,goal,75,Verena Wieder,887424,True,,1,1
4561763,2024,Frauen-Bundesliga,goal,28,Nicole Billa,856554,False,,0,1
4561763,2024,Frauen-Bundesliga,goal,89,Anna Gerhardt,895789,False,,1,2
4561759,2024,Frauen-Bundesliga,goal,89,Michelle Ulbrich,898512,False,,0,1
4561753,2024,Frauen-Bundesliga,goal,36,Lea Schüller,886678,True,,1,0
4561753,2024,Frauen-Bundesliga,goal,64,Lea Schüller,886678,True,,3,0
4561753,2024,Frauen-Bundesliga,goal,45,Pernille Harder,200707,True,,2,0
4561756,2024,Frauen-Bundesliga,goal,23,Alena Bienz,1402524,True,,1,0
4561756,2024,Frauen-Bundesliga,goal,40,Taylor Ziemer,1301822,True,,2,0
4561756,2024,Frauen-Bundesliga,goal,79,Taylor Ziemer,1301822,True,,4,0
4561756,2024,Frauen-Bundesliga,goal,62,Nicole Billa,856554,True,,3,0
4561758,2024,Frauen-Bundesliga,goal,14,Samantha Steuerwald,1190570,True,,1,1
4561758,2024,Frauen-Bundesliga,goal,40,Cora Zicai,1238107,True,,2,1
4561758,2024,Frauen-Bundesliga,goal,87,Svenja Fölmli,1111503,True,,3,2
4561758,2024,Frauen-Bundesliga,goal,3,Larissa Michelle Mühlhaus,1638164,False,,0,1
4561758,2024,Frauen-Bundesliga,goal,74,Larissa Michelle Mühlhaus,1638164,False,,2,2
4561754,2024,Frauen-Bundesliga,goal,20,Géraldine Reuteler,859021,False,,0,1
4561754,2024,Frauen-Bundesliga,goal,37,Nicole Anyomi,889542,False,,0,2
4561757,2024,Frauen-Bundesliga,goal,7,Selina Cerci,1002647,True,,1,0
4561757,2024,Frauen-Bundesliga,goal,14,Selina Cerci,1002647,True,,2,0
4561757,2024,Frauen-Bundesliga,goal,45,Selina Cerci,1002647,True,,3,0
4561757,2024,Frauen-Bundesliga,goal,78,Ereleta Memeti,898507,True,,4,0
4561755,2024,Frauen-Bundesliga,goal,4,Jule Brand,1204258,True,,1,0
4561755,2024,Frauen-Bundesliga,goal,8,Sveindis Jane Jonsdottir,1187388,True,,2,0
4561755,2024,Frauen-Bundesliga,goal,14,Caitlin Dijkstra,1215012,True,,3,0
4561755,2024,Frauen-Bundesliga,goal,75,Cornelia Kramer,1036591,False,,3,1
4863530,2025,Frauen-Bundesliga,goal,24,Nicole Anyomi,889542,True,,1,0
4863530,2025,Frauen-Bundesliga,goal,34,Géraldine Reuteler,859021,True,,2,0
4863530,2025,Frauen-Bundesliga,goal,69,Géraldine Reuteler,859021,True,,4,0
4863530,2025,Frauen-Bundesliga,goal,45,Amanda Ilestedt,646041,True,,3,0
4863530,2025,Frauen-Bundesliga,goal,81,Remina Chiba,1510615,True,,5,0
4863532,2025,Frauen-Bundesliga,goal,14,Delice Boboy,1544148,False,,0,1
4863532,2025,Frauen-Bundesliga,goal,62,Sandra Starke,896375,False,,0,2
4863527,2025,Frauen-Bundesliga,goal,76,Vanessa Gilles,1236319,True,,1,0
4863527,2025,Frauen-Bundesliga,goal,77,Klara Bühl,888165,True,,2,0
4863529,2025,Frauen-Bundesliga,goal,82,Larissa Michelle Mühlhaus,1638164,True,,1,1
4863529,2025,Frauen-Bundesliga,goal,30,Lisa Karl,896367,False,,0,1
4863533,2025,Frauen-Bundesliga,goal,31,Sophie Hillebrand,1412369,True,,1,2
4863533,2025,Frauen-Bundesliga,goal,82,Melanie Brunnthaler,1091597,True,,2,3
4863533,2025,Frauen-Bundesliga,goal,90,Christin Meyer,1093265,True,,3,3
4863533,2025,Frauen-Bundesliga,goal,26,Lineth Beerensteyn,856253,False,,0,1
4863533,2025,Frauen-Bundesliga,goal,29,Janina Minge,896372,False,,0,2
4863533,2025,Frauen-Bundesliga,goal,52,Alexandra Popp,271109,False,,1,3
4863528,2025,Frauen-Bundesliga,goal,41,Lisa Heiseler,1806033,True,,1,0
4863528,2025,Frauen-Bundesliga,goal,90,Selma Licina,1437280,False,,1,1
4863531,2025,Frauen-Bundesliga,goal,18,Merza Julevic,1095768,True,,1,1
4863531,2025,Frauen-Bundesliga,goal,8,Selina Cerci,1002647,False,,0,1
4863531,2025,Frauen-Bundesliga,goal,68,Selina Cerci,1002647,False,,1,4
4863531,2025,Frauen-Bundesliga,goal,38,Melissa Kössler,898503,False,,1,2
4863531,2025,Frauen-Bundesliga,goal,50,Melissa Kössler,898503,False,,1,3
4863535,2025,Frauen-Bundesliga,goal,70,Svenja Fölmli,1111503,True,,1,0
4863538,2025,Frauen-Bundesliga,goal,90,Nastassja Lein,1546273,True,,1,3
4863538,2025,Frauen-Bundesliga,goal,1,Medina Desic,1187399,False,,0,1
4863538,2025,Frauen-Bundesliga,goal,48,Medina Desic,1187399,False,,0,3
4863538,2025,Frauen-Bundesliga,goal,90,Medina Desic,1187399,False,,1,4
4863538,2025,Frauen-Bundesliga,goal,12,Amira Arfaoui,1214663,False,,0,2
4863536,2025,Frauen-Bundesliga,goal,9,Lena Oberdorf,964595,False,,0,1
4863536,2025,Frauen-Bundesliga,goal,58,Lena Oberdorf,964595,False,,0,2
4863536,2025,Frauen-Bundesliga,goal,90,Vanessa Gilles,1236319,False,,0,3
4863539,2025,Frauen-Bundesliga,goal,42,Janina Minge,896372,True,,1,0
4863539,2025,Frauen-Bundesliga,goal,82,Cora Zicai,1238107,True,,2,1
4863539,2025,Frauen-Bundesliga,goal,87,Lineth Beerensteyn,856253,True,,3,1
4863539,2025,Frauen-Bundesliga,goal,56,Isabella Jaron,1209440,False,,1,1
4863540,2025,Frauen-Bundesliga,goal,49,Selina Cerci,1002647,True,,1,0
4863540,2025,Frauen-Bundesliga,goal,67,Selina Cerci,1002647,True,,2,0
4863540,2025,Frauen-Bundesliga,goal,90,Linda Natter,1806096,True,,3,0
4863537,2025,Frauen-Bundesliga,goal,3,Vanessa Fudalla,1095799,True,,1,0
4863537,2025,Frauen-Bundesliga,goal,6,Valentina Mädl,1412359,True,,2,0
4863537,2025,Frauen-Bundesliga,goal,61,Carlotta Wamser,1195319,True,,3,1
4863537,2025,Frauen-Bundesliga,goal,27,Dina Orschmann,1190322,False,,2,1
4863537,2025,Frauen-Bundesliga,goal,86,Tomke Schneider,1685492,False,,3,2
4863666,2025,Frauen-Bundesliga,goal,23,Lisa Karl,896367,True,,1,0
4863666,2025,Frauen-Bundesliga,goal,45,Tessa Blumenberg,1464823,True,,2,1
4863666,2025,Frauen-Bundesliga,goal,52,Nicole Ojukwu,1671122,True,,3,1
4863666,2025,Frauen-Bundesliga,goal,82,Aurelie Csillag,1554611,True,,4,2
4863666,2025,Frauen-Bundesliga,goal,84,Aurelie Csillag,1554611,True,,5,2
4863666,2025,Frauen-Bundesliga,goal,90,Leela Egli,1412305,True,,6,2
4863666,2025,Frauen-Bundesliga,goal,42,Svea Stoldt,1732698,False,,1,1
4863666,2025,Frauen-Bundesliga,goal,54,Annaleen Boehler,1732707,False,,3,2
4863541,2025,Frauen-Bundesliga,goal,2,Lena Ostermeier,898101,True,,1,0
4863541,2025,Frauen-Bundesliga,goal,39,Sophie Weidauer,1093741,True,,2,0
4863542,2025,Frauen-Bundesliga,goal,3,Larissa Michelle Mühlhaus,1638164,True,,1,0
4863542,2025,Frauen-Bundesliga,goal,90,Emoke Papai,1554607,True,,2,1
4863542,2025,Frauen-Bundesliga,goal,65,Selina Cerci,1002647,False,,1,1
4863546,2025,Frauen-Bundesliga,goal,90,Loreen Bender,1544146,False,,0,1
4863544,2025,Frauen-Bundesliga,goal,38,Carlotta Imping,1544532,True,,1,0
4863544,2025,Frauen-Bundesliga,goal,45,Lineth Beerensteyn,856253,False,,1,1
4863544,2025,Frauen-Bundesliga,goal,90,Camilla Küver,1195311,False,,1,2
4863547,2025,Frauen-Bundesliga,goal,10,Ereleta Memeti,898507,True,,1,0
4863547,2025,Frauen-Bundesliga,goal,38,Rebecka Blomqvist,961625,True,,2,1
4863547,2025,Frauen-Bundesliga,goal,57,Rebecka Blomqvist,961625,True,,4,2
4863547,2025,Frauen-Bundesliga,goal,43,Amanda Ilestedt,646041,True,,3,1
4863547,2025,Frauen-Bundesliga,goal,26,Annabel Schasching,1091590,False,,1,1
4863547,2025,Frauen-Bundesliga,goal,45,Marleen Schimmer,1359583,False,,3,2
4863547,2025,Frauen-Bundesliga,goal,85,Giovanna Hoffmann,898520,False,,4,3
4863549,2025,Frauen-Bundesliga,goal,16,Vanessa Gilles,1236319,True,,1,0
4863549,2025,Frauen-Bundesliga,goal,63,Lena Oberdorf,964595,True,,2,0
4863549,2025,Frauen-Bundesliga,goal,81,Lea Schüller,886678,True,,3,0
4863549,2025,Frauen-Bundesliga,goal,90,Klara Bühl,888165,True,,4,0
4863551,2025,Frauen-Bundesliga,goal,47,Rieke Tietz,1805530,True,,1,1
4863551,2025,Frauen-Bundesliga,goal,29,Katja Orschmann,1806031,False,,0,1
4863551,2025,Frauen-Bundesliga,goal,90,Dina Orschmann,1190322,False,,1,2
4863548,2025,Frauen-Bundesliga,goal,32,Shari Van Belle,1375212,True,,1,2
4863548,2025,Frauen-Bundesliga,goal,11,Sandra Maria Jessen,859003,False,,0,1
4863548,2025,Frauen-Bundesliga,goal,14,Sandra Maria Jessen,859003,False,,0,2
4863550,2025,Frauen-Bundesliga,goal,90,Franziska Harsch,898134,True,,1,1
4863550,2025,Frauen-Bundesliga,goal,86,Sanja Homann,1805595,False,,0,1
4863554,2025,Frauen-Bundesliga,goal,30,Ella Peddemors,1091627,True,,1,0
4863554,2025,Frauen-Bundesliga,goal,52,Janou Levels,1214637,True,,2,0
4863554,2025,Frauen-Bundesliga,goal,84,Svenja Huth,294952,True,,3,1
4863554,2025,Frauen-Bundesliga,goal,89,Alexandra Popp,271109,True,,4,1
4863554,2025,Frauen-Bundesliga,goal,81,Larissa Michelle Mühlhaus,1638164,False,,2,1
4863554,2025,Frauen-Bundesliga,goal,90,Emoke Papai,1554607,False,,4,2
4863553,2025,Frauen-Bundesliga,goal,7,Vanessa Fudalla,1095799,True,,1,0
4863553,2025,Frauen-Bundesliga,goal,27,Vanessa Fudalla,1095799,True,,2,0
4863553,2025,Frauen-Bundesliga,goal,42,Rebecka Blomqvist,961625,False,,2,1
4863552,2025,Frauen-Bundesliga,goal,77,Lotta Wrede,1805577,False,,0,1
4863590,2025,Frauen-Bundesliga,goal,55,Elisa Senss,1194928,True,,1,0
4863590,2025,Frauen-Bundesliga,goal,81,Elisa Senss,1194928,True,,3,1
4863590,2025,Frauen-Bundesliga,goal,75,Amanda Ilestedt,646041,True,,2,1
4863590,2025,Frauen-Bundesliga,goal,68,Isabella Jaron,1209440,False,,1,1
4863593,2025,Frauen-Bundesliga,goal,4,Ella Peddemors,1091627,False,,0,1
4863593,2025,Frauen-Bundesliga,goal,13,Kessya Bussy,1192872,False,,0,2
4863593,2025,Frauen-Bundesliga,goal,53,Kessya Bussy,1192872,False,,0,4
4863593,2025,Frauen-Bundesliga,goal,50,Janina Minge,896372,False,,0,3
4863593,2025,Frauen-Bundesliga,goal,72,Vivien Endemann,1238256,False,,0,5
4863593,2025,Frauen-Bundesliga,goal,73,Vivien Endemann,1238256,False,,0,6
4863593,2025,Frauen-Bundesliga,goal,78,Lineth Beerensteyn,856253,False,,0,7
4863593,2025,Frauen-Bundesliga,goal,86,Cora Zicai,1238107,False,,0,8
4863589,2025,Frauen-Bundesliga,goal,30,Arianna Caruso,1091635,True,,1,0
4863589,2025,Frauen-Bundesliga,goal,34,Momoko Tanikawa,1604389,True,,2,0
4863589,2025,Frauen-Bundesliga,goal,64,Linda Dallmann,859028,True,,3,0
4863589,2025,Frauen-Bundesliga,goal,79,Lea Schüller,886678,True,,4,0
4863594,2025,Frauen-Bundesliga,goal,16,Maj Schneider,1644384,False,,0,1
4863594,2025,Frauen-Bundesliga,goal,43,Luca Emily Birkholz,1345194,False,,0,2
4863594,2025,Frauen-Bundesliga,goal,89,Alena Bienz,1402524,False,,0,3
4863588,2025,Frauen-Bundesliga,goal,54,Nastassja Lein,1546273,True,,1,1
4863588,2025,Frauen-Bundesliga,goal,18,Nikoline Dudek,1328520,False,,0,1
4863592,2025,Frauen-Bundesliga,goal,2,Sandra Maria Jessen,859003,True,,1,0
4863591,2025,Frauen-Bundesliga,goal,86,Melanie Brunnthaler,1091597,True,,1,3
4863591,2025,Frauen-Bundesliga,goal,19,Melissa Kössler,898503,False,,0,1
4863591,2025,Frauen-Bundesliga,goal,90,Melissa Kössler,898503,False,,1,4
4863591,2025,Frauen-Bundesliga,goal,27,Valesca Ampoorter,1556343,False,,0,2
4863591,2025,Frauen-Bundesliga,goal,58,Jamilla Sofia Rankin,1231068,False,,0,3
5006346,2025,Frauen-Bundesliga,goal,48,Laura Feiersinger,856553,True,,1,0
5006346,2025,Frauen-Bundesliga,goal,72,Caroline Kehrer,1553638,True,,2,0
5006346,2025,Frauen-Bundesliga,goal,76,Vanessa Fudalla,1095799,False,,2,1
5006346,2025,Frauen-Bundesliga,goal,88,Katharina Piljic,1345245,False,,2,2
4863599,2025,Frauen-Bundesliga,goal,4,Giovanna Hoffmann,898520,True,,1,0
4863599,2025,Frauen-Bundesliga,goal,39,Julia Landenberger,1302366,True,,2,0
4863599,2025,Frauen-Bundesliga,goal,53,Paulina Platner,1671124,False,,2,1
4863601,2025,Frauen-Bundesliga,goal,48,Arianna Caruso,1091635,True,,1,1
4863601,2025,Frauen-Bundesliga,goal,27,Klara Bühl,888165,False,,0,1
4863601,2025,Frauen-Bundesliga,goal,57,Momoko Tanikawa,1604389,False,,1,2
4863601,2025,Frauen-Bundesliga,goal,90,Alara Sehitler,1544185,False,,1,3
4863600,2025,Frauen-Bundesliga,goal,6,Larissa Michelle Mühlhaus,1638164,True,,1,0
4863600,2025,Frauen-Bundesliga,goal,57,Larissa Michelle Mühlhaus,1638164,True,,2,0
4863595,2025,Frauen-Bundesliga,goal,60,Luca Emily Birkholz,1345194,True,,1,1
4863595,2025,Frauen-Bundesliga,goal,78,Selina Vobian,1402531,True,,2,2
4863595,2025,Frauen-Bundesliga,goal,87,Selina Vobian,1402531,True,,3,2
4863595,2025,Frauen-Bundesliga,goal,20,Nicole Anyomi,889542,False,,0,1
4863595,2025,Frauen-Bundesliga,goal,70,Ereleta Memeti,898507,False,,1,2
4863596,2025,Frauen-Bundesliga,goal,75,Loreen Bender,1544146,False,,0,1
4863596,2025,Frauen-Bundesliga,goal,82,Vanessa Fudalla,1095799,False,,0,2
4863598,2025,Frauen-Bundesliga,goal,28,Laura Vogt,1406574,True,,1,1
4863598,2025,Frauen-Bundesliga,goal,34,Sandra Maria Jessen,859003,True,,2,1
4863598,2025,Frauen-Bundesliga,goal,7,Sophie Weidauer,1093741,False,,0,1
4863597,2025,Frauen-Bundesliga,goal,45,Laura Miller,1569906,True,,1,1
4863597,2025,Frauen-Bundesliga,goal,79,Isabella Jaron,1209440,True,,2,3
4863597,2025,Frauen-Bundesliga,goal,26,Oliwia Wos,1407563,False,,0,1
4863597,2025,Frauen-Bundesliga,goal,60,Nastassja Lein,1546273,False,,1,2
4863597,2025,Frauen-Bundesliga,goal,71,Sanja Homann,1805595,False,,1,3
4863607,2025,Frauen-Bundesliga,goal,5,Selina Cerci,1002647,False,,0,1
4863602,2025,Frauen-Bundesliga,goal,14,Luisa Guttenberger,1546223,True,,1,0
4863602,2025,Frauen-Bundesliga,goal,40,Aneta Polaskova,1541838,True,,2,0
4863602,2025,Frauen-Bundesliga,goal,56,Meret Felde,887454,True,,3,1
4863602,2025,Frauen-Bundesliga,goal,52,Oliwia Wos,1407563,False,,2,1
4863602,2025,Frauen-Bundesliga,goal,90,Leela Egli,1412305,False,,3,2
4863606,2025,Frauen-Bundesliga,goal,79,Victoria Schulz,1638292,True,,1,0
4863606,2025,Frauen-Bundesliga,goal,89,Rieke Tietz,1805530,False,,1,1
4863608,2025,Frauen-Bundesliga,goal,13,Lisa Heiseler,1806033,True,,1,0
4863608,2025,Frauen-Bundesliga,goal,45,Lisa Heiseler,1806033,True,,2,0
4863608,2025,Frauen-Bundesliga,goal,65,Eileen Campbell,1549669,True,,3,0
4863608,2025,Frauen-Bundesliga,goal,68,Sophie Weidauer,1093741,True,,4,0
4863608,2025,Frauen-Bundesliga,goal,90,Ida Heikkinen,1637769,True,,5,0
4863605,2025,Frauen-Bundesliga,goal,34,Rebecka Blomqvist,961625,True,,1,0
4863605,2025,Frauen-Bundesliga,goal,40,Nicole Anyomi,889542,True,,2,0
4863604,2025,Frauen-Bundesliga,goal,45,Momoko Tanikawa,1604389,True,,1,1
4863604,2025,Frauen-Bundesliga,goal,53,Magdalena Eriksson,773401,True,,2,1
4863604,2025,Frauen-Bundesliga,goal,60,Georgia Stanway,886706,True,,3,1
4863604,2025,Frauen-Bundesliga,goal,71,Stine Ballisager Pedersen,289679,True,,4,1
4863604,2025,Frauen-Bundesliga,goal,84,Pernille Harder,200707,True,,5,1
4863604,2025,Frauen-Bundesliga,goal,5,Sandra Maria Jessen,859003,False,,0,1
4863603,2025,Frauen-Bundesliga,goal,47,Claudia Wenger,1412352,True,,1,2
4863603,2025,Frauen-Bundesliga,goal,23,Alexandra Popp,271109,False,,0,1
4863603,2025,Frauen-Bundesliga,goal,42,Alexandra Popp,271109,False,,0,2
4863603,2025,Frauen-Bundesliga,goal,48,Lineth Beerensteyn,856253,False,,1,3
4863603,2025,Frauen-Bundesliga,goal,72,Claudia Wenger,1412352,False,,1,4
4863603,2025,Frauen-Bundesliga,goal,88,Guro Bergsvand,534780,False,,1,5
4863613,2025,Frauen-Bundesliga,goal,24,Pauline Bremer,646017,True,,1,0
4863613,2025,Frauen-Bundesliga,goal,40,Martyna Wiankowska,1028799,True,,2,0
4863613,2025,Frauen-Bundesliga,goal,45,Sara Agrez,908773,True,,3,0
4863614,2025,Frauen-Bundesliga,goal,1,Maja Sternad,1335079,True,,1,0
4863614,2025,Frauen-Bundesliga,goal,49,Maja Sternad,1335079,True,,2,0
4863614,2025,Frauen-Bundesliga,goal,80,Larissa Michelle Mühlhaus,1638164,True,,3,0
4863609,2025,Frauen-Bundesliga,goal,16,Lea Schüller,886678,True,,1,1
4863609,2025,Frauen-Bundesliga,goal,45,Lea Schüller,886678,True,,3,1
4863609,2025,Frauen-Bundesliga,goal,21,Pernille Harder,200707,True,,2,1
4863609,2025,Frauen-Bundesliga,goal,88,Linda Dallmann,859028,True,,4,1
4863609,2025,Frauen-Bundesliga,goal,2,Ramona Maier,1406273,False,,0,1
4863615,2025,Frauen-Bundesliga,goal,72,Lineth Beerensteyn,856253,True,,1,0
4863615,2025,Frauen-Bundesliga,goal,90,Smilla Vallotto,1261770,True,,2,1
4863615,2025,Frauen-Bundesliga,goal,81,Valesca Ampoorter,1556343,False,,1,1
4863612,2025,Frauen-Bundesliga,goal,41,Emily Reske,1671108,True,,1,2
4863612,2025,Frauen-Bundesliga,goal,90,Noemi Gentile,896365,True,,2,4
4863612,2025,Frauen-Bundesliga,goal,6,Valentina Mädl,1412359,False,,0,1
4863612,2025,Frauen-Bundesliga,goal,51,Valentina Mädl,1412359,False,,1,3
4863612,2025,Frauen-Bundesliga,goal,19,Caroline Kehrer,1553638,False,,0,2
4863612,2025,Frauen-Bundesliga,goal,57,Vanessa Fudalla,1095799,False,,1,4
4863611,2025,Frauen-Bundesliga,goal,22,Amanda Ilestedt,646041,False,,0,1
4863611,2025,Frauen-Bundesliga,goal,55,Elisa Senss,1194928,False,,0,2
4863611,2025,Frauen-Bundesliga,goal,69,Laura Freigang,978295,False,,0,3
4863611,2025,Frauen-Bundesliga,goal,83,Lisanne Gräwe,1178004,False,,0,4
4863610,2025,Frauen-Bundesliga,goal,77,Svenja Fölmli,1111503,True,,1,3
4863610,2025,Frauen-Bundesliga,goal,88,Luca Emily Birkholz,1345194,True,,2,4
4863610,2025,Frauen-Bundesliga,goal,11,Emilia Ásgeirsdottir,1358070,False,,0,1
4863610,2025,Frauen-Bundesliga,goal,32,Marlene Müller,1546178,False,,0,2
4863610,2025,Frauen-Bundesliga,goal,73,Annabel Schasching,1091590,False,,0,3
4863610,2025,Frauen-Bundesliga,goal,85,Lisa Baum,1638167,False,,1,4
4863616,2025,Frauen-Bundesliga,goal,9,Linda Dallmann,859028,False,,0,1
4863616,2025,Frauen-Bundesliga,goal,15,Pernille Harder,200707,False,,0,2
4863616,2025,Frauen-Bundesliga,goal,41,Pernille Harder,200707,False,,0,3
4863616,2025,Frauen-Bundesliga,goal,61,Klara Bühl,888165,False,,0,4
4863616,2025,Frauen-Bundesliga,goal,70,Natalia Padilla,1301790,False,,0,5
4863616,2025,Frauen-Bundesliga,goal,90,Beatrix Fordos,1290591,False,,0,6
4863622,2025,Frauen-Bundesliga,goal,22,Antonia-Johanna Halverkamps,1037032,True,,1,0
4863622,2025,Frauen-Bundesliga,goal,57,Lena Lattwein,889551,False,,1,1
4863622,2025,Frauen-Bundesliga,goal,71,Alexandra Popp,271109,False,,1,2
4863622,2025,Frauen-Bundesliga,goal,80,Smilla Vallotto,1261770,False,,1,3
4863622,2025,Frauen-Bundesliga,goal,90,Ella Peddemors,1091627,False,,1,4
4863617,2025,Frauen-Bundesliga,goal,14,Kristin Kögel,887416,True,,1,0
4863617,2025,Frauen-Bundesliga,goal,90,Caroline Kehrer,1553638,True,,2,1
4863617,2025,Frauen-Bundesliga,goal,70,Sophie Hillebrand,1412369,False,,1,1
4863618,2025,Frauen-Bundesliga,goal,90,Nicole Anyomi,889542,True,,1,1
4863618,2025,Frauen-Bundesliga,goal,26,Sandra Maria Jessen,859003,False,,0,1
4863621,2025,Frauen-Bundesliga,goal,64,Vanessa Fürst,895812,True,,1,3
4863621,2025,Frauen-Bundesliga,goal,86,Mariella El Sherif,1376150,True,,2,3
4863621,2025,Frauen-Bundesliga,goal,15,Maja Sternad,1335079,False,,0,1
4863621,2025,Frauen-Bundesliga,goal,21,Medina Desic,1187399,False,,0,2
4863621,2025,Frauen-Bundesliga,goal,51,Emoke Papai,1554607,False,,0,3
4863620,2025,Frauen-Bundesliga,goal,20,Emilia Ásgeirsdottir,1358070,True,,1,0
4863620,2025,Frauen-Bundesliga,goal,76,Annabel Schasching,1091590,True,,2,0
4863619,2025,Frauen-Bundesliga,goal,1,Laura Benkarth,646024,True,,1,0
4863619,2025,Frauen-Bundesliga,goal,70,Marie Steiner,1353332,True,,2,1
4863619,2025,Frauen-Bundesliga,goal,66,Luca Emily Birkholz,1345194,False,,1,1
4863623,2025,Frauen-Bundesliga,goal,9,Linda Dallmann,859028,True,,1,0
4863623,2025,Frauen-Bundesliga,goal,19,Pernille Harder,200707,True,,2,0
4863623,2025,Frauen-Bundesliga,goal,25,Giulia Gwinn,888650,True,,3,0
4863623,2025,Frauen-Bundesliga,goal,48,Tomke Schneider,1685492,True,,4,0
4863629,2025,Frauen-Bundesliga,goal,8,Kessya Bussy,1192872,True,,1,0
4863629,2025,Frauen-Bundesliga,goal,90,Alexandra Popp,271109,True,,2,3
4863629,2025,Frauen-Bundesliga,goal,27,Nicole Anyomi,889542,False,,1,1
4863629,2025,Frauen-Bundesliga,goal,30,Laura Freigang,978295,False,,1,2
4863629,2025,Frauen-Bundesliga,goal,85,Rebecka Blomqvist,961625,False,,1,3
4863626,2025,Frauen-Bundesliga,goal,23,Lisa Gora,1345055,True,,1,0
4863626,2025,Frauen-Bundesliga,goal,43,Natasha Kowalski,1406733,False,,1,1
4863625,2025,Frauen-Bundesliga,goal,27,Melanie Brunnthaler,1091597,True,,1,0
4863625,2025,Frauen-Bundesliga,goal,57,Klara Svensson Senelius,1397300,False,,1,1
4863625,2025,Frauen-Bundesliga,goal,71,Nastassja Lein,1546273,False,,1,2
4863627,2025,Frauen-Bundesliga,goal,80,Pauline Bremer,646017,True,,1,0
4863628,2025,Frauen-Bundesliga,goal,39,Michelle Ulbrich,898512,True,,1,0
4863628,2025,Frauen-Bundesliga,goal,81,Emoke Papai,1554607,True,,2,1
4863628,2025,Frauen-Bundesliga,goal,71,Marlene Müller,1546178,False,,1,1
4863624,2025,Frauen-Bundesliga,goal,69,Tessa Blumenberg,1464823,True,,1,1
4863624,2025,Frauen-Bundesliga,goal,87,Tessa Blumenberg,1464823,True,,2,1
4863624,2025,Frauen-Bundesliga,goal,65,Vanessa Fudalla,1095799,False,,0,1
