"Season","Squad","Comp","Player","Nation","Pos","Age","Mins_Per_90","Touches_Touches","Def Pen_Touches","Def 3rd_Touches","Mid 3rd_Touches","Att 3rd_Touches","Att Pen_Touches","Live_Touches","Att_Take_Ons","Succ_Take_Ons","Succ_percent_Take_Ons","Tkld_Take_Ons","Tkld_percent_Take_Ons","Carries_Carries","TotDist_Carries","PrgDist_Carries","PrgC_Carries","Final_Third_Carries","CPA_Carries","Mis_Carries","Dis_Carries","Rec_Receiving","PrgR_Receiving","PlayerURL","LeagueName","LeagueURL","StatType"
"2025-2026","Bayern Munich","Frauen-Bundesliga","Klara Bühl","GER","FW","24-311",5.5,377,4,26,97,259,45,377,29,10,34.5,18,62.1,205,1664,778,31,15,19,11,7,277,99,"https://fbref.com/en/players/4d0c6dc5/Klara-Buhl","Frauen Bundesliga","https://fbref.com/en/comps/183/Frauen-Bundesliga-Stats","possession"
"2025-2026","Bayern Munich","Frauen-Bundesliga","Georgia Stanway","ENG","MF","26-284",5.2,429,7,64,255,110,11,429,6,1,16.7,5,83.3,167,832,320,4,2,1,5,6,331,19,"https://fbref.com/en/players/89c43b54/Georgia-Stanway","Frauen Bundesliga","https://fbref.com/en/comps/183/Frauen-Bundesliga-Stats","possession"
"2025-2026","Bayern Munich","Frauen-Bundesliga","Ena Mahmutovic","GER","GK","21-295",5,200,158,198,1,1,1,200,0,0,NA,0,NA,112,481,258,0,0,0,0,0,132,0,"https://fbref.com/en/players/a184766b/Ena-Mahmutovic","Frauen Bundesliga","https://fbref.com/en/comps/183/Frauen-Bundesliga-Stats","possession"
"2025-2026","Bayern Munich","Frauen-Bundesliga","Franziska Kett","GER","DF","20-355",4.6,311,7,68,155,89,9,311,11,7,63.6,4,36.4,138,941,424,12,9,5,11,3,193,28,"https://fbref.com/en/players/72d8e7b3/Franziska-Kett","Frauen Bundesliga","https://fbref.com/en/comps/183/Frauen-Bundesliga-Stats","possession"
"2025-2026","Bayern Munich","Frauen-Bundesliga","Momoko Tanikawa","JPN","MF,FW","20-160",4.4,213,2,14,91,111,26,213,12,5,41.7,6,50,95,451,147,3,5,2,10,8,166,27,"https://fbref.com/en/players/2a013ecf/Momoko-Tanikawa","Frauen Bundesliga","https://fbref.com/en/comps/183/Frauen-Bundesliga-Stats","possession"
"2025-2026","Bayern Munich","Frauen-Bundesliga","Pernille Harder","DEN","FW,MF","32-333",4.1,144,2,5,45,94,33,144,12,1,8.3,11,91.7,68,401,168,10,8,4,6,3,100,31,"https://fbref.com/en/players/363b99a4/Pernille-Harder","Frauen Bundesliga","https://fbref.com/en/comps/183/Frauen-Bundesliga-Stats","possession"
"2025-2026","Bayern Munich","Frauen-Bundesliga","Carolin Simon","GER","DF","32-324",3.4,357,5,49,178,134,8,357,4,2,50,2,50,142,581,255,5,3,1,5,0,230,34,"https://fbref.com/en/players/aaf0780f/Carolin-Simon","Frauen Bundesliga","https://fbref.com/en/comps/183/Frauen-Bundesliga-Stats","possession"
"2025-2026","Bayern Munich","Frauen-Bundesliga","Vanessa Gilles","CAN","DF","29-217",3.5,403,17,169,220,15,9,403,0,0,NA,0,NA,187,882,487,2,0,0,4,0,304,4,"https://fbref.com/en/players/a179cd70/Vanessa-Gilles","Frauen Bundesliga","https://fbref.com/en/comps/183/Frauen-Bundesliga-Stats","possession"
"2025-2026","Bayern Munich","Frauen-Bundesliga","Glódís Perla Viggósdóttir","ISL","DF","30-109",2.9,237,23,122,103,12,4,237,0,0,NA,0,NA,80,411,233,0,0,0,0,0,176,0,"https://fbref.com/en/players/ab0e7355/Glodis-Perla-Viggosdottir","Frauen Bundesliga","https://fbref.com/en/comps/183/Frauen-Bundesliga-Stats","possession"
"2025-2026","Bayern Munich","Frauen-Bundesliga","Stine Ballisager Pedersen","DEN","DF","31-284",2.8,271,25,112,153,7,1,271,1,0,0,1,100,143,642,274,0,0,0,0,0,211,1,"https://fbref.com/en/players/41880331/Stine-Ballisager-Pedersen","Frauen Bundesliga","https://fbref.com/en/comps/183/Frauen-Bundesliga-Stats","possession"
"2025-2026","Bayern Munich","Frauen-Bundesliga","Arianna Caruso","ITA","MF,FW","25-342",2.8,161,7,28,72,61,8,161,10,3,30,7,70,71,465,159,1,3,1,2,4,118,13,"https://fbref.com/en/players/d83b882b/Arianna-Caruso","Frauen Bundesliga","https://fbref.com/en/comps/183/Frauen-Bundesliga-Stats","possession"
"2025-2026","Bayern Munich","Frauen-Bundesliga","Linda Dallmann","GER","FW,MF","31-042",2.8,116,0,12,64,40,8,116,7,1,14.3,6,85.7,51,324,106,2,1,0,5,4,87,19,"https://fbref.com/en/players/5a20e7f0/Linda-Dallmann","Frauen Bundesliga","https://fbref.com/en/comps/183/Frauen-Bundesliga-Stats","possession"
"2025-2026","Bayern Munich","Frauen-Bundesliga","Jovana Damnjanović","SRB","FW","30-324",2.6,139,4,11,66,64,12,139,9,4,44.4,5,55.6,85,506,195,4,3,4,15,3,112,23,"https://fbref.com/en/players/74a216cf/Jovana-Damnjanovic","Frauen Bundesliga","https://fbref.com/en/comps/183/Frauen-Bundesliga-Stats","possession"
"2025-2026","Bayern Munich","Frauen-Bundesliga","Sarah Zadrazil","AUT","MF","32-237",2.4,178,3,22,124,34,1,178,2,2,100,0,0,69,402,133,2,5,0,0,2,119,8,"https://fbref.com/en/players/45ffafbf/Sarah-Zadrazil","Frauen Bundesliga","https://fbref.com/en/comps/183/Frauen-Bundesliga-Stats","possession"
"2025-2026","Bayern Munich","Frauen-Bundesliga","Lena Oberdorf","GER","MF","23-299",2.4,176,1,17,89,70,10,176,6,2,33.3,4,66.7,73,333,117,0,8,0,5,0,129,11,"https://fbref.com/en/players/74a0529b/Lena-Oberdorf","Frauen Bundesliga","https://fbref.com/en/comps/183/Frauen-Bundesliga-Stats","possession"
"2025-2026","Bayern Munich","Frauen-Bundesliga","Lea Schüller","GER","FW,MF","27-336",2.3,74,0,1,24,50,16,74,7,1,14.3,6,85.7,29,143,64,1,2,1,4,4,54,18,"https://fbref.com/en/players/4528b262/Lea-Schuller","Frauen Bundesliga","https://fbref.com/en/comps/183/Frauen-Bundesliga-Stats","possession"
"2025-2026","Bayern Munich","Frauen-Bundesliga","Tuva Hansen","NOR","DF","28-071",2.1,146,6,47,84,17,2,146,0,0,NA,0,NA,60,335,178,3,2,1,1,0,112,6,"https://fbref.com/en/players/3ec11922/Tuva-Hansen","Frauen Bundesliga","https://fbref.com/en/comps/183/Frauen-Bundesliga-Stats","possession"
"2025-2026","Bayern Munich","Frauen-Bundesliga","Magdalena Eriksson","SWE","DF","32-036",2,185,33,109,74,2,1,185,0,0,NA,0,NA,56,252,130,0,0,0,1,0,128,0,"https://fbref.com/en/players/bb454bb1/Magdalena-Eriksson","Frauen Bundesliga","https://fbref.com/en/comps/183/Frauen-Bundesliga-Stats","possession"
"2025-2026","Bayern Munich","Frauen-Bundesliga","Alara Sehitler","GER","MF,FW","18-321",1.5,71,2,9,24,38,8,71,7,3,42.9,4,57.1,30,218,99,5,1,3,4,1,48,4,"https://fbref.com/en/players/70c9b883/Alara-Sehitler","Frauen Bundesliga","https://fbref.com/en/comps/183/Frauen-Bundesliga-Stats","possession"
"2025-2026","Bayern Munich","Frauen-Bundesliga","Giulia Gwinn","GER","DF","26-104",1.5,122,3,48,42,33,3,122,3,2,66.7,1,33.3,47,314,140,3,1,0,2,1,72,12,"https://fbref.com/en/players/36cccedb/Giulia-Gwinn","Frauen Bundesliga","https://fbref.com/en/comps/183/Frauen-Bundesliga-Stats","possession"
"2025-2026","Bayern Munich","Frauen-Bundesliga","Katharina Naschenweng","AUT","DF","27-302",1.2,102,0,13,59,32,2,102,1,0,0,1,100,43,271,86,2,3,1,1,0,69,14,"https://fbref.com/en/players/ea029c1b/Katharina-Naschenweng","Frauen Bundesliga","https://fbref.com/en/comps/183/Frauen-Bundesliga-Stats","possession"
"2025-2026","Bayern Munich","Frauen-Bundesliga","Maria-Luisa Grohs","GER","GK","24-123",1,33,20,30,3,0,0,33,1,0,0,1,100,16,87,19,0,0,0,0,0,20,0,"https://fbref.com/en/players/3668e21b/Maria-Luisa-Grohs","Frauen Bundesliga","https://fbref.com/en/comps/183/Frauen-Bundesliga-Stats","possession"
"2025-2026","Wolfsburg","Frauen-Bundesliga","Stina Johannes","GER","GK","25-264",6,196,164,191,4,1,1,196,0,0,NA,0,NA,84,366,198,0,0,0,0,0,107,0,"https://fbref.com/en/players/d8f1def3/Stina-Johannes","Frauen Bundesliga","https://fbref.com/en/comps/183/Frauen-Bundesliga-Stats","possession"
"2025-2026","Wolfsburg","Frauen-Bundesliga","Janina Minge","GER","MF","26-125",6,417,11,91,252,77,11,416,5,4,80,1,20,131,714,307,3,5,0,1,7,278,12,"https://fbref.com/en/players/7c63ff02/Janina-Minge","Frauen Bundesliga","https://fbref.com/en/comps/183/Frauen-Bundesliga-Stats","possession"
"2025-2026","Wolfsburg","Frauen-Bundesliga","Alexandra Popp","GER","MF,FW","34-191",5.6,249,8,26,114,112,30,249,4,4,100,0,0,89,399,114,2,3,0,11,5,187,28,"https://fbref.com/en/players/655e7bd0/Alexandra-Popp","Frauen Bundesliga","https://fbref.com/en/comps/183/Frauen-Bundesliga-Stats","possession"
"2025-2026","Wolfsburg","Frauen-Bundesliga","Janou Levels","NED","DF","24-349",5.5,429,12,123,158,150,17,429,9,6,66.7,3,33.3,158,951,476,20,12,5,11,5,212,40,"https://fbref.com/en/players/063d4d11/Janou-Levels","Frauen Bundesliga","https://fbref.com/en/comps/183/Frauen-Bundesliga-Stats","possession"
"2025-2026","Wolfsburg","Frauen-Bundesliga","Joelle Wedemeyer","GER","DF","29-063",4.8,414,20,133,199,86,8,414,4,2,50,2,50,160,887,387,6,4,2,4,6,261,17,"https://fbref.com/en/players/2e03aaa7/Joelle-Wedemeyer","Frauen Bundesliga","https://fbref.com/en/comps/183/Frauen-Bundesliga-Stats","possession"
"2025-2026","Wolfsburg","Frauen-Bundesliga","Camilla Küver","GER","DF","22-126",5,428,33,198,207,28,7,428,2,1,50,1,50,204,1139,599,4,1,0,5,1,295,5,"https://fbref.com/en/players/63b899d4/Camilla-Kuver","Frauen Bundesliga","https://fbref.com/en/comps/183/Frauen-Bundesliga-Stats","possession"
"2025-2026","Wolfsburg","Frauen-Bundesliga","Svenja Huth","GER","FW,MF","34-262",5,246,1,30,90,126,14,246,5,3,60,2,40,113,647,252,12,5,3,7,2,168,45,"https://fbref.com/en/players/8b5f141c/Svenja-Huth","Frauen Bundesliga","https://fbref.com/en/comps/183/Frauen-Bundesliga-Stats","possession"
"2025-2026","Wolfsburg","Frauen-Bundesliga","Caitlin Dijkstra","NED","DF","26-257",4.8,414,33,174,217,24,3,414,1,0,0,1,100,184,1144,608,2,1,0,4,0,301,6,"https://fbref.com/en/players/29429b4b/Caitlin-Dijkstra","Frauen Bundesliga","https://fbref.com/en/comps/183/Frauen-Bundesliga-Stats","possession"
"2025-2026","Wolfsburg","Frauen-Bundesliga","Cora Zical","GER","FW","20-319",4.2,226,0,16,76,137,22,226,35,14,40,21,60,122,851,383,14,9,4,12,8,164,60,"https://fbref.com/en/players/7b88d1f0/Cora-Zical","Frauen Bundesliga","https://fbref.com/en/comps/183/Frauen-Bundesliga-Stats","possession"
"2025-2026","Wolfsburg","Frauen-Bundesliga","Ella Inez Peddemors","NED","MF,DF","23-069",4.4,183,6,26,102,55,8,183,7,3,42.9,4,57.1,65,329,168,3,2,1,9,2,127,16,"https://fbref.com/en/players/fc47f599/Ella-Inez-Peddemors","Frauen Bundesliga","https://fbref.com/en/comps/183/Frauen-Bundesliga-Stats","possession"
"2025-2026","Wolfsburg","Frauen-Bundesliga","Justine Kielland","NOR","MF,FW","22-326",3.5,251,3,43,145,66,10,251,4,2,50,2,50,97,484,177,4,2,1,5,1,178,8,"https://fbref.com/en/players/b7fb0749/Justine-Kielland","Frauen Bundesliga","https://fbref.com/en/comps/183/Frauen-Bundesliga-Stats","possession"
"2025-2026","Wolfsburg","Frauen-Bundesliga","Lineth Beerensteyn","NED","FW","29-003",3,63,0,2,17,44,20,62,7,4,57.1,3,42.9,33,220,92,3,2,4,7,3,47,13,"https://fbref.com/en/players/40ecae9f/Lineth-Beerensteyn","Frauen Bundesliga","https://fbref.com/en/comps/183/Frauen-Bundesliga-Stats","possession"
"2025-2026","Wolfsburg","Frauen-Bundesliga","Vivien Endemann","GER","FW","24-068",2.8,123,0,4,38,83,19,123,8,0,0,8,100,60,345,169,7,2,5,7,2,91,49,"https://fbref.com/en/players/e602c142/Vivien-Endemann","Frauen Bundesliga","https://fbref.com/en/comps/183/Frauen-Bundesliga-Stats","possession"
"2025-2026","Wolfsburg","Frauen-Bundesliga","Sarai Linder","GER","DF","25-353",1.8,125,10,49,57,20,3,125,1,0,0,1,100,50,350,97,2,2,2,3,1,66,4,"https://fbref.com/en/players/bedec045/Sarai-Linder","Frauen Bundesliga","https://fbref.com/en/comps/183/Frauen-Bundesliga-Stats","possession"
"2025-2026","Wolfsburg","Frauen-Bundesliga","Kessya Bussy","FRA","FW","24-117",1.8,72,1,9,25,38,9,72,4,1,25,3,75,23,126,67,2,0,1,3,3,41,11,"https://fbref.com/en/players/fa205073/Kessya-Bussy","Frauen Bundesliga","https://fbref.com/en/comps/183/Frauen-Bundesliga-Stats","possession"
"2025-2026","Wolfsburg","Frauen-Bundesliga","Smilla Vallotto","SUI","FW","21-205",0.7,26,0,1,11,14,3,26,1,0,0,1,100,13,52,10,0,0,0,2,1,20,8,"https://fbref.com/en/players/01105874/Smilla-Vallotto","Frauen Bundesliga","https://fbref.com/en/comps/183/Frauen-Bundesliga-Stats","possession"
"2025-2026","Wolfsburg","Frauen-Bundesliga","Judit Pujols","ESP","DF,FW","20-231",0.6,41,1,8,18,15,0,41,1,0,0,1,100,13,59,20,1,1,0,1,0,17,3,"https://fbref.com/en/players/0b0cd4d6/Judit-Pujols","Frauen Bundesliga","https://fbref.com/en/comps/183/Frauen-Bundesliga-Stats","possession"
"2025-2026","Wolfsburg","Frauen-Bundesliga","Thea Bjelde","NOR","DF,FW","25-131",0.3,44,0,10,27,8,0,44,1,1,100,0,0,15,79,33,1,1,0,2,0,27,3,"https://fbref.com/en/players/b1062904/Thea-Bjelde","Frauen Bundesliga","https://fbref.com/en/comps/183/Frauen-Bundesliga-Stats","possession"
"2025-2026","Wolfsburg","Frauen-Bundesliga","Guro Bergsvand","NOR","DF","31-225",0.2,26,1,12,14,0,0,26,0,0,NA,0,NA,13,63,46,0,0,0,0,0,22,0,"https://fbref.com/en/players/561230d9/Guro-Bergsvand","Frauen Bundesliga","https://fbref.com/en/comps/183/Frauen-Bundesliga-Stats","possession"
"2025-2026","Wolfsburg","Frauen-Bundesliga","Anny Kerim-Lindland","NOR","MF","18-207",0,0,0,0,0,0,0,0,0,0,NA,0,NA,0,0,0,0,0,0,0,0,0,0,"https://fbref.com/en/players/5ab9070d/Anny-Kerim-Lindland","Frauen Bundesliga","https://fbref.com/en/comps/183/Frauen-Bundesliga-Stats","possession"
"2025-2026","Freiburg","Frauen-Bundesliga","Laura Benkarth","GER","GK","33-000",6,311,261,309,1,1,0,311,0,0,NA,0,NA,155,720,378,0,0,0,0,0,179,0,"https://fbref.com/en/players/82c4f339/Laura-Benkarth","Frauen Bundesliga","https://fbref.com/en/comps/183/Frauen-Bundesliga-Stats","possession"
"2025-2026","Freiburg","Frauen-Bundesliga","Lisa Karl","GER","DF","28-272",6,379,27,162,155,67,10,379,19,11,57.9,7,36.8,142,917,518,14,4,3,13,6,180,17,"https://fbref.com/en/players/3ed2f636/Lisa-Karl","Frauen Bundesliga","https://fbref.com/en/comps/183/Frauen-Bundesliga-Stats","possession"
"2025-2026","Freiburg","Frauen-Bundesliga","Julia Stierli","SUI","DF","28-194",6,388,85,271,113,5,3,388,1,0,0,1,100,103,520,221,1,1,0,2,0,196,0,"https://fbref.com/en/players/3acf52f4/Julia-Stierli","Frauen Bundesliga","https://fbref.com/en/comps/183/Frauen-Bundesliga-Stats","possession"
"2025-2026","Freiburg","Frauen-Bundesliga","Meret Felde","GER","MF","26-096",5.7,313,25,112,175,30,3,313,7,4,57.1,3,42.9,90,437,264,6,4,0,11,3,145,1,"https://fbref.com/en/players/18c75eec/Meret-Felde","Frauen Bundesliga","https://fbref.com/en/comps/183/Frauen-Bundesliga-Stats","possession"
"2025-2026","Freiburg","Frauen-Bundesliga","Luca-Emily Birkholz","GER","FW","21-328",5,121,4,10,47,65,18,121,8,3,37.5,5,62.5,56,278,74,2,3,0,14,5,90,21,"https://fbref.com/en/players/8492e70b/Luca-Emily-Birkholz","Frauen Bundesliga","https://fbref.com/en/comps/183/Frauen-Bundesliga-Stats","possession"
"2025-2026","Freiburg","Frauen-Bundesliga","Nia Szenk","GER","DF","21-162",5.2,368,17,116,168,88,6,368,15,6,40,9,60,124,815,449,14,9,5,13,2,168,20,"https://fbref.com/en/players/72f9d4a7/Nia-Szenk","Frauen Bundesliga","https://fbref.com/en/comps/183/Frauen-Bundesliga-Stats","possession"
"2025-2026","Freiburg","Frauen-Bundesliga","Greta Stegemann","GER","DF","24-244",5.1,342,44,200,133,9,4,342,6,4,66.7,2,33.3,117,608,346,4,2,1,4,2,188,0,"https://fbref.com/en/players/45c1817c/Greta-Stegemann","Frauen Bundesliga","https://fbref.com/en/comps/183/Frauen-Bundesliga-Stats","possession"
"2025-2026","Freiburg","Frauen-Bundesliga","Sophie Nachtigall","GER","MF","21-244",4.3,241,8,64,134,46,4,241,8,2,25,6,75,90,583,199,3,3,1,14,1,136,13,"https://fbref.com/en/players/f24b9bf7/Sophie-Nachtigall","Frauen Bundesliga","https://fbref.com/en/comps/183/Frauen-Bundesliga-Stats","possession"
"2025-2026","Freiburg","Frauen-Bundesliga","Lisa Kolb","AUT","MF,FW","24-163",3.2,119,4,14,43,62,5,119,4,2,50,2,50,39,297,155,10,4,1,7,3,70,22,"https://fbref.com/en/players/1adffcd6/Lisa-Kolb","Frauen Bundesliga","https://fbref.com/en/comps/183/Frauen-Bundesliga-Stats","possession"
"2025-2026","Freiburg","Frauen-Bundesliga","Tessa Blumenberg","GER","FW","20-268",3,92,4,15,39,40,7,92,5,2,40,3,60,35,176,91,4,3,0,10,3,56,11,"https://fbref.com/en/players/e7ce33e7/Tessa-Blumenberg","Frauen Bundesliga","https://fbref.com/en/comps/183/Frauen-Bundesliga-Stats","possession"
"2025-2026","Freiburg","Frauen-Bundesliga","Selina Vobian","GER","MF,FW","23-017",3.9,137,1,19,57,61,8,136,9,2,22.2,7,77.8,45,262,135,5,4,2,9,4,62,10,"https://fbref.com/en/players/71f80447/Selina-Vobian","Frauen Bundesliga","https://fbref.com/en/comps/183/Frauen-Bundesliga-Stats","possession"
"2025-2026","Freiburg","Frauen-Bundesliga","Maj Schneider","GER","MF","18-046",3.4,152,5,36,78,40,10,152,1,1,100,0,0,48,227,71,2,2,0,11,7,85,8,"https://fbref.com/en/players/08794339/Maj-Schneider","Frauen Bundesliga","https://fbref.com/en/comps/183/Frauen-Bundesliga-Stats","possession"
"2025-2026","Freiburg","Frauen-Bundesliga","Nicole Ojukwu","AUT","MF","19-320",2,108,6,40,53,16,1,108,3,0,0,3,100,30,113,57,2,2,0,1,2,63,4,"https://fbref.com/en/players/9e65aa0c/Nicole-Ojukwu","Frauen Bundesliga","https://fbref.com/en/comps/183/Frauen-Bundesliga-Stats","possession"
"2025-2026","Freiburg","Frauen-Bundesliga","Ingibjörg Sigurðardóttir","ISL","DF","28-007",1.9,74,17,62,12,0,0,74,0,0,NA,0,NA,36,164,56,0,0,0,1,0,52,0,"https://fbref.com/en/players/14682560/Ingibjorg-Sigurdardottir","Frauen Bundesliga","https://fbref.com/en/comps/183/Frauen-Bundesliga-Stats","possession"
"2025-2026","Freiburg","Frauen-Bundesliga","Leela Egli","SUI","FW,MF","18-307",1.6,68,3,16,33,22,3,68,6,0,0,6,100,32,321,118,5,5,0,6,2,43,5,"https://fbref.com/en/players/d798a561/Leela-Egli","Frauen Bundesliga","https://fbref.com/en/comps/183/Frauen-Bundesliga-Stats","possession"
"2025-2026","Freiburg","Frauen-Bundesliga","Alena Bienz","SUI","MF,FW","22-223",1.4,68,4,13,27,28,4,68,3,0,0,3,100,30,220,54,2,0,0,6,2,41,6,"https://fbref.com/en/players/14f0f5e7/Alena-Bienz","Frauen Bundesliga","https://fbref.com/en/comps/183/Frauen-Bundesliga-Stats","possession"
"2025-2026","Freiburg","Frauen-Bundesliga","Svenja Fölmli","SUI","FW","23-056",1,35,0,2,20,14,8,35,0,0,NA,0,NA,19,151,85,3,2,2,9,1,28,5,"https://fbref.com/en/players/cbb37685/Svenja-Folmli","Frauen Bundesliga","https://fbref.com/en/comps/183/Frauen-Bundesliga-Stats","possession"
"2025-2026","Freiburg","Frauen-Bundesliga","Aurélie Csillag","SUI","FW,MF","22-263",1.1,44,2,6,16,23,13,44,4,2,50,2,50,28,204,102,5,0,3,5,3,27,10,"https://fbref.com/en/players/9d59b4de/Aurelie-Csillag","Frauen Bundesliga","https://fbref.com/en/comps/183/Frauen-Bundesliga-Stats","possession"
"2025-2026","Freiburg","Frauen-Bundesliga","Nora Scherer","GER","MF","19-333",0,2,0,0,0,2,1,2,0,0,NA,0,NA,1,11,9,1,0,0,0,0,1,1,"https://fbref.com/en/players/2a64d7ec/Nora-Scherer","Frauen Bundesliga","https://fbref.com/en/comps/183/Frauen-Bundesliga-Stats","possession"
"2025-2026","Bayer Leverkusen","Frauen-Bundesliga","Friederike Abt","GER","GK","31-099",5,219,176,218,1,0,0,219,0,0,NA,0,NA,125,448,211,0,0,0,0,0,134,0,"https://fbref.com/en/players/7c51bea4/Friederike-Abt","Frauen Bundesliga","https://fbref.com/en/comps/183/Frauen-Bundesliga-Stats","possession"
"2025-2026","Bayer Leverkusen","Frauen-Bundesliga","Lilla Turányi","HUN","DF","26-298",5,365,47,201,157,8,1,365,0,0,NA,0,NA,213,1196,641,6,0,0,3,0,236,0,"https://fbref.com/en/players/747aebe4/Lilla-Turanyi","Frauen Bundesliga","https://fbref.com/en/comps/183/Frauen-Bundesliga-Stats","possession"
"2025-2026","Bayer Leverkusen","Frauen-Bundesliga","Carlotta Wamser","GER","DF","21-347",5,352,16,101,175,82,6,352,6,3,50,3,50,159,919,475,13,7,3,12,5,169,30,"https://fbref.com/en/players/e2b70fe7/Carlotta-Wamser","Frauen Bundesliga","https://fbref.com/en/comps/183/Frauen-Bundesliga-Stats","possession"
"2025-2026","Bayer Leverkusen","Frauen-Bundesliga","Claudia Wenger","AUT","DF","24-161",5,320,32,166,150,7,2,320,4,3,75,1,25,194,913,515,3,1,0,3,1,228,2,"https://fbref.com/en/players/2f4f249c/Claudia-Wenger","Frauen Bundesliga","https://fbref.com/en/comps/183/Frauen-Bundesliga-Stats","possession"
"2025-2026","Bayer Leverkusen","Frauen-Bundesliga","Kristin Kögel","GER","MF","26-023",4.7,199,11,30,97,74,11,199,5,5,100,0,0,103,431,192,6,3,2,12,8,121,31,"https://fbref.com/en/players/24460a6a/Kristin-Kogel","Frauen Bundesliga","https://fbref.com/en/comps/183/Frauen-Bundesliga-Stats","possession"
"2025-2026","Bayer Leverkusen","Frauen-Bundesliga","Vanessa Fudalla","GER","FW","23-358",4.6,133,1,8,49,77,28,132,3,1,33.3,2,66.7,74,333,171,7,3,1,15,6,90,26,"https://fbref.com/en/players/c9a0bd2c/Vanessa-Fudalla","Frauen Bundesliga","https://fbref.com/en/comps/183/Frauen-Bundesliga-Stats","possession"
"2025-2026","Bayer Leverkusen","Frauen-Bundesliga","Katharina Piljić","GER","MF","22-039",4.6,205,13,60,109,41,6,205,7,3,42.9,4,57.1,103,562,242,7,6,2,6,4,110,8,"https://fbref.com/en/players/48cde73f/Katharina-Piljic","Frauen Bundesliga","https://fbref.com/en/comps/183/Frauen-Bundesliga-Stats","possession"
"2025-2026","Bayer Leverkusen","Frauen-Bundesliga","Sofie Zdebel","GER","MF","21-067",4.5,260,18,99,126,37,4,260,2,1,50,1,50,126,681,370,3,3,0,3,4,156,6,"https://fbref.com/en/players/d081f844/Sofie-Zdebel","Frauen Bundesliga","https://fbref.com/en/comps/183/Frauen-Bundesliga-Stats","possession"
"2025-2026","Bayer Leverkusen","Frauen-Bundesliga","Ruby Grant","ENG","MF","23-182",4.2,153,3,33,62,63,9,153,4,2,50,2,50,59,238,109,3,2,1,8,4,75,16,"https://fbref.com/en/players/fc1149cc/Ruby-Grant","Frauen Bundesliga","https://fbref.com/en/comps/183/Frauen-Bundesliga-Stats","possession"
"2025-2026","Bayer Leverkusen","Frauen-Bundesliga","Estrella Gonzalez","GER","DF","18-329",3.8,220,5,56,90,75,2,220,6,3,50,3,50,88,519,261,8,5,0,7,5,95,11,"https://fbref.com/en/players/b8209678/Estrella-Gonzalez","Frauen Bundesliga","https://fbref.com/en/comps/183/Frauen-Bundesliga-Stats","possession"
"2025-2026","Bayer Leverkusen","Frauen-Bundesliga","Valentina Mädl","AUT","FW","19-300",3.2,89,3,9,29,52,11,89,1,0,0,1,100,52,309,89,3,1,1,13,2,69,15,"https://fbref.com/en/players/0f443d23/Valentina-Madl","Frauen Bundesliga","https://fbref.com/en/comps/183/Frauen-Bundesliga-Stats","possession"
"2025-2026","Bayer Leverkusen","Frauen-Bundesliga","Julia Mickenhagen","GER","DF","20-187",1.5,64,1,24,33,8,1,64,2,0,0,2,100,17,97,58,2,1,1,1,0,27,5,"https://fbref.com/en/players/b6c9fad5/Julia-Mickenhagen","Frauen Bundesliga","https://fbref.com/en/comps/183/Frauen-Bundesliga-Stats","possession"
"2025-2026","Bayer Leverkusen","Frauen-Bundesliga","Cornelia Kramer","DEN","FW","22-302",0.7,28,0,4,13,12,3,28,0,0,NA,0,NA,8,35,10,1,0,0,1,0,19,3,"https://fbref.com/en/players/09a7077f/Cornelia-Kramer","Frauen Bundesliga","https://fbref.com/en/comps/183/Frauen-Bundesliga-Stats","possession"
"2025-2026","Bayer Leverkusen","Frauen-Bundesliga","Caroline Kehrer","CAN","FW,MF","28-188",0.9,39,1,7,11,22,7,39,3,1,33.3,2,66.7,27,101,51,3,1,1,7,2,27,9,"https://fbref.com/en/players/b882fd85/Caroline-Kehrer","Frauen Bundesliga","https://fbref.com/en/comps/183/Frauen-Bundesliga-Stats","possession"
"2025-2026","Bayer Leverkusen","Frauen-Bundesliga","Loreen Bender","GER","MF","20-054",0.9,49,5,14,20,15,5,49,3,1,33.3,2,66.7,22,106,45,1,0,0,5,2,28,3,"https://fbref.com/en/players/7d5a7c01/Loreen-Bender","Frauen Bundesliga","https://fbref.com/en/comps/183/Frauen-Bundesliga-Stats","possession"
"2025-2026","Bayer Leverkusen","Frauen-Bundesliga","Vanessa Haim","GER","FW,MF","28-166",0.5,12,1,2,5,5,1,12,1,0,0,1,100,7,26,7,0,1,0,1,1,5,3,"https://fbref.com/en/players/dd343bb3/Vanessa-Haim","Frauen Bundesliga","https://fbref.com/en/comps/183/Frauen-Bundesliga-Stats","possession"
"2025-2026","Bayer Leverkusen","Frauen-Bundesliga","Juliette Vidal","FRA","MF","26-207",0.5,15,2,9,5,1,1,15,0,0,NA,0,NA,2,10,0,0,0,0,2,0,2,0,"https://fbref.com/en/players/3676f205/Juliette-Vidal","Frauen Bundesliga","https://fbref.com/en/comps/183/Frauen-Bundesliga-Stats","possession"
"2025-2026","Bayer Leverkusen","Frauen-Bundesliga","Paulina Bartz","GER","MF,FW","20-158",0.3,12,0,4,5,3,0,12,1,0,0,1,100,6,23,15,0,0,0,0,0,7,1,"https://fbref.com/en/players/72188836/Paulina-Bartz","Frauen Bundesliga","https://fbref.com/en/comps/183/Frauen-Bundesliga-Stats","possession"
"2025-2026","Bayer Leverkusen","Frauen-Bundesliga","Ida Daedelow","GER","MF","18-047",0.1,5,1,2,2,1,0,5,0,0,NA,0,NA,1,19,0,0,1,1,1,0,0,0,"https://fbref.com/en/players/e7078be4/Ida-Daedelow","Frauen Bundesliga","https://fbref.com/en/comps/183/Frauen-Bundesliga-Stats","possession"
"2025-2026","Bayer Leverkusen","Frauen-Bundesliga","Selina Ostermeier","GER","FW","26-272",0,2,0,2,0,0,0,2,0,0,NA,0,NA,2,17,0,0,0,0,0,0,2,0,"https://fbref.com/en/players/9f140482/Selina-Ostermeier","Frauen Bundesliga","https://fbref.com/en/comps/183/Frauen-Bundesliga-Stats","possession"
"2025-2026","Bayer Leverkusen","Frauen-Bundesliga","Melissa Friedrich","GER","MF","28-161",0,1,0,0,1,0,0,1,0,0,NA,0,NA,0,0,0,0,0,0,0,0,0,0,"https://fbref.com/en/players/551733b0/Melissa-Friedrich","Frauen Bundesliga","https://fbref.com/en/comps/183/Frauen-Bundesliga-Stats","possession"
"2025-2026","Hoffenheim","Frauen-Bundesliga","Selina Cerci","GER","FW","25-136",6,212,3,17,66,133,48,212,15,8,53.3,7,46.7,122,747,279,9,6,5,21,10,153,41,"https://fbref.com/en/players/1fa80966/Selina-Cerci","Frauen Bundesliga","https://fbref.com/en/comps/183/Frauen-Bundesliga-Stats","possession"
"2025-2026","Hoffenheim","Frauen-Bundesliga","Laura Dick","GER","GK","22-123",6,281,216,276,3,2,0,281,0,0,NA,0,NA,155,675,303,0,0,0,0,0,156,0,"https://fbref.com/en/players/2d43333a/Laura-Dick","Frauen Bundesliga","https://fbref.com/en/comps/183/Frauen-Bundesliga-Stats","possession"
"2025-2026","Hoffenheim","Frauen-Bundesliga","Vanessa Diehm","GER","DF","21-206",6,543,46,278,245,23,1,543,2,2,100,0,0,276,1227,690,4,6,0,0,0,394,1,"https://fbref.com/en/players/ff6f5249/Vanessa-Diehm","Frauen Bundesliga","https://fbref.com/en/comps/183/Frauen-Bundesliga-Stats","possession"
"2025-2026","Hoffenheim","Frauen-Bundesliga","Valesca Ampoorter","BEL","MF","21-192",5.9,365,16,87,214,64,7,365,13,8,61.5,5,38.5,151,686,336,6,1,0,6,4,236,11,"https://fbref.com/en/players/53865776/Valesca-Ampoorter","Frauen Bundesliga","https://fbref.com/en/comps/183/Frauen-Bundesliga-Stats","possession"
"2025-2026","Hoffenheim","Frauen-Bundesliga","Jill Janssens","BEL","DF","22-011",5.7,403,20,118,153,135,11,403,11,4,36.4,7,63.6,167,1130,490,22,8,3,12,2,237,51,"https://fbref.com/en/players/9d714c9d/Jill-Janssens","Frauen Bundesliga","https://fbref.com/en/comps/183/Frauen-Bundesliga-Stats","possession"
"2025-2026","Hoffenheim","Frauen-Bundesliga","Melissa Kössler","GER","FW","25-224",5.1,211,7,19,70,126,41,211,10,6,60,4,40,92,676,473,13,11,4,19,3,144,38,"https://fbref.com/en/players/b1a198c6/Melissa-Kossler","Frauen Bundesliga","https://fbref.com/en/comps/183/Frauen-Bundesliga-Stats","possession"
"2025-2026","Hoffenheim","Frauen-Bundesliga","Laura Gloning","GER","MF","20-131",5,246,3,68,130,51,3,246,4,2,50,2,50,99,559,210,3,4,0,17,6,140,13,"https://fbref.com/en/players/125f0b16/Laura-Gloning","Frauen Bundesliga","https://fbref.com/en/comps/183/Frauen-Bundesliga-Stats","possession"
"2025-2026","Hoffenheim","Frauen-Bundesliga","Lisa Doorn","NED","DF","24-310",4.8,472,54,272,185,17,4,472,1,1,100,0,0,216,1019,612,6,3,0,3,1,326,3,"https://fbref.com/en/players/924d1836/Lisa-Doorn","Frauen Bundesliga","https://fbref.com/en/comps/183/Frauen-Bundesliga-Stats","possession"
"2025-2026","Hoffenheim","Frauen-Bundesliga","Jamilla Rankin","AUS","DF","22-158",4.4,287,16,99,153,37,3,287,5,2,40,3,60,125,702,339,6,4,0,8,1,176,17,"https://fbref.com/en/players/ede60ee1/Jamilla-Rankin","Frauen Bundesliga","https://fbref.com/en/comps/183/Frauen-Bundesliga-Stats","possession"
"2025-2026","Hoffenheim","Frauen-Bundesliga","Féli Delacauw","BEL","MF","23-193",3.8,138,8,34,52,57,9,138,15,8,53.3,7,46.7,80,451,140,3,5,0,15,8,95,23,"https://fbref.com/en/players/4e3f72d2/Feli-Delacauw","Frauen Bundesliga","https://fbref.com/en/comps/183/Frauen-Bundesliga-Stats","possession"
"2025-2026","Hoffenheim","Frauen-Bundesliga","Dominika Grabowska","POL","MF","26-292",3.7,193,6,30,99,66,7,193,4,2,50,2,50,57,292,132,4,2,3,10,2,89,11,"https://fbref.com/en/players/82a65245/Dominika-Grabowska","Frauen Bundesliga","https://fbref.com/en/comps/183/Frauen-Bundesliga-Stats","possession"
"2025-2026","Hoffenheim","Frauen-Bundesliga","Lisann Kaut","GER","DF","25-051",2.4,196,9,44,91,63,1,196,12,4,33.3,8,66.7,77,508,295,9,6,0,6,2,112,21,"https://fbref.com/en/players/e118e53b/Lisann-Kaut","Frauen Bundesliga","https://fbref.com/en/comps/183/Frauen-Bundesliga-Stats","possession"
"2025-2026","Hoffenheim","Frauen-Bundesliga","Marie Steiner","GER","MF","20-040",2.1,95,0,13,44,40,3,95,5,1,20,4,80,35,167,30,0,1,0,8,2,56,7,"https://fbref.com/en/players/b9269a75/Marie-Steiner","Frauen Bundesliga","https://fbref.com/en/comps/183/Frauen-Bundesliga-Stats","possession"
"2025-2026","Hoffenheim","Frauen-Bundesliga","Chiara Hahn","GER","MF","23-285",2,124,1,10,63,54,11,124,5,3,60,2,40,45,215,128,7,2,1,4,1,90,17,"https://fbref.com/en/players/88de4477/Chiara-Hahn","Frauen Bundesliga","https://fbref.com/en/comps/183/Frauen-Bundesliga-Stats","possession"
"2025-2026","Hoffenheim","Frauen-Bundesliga","Linda Natter","AUT","FW,MF","20-155",1.2,42,0,3,5,35,10,42,5,0,0,5,100,20,99,55,4,2,2,5,2,34,9,"https://fbref.com/en/players/d7c24d43/Linda-Natter","Frauen Bundesliga","https://fbref.com/en/comps/183/Frauen-Bundesliga-Stats","possession"
"2025-2026","Hoffenheim","Frauen-Bundesliga","Janna Grimm","GER","MF","20-177",0.9,63,2,16,30,17,0,63,1,1,100,0,0,32,154,19,0,2,0,2,2,53,3,"https://fbref.com/en/players/ddc9ea46/Janna-Grimm","Frauen Bundesliga","https://fbref.com/en/comps/183/Frauen-Bundesliga-Stats","possession"
"2025-2026","Hoffenheim","Frauen-Bundesliga","Franziska Harsch","GER","MF","28-100",0.6,42,3,12,25,5,1,42,0,0,NA,0,NA,16,38,20,0,0,0,1,0,26,1,"https://fbref.com/en/players/d69ff348/Franziska-Harsch","Frauen Bundesliga","https://fbref.com/en/comps/183/Frauen-Bundesliga-Stats","possession"
"2025-2026","Hoffenheim","Frauen-Bundesliga","Napsugár Sinka","HUN","MF,FW","19-031",0.4,33,1,3,13,17,0,33,1,0,0,1,100,15,41,6,0,1,0,3,1,18,3,"https://fbref.com/en/players/600a976b/Napsugar-Sinka","Frauen Bundesliga","https://fbref.com/en/comps/183/Frauen-Bundesliga-Stats","possession"
"2025-2026","Werder Bremen","Frauen-Bundesliga","Chiara D'Angelo","AUT","DF","21-075",6,397,20,142,166,92,4,397,14,5,35.7,9,64.3,169,989,462,8,4,1,12,5,203,16,"https://fbref.com/en/players/7e574fb5/Chiara-DAngelo","Frauen Bundesliga","https://fbref.com/en/comps/183/Frauen-Bundesliga-Stats","possession"
"2025-2026","Werder Bremen","Frauen-Bundesliga","Mariella El Sherif","AUT","GK","21-042",6,314,207,310,4,0,0,314,0,0,NA,0,NA,191,922,311,0,0,0,0,0,186,0,"https://fbref.com/en/players/4a6f3d40/Mariella-El-Sherif","Frauen Bundesliga","https://fbref.com/en/comps/183/Frauen-Bundesliga-Stats","possession"
"2025-2026","Werder Bremen","Frauen-Bundesliga","Larissa Mühlhaus","GER","FW,MF","22-274",5.8,298,11,41,114,151,31,293,16,7,43.8,9,56.3,144,850,356,13,6,4,25,8,187,27,"https://fbref.com/en/players/4df24100/Larissa-Muhlhaus","Frauen Bundesliga","https://fbref.com/en/comps/183/Frauen-Bundesliga-Stats","possession"
"2025-2026","Werder Bremen","Frauen-Bundesliga","Michelle Ulbrich","GER","DF","28-345",5.8,251,44,156,91,6,3,251,2,0,0,2,100,108,641,315,1,0,0,1,0,138,1,"https://fbref.com/en/players/e8840be1/Michelle-Ulbrich","Frauen Bundesliga","https://fbref.com/en/comps/183/Frauen-Bundesliga-Stats","possession"
"2025-2026","Werder Bremen","Frauen-Bundesliga","Michelle Weiß","GER","DF","24-140",5.5,232,11,75,101,61,5,232,3,0,0,3,100,71,383,139,6,4,1,11,3,69,10,"https://fbref.com/en/players/f370e5df/Michelle-Weiss","Frauen Bundesliga","https://fbref.com/en/comps/183/Frauen-Bundesliga-Stats","possession"
"2025-2026","Werder Bremen","Frauen-Bundesliga","Hanna Németh","HUN","DF","27-027",5.4,283,67,196,87,4,1,283,0,0,NA,0,NA,94,515,200,1,0,0,2,0,144,0,"https://fbref.com/en/players/dff5a2cf/Hanna-Nemeth","Frauen Bundesliga","https://fbref.com/en/comps/183/Frauen-Bundesliga-Stats","possession"
"2025-2026","Werder Bremen","Frauen-Bundesliga","Medina Dešić","MNE","FW","32-029",4.8,135,3,8,51,79,21,135,3,3,100,0,0,65,303,85,3,3,2,15,7,100,23,"https://fbref.com/en/players/2cb74515/Medina-Desic","Frauen Bundesliga","https://fbref.com/en/comps/183/Frauen-Bundesliga-Stats","possession"
"2025-2026","Werder Bremen","Frauen-Bundesliga","Lina Hausicke","GER","MF","27-288",4.7,176,15,52,91,35,5,176,4,2,50,2,50,43,288,115,2,2,0,5,2,71,5,"https://fbref.com/en/players/1685552e/Lina-Hausicke","Frauen Bundesliga","https://fbref.com/en/comps/183/Frauen-Bundesliga-Stats","possession"
"2025-2026","Werder Bremen","Frauen-Bundesliga","Juliane Wirtz","GER","MF","24-053",4.7,206,20,81,112,16,2,206,0,0,NA,0,NA,70,332,128,3,2,2,2,4,99,1,"https://fbref.com/en/players/f9482141/Juliane-Wirtz","Frauen Bundesliga","https://fbref.com/en/comps/183/Frauen-Bundesliga-Stats","possession"
"2025-2026","Werder Bremen","Frauen-Bundesliga","Verena Wieder","GER","MF","25-110",3.2,83,0,13,39,32,7,83,5,1,20,4,80,46,284,74,4,3,1,6,4,54,16,"https://fbref.com/en/players/a584ebc3/Verena-Wieder","Frauen Bundesliga","https://fbref.com/en/comps/183/Frauen-Bundesliga-Stats","possession"
"2025-2026","Werder Bremen","Frauen-Bundesliga","Amira Arfaoui","SUI","MF","26-067",3.4,136,7,32,48,57,6,136,14,6,42.9,8,57.1,66,398,188,8,3,2,13,3,70,12,"https://fbref.com/en/players/43b64ff1/Amira-Arfaoui","Frauen Bundesliga","https://fbref.com/en/comps/183/Frauen-Bundesliga-Stats","possession"
"2025-2026","Werder Bremen","Frauen-Bundesliga","Maja Sternad","SVN","MF","21-290",2.8,81,1,6,30,45,16,81,10,4,40,6,60,45,296,148,8,2,6,17,10,56,14,"https://fbref.com/en/players/03224c76/Maja-Sternad","Frauen Bundesliga","https://fbref.com/en/comps/183/Frauen-Bundesliga-Stats","possession"
"2025-2026","Werder Bremen","Frauen-Bundesliga","Sharon Beck","ISR","MF,DF","30-206",2.6,120,8,22,58,42,4,120,4,1,25,3,75,51,356,105,4,0,2,10,2,61,11,"https://fbref.com/en/players/c03890e3/Sharon-Beck","Frauen Bundesliga","https://fbref.com/en/comps/183/Frauen-Bundesliga-Stats","possession"
"2025-2026","Werder Bremen","Frauen-Bundesliga","Ricarda Walkling","GER","MF,FW","28-209",2,58,2,17,26,16,6,58,0,0,NA,0,NA,13,83,60,2,1,1,3,1,35,4,"https://fbref.com/en/players/e786e6f7/Ricarda-Walkling","Frauen Bundesliga","https://fbref.com/en/comps/183/Frauen-Bundesliga-Stats","possession"
"2025-2026","Werder Bremen","Frauen-Bundesliga","Tuana Keles","GER","MF","22-225",0.5,14,0,1,10,3,0,14,1,0,0,1,100,9,37,5,0,0,0,2,0,9,1,"https://fbref.com/en/players/8e21b9cf/Tuana-Keles","Frauen Bundesliga","https://fbref.com/en/comps/183/Frauen-Bundesliga-Stats","possession"
"2025-2026","Werder Bremen","Frauen-Bundesliga","Emőke Pápai","HUN","MF,FW","22-112",1.5,61,1,3,23,35,7,61,3,1,33.3,2,66.7,20,87,36,2,0,2,3,1,34,12,"https://fbref.com/en/players/7c04a48d/Emoke-Papai","Frauen Bundesliga","https://fbref.com/en/comps/183/Frauen-Bundesliga-Stats","possession"
"2025-2026","Werder Bremen","Frauen-Bundesliga","Kaylie Ronan","","DF,MF","",0.9,41,3,24,12,5,1,41,0,0,NA,0,NA,9,39,17,1,0,0,0,1,18,1,"https://fbref.com/en/players/afe11b5a/Kaylie-Ronan","Frauen Bundesliga","https://fbref.com/en/comps/183/Frauen-Bundesliga-Stats","possession"
"2025-2026","Werder Bremen","Frauen-Bundesliga","Rieke Dieckmann","GER","FW,DF","29-059",0.3,24,4,10,10,4,2,24,0,0,NA,0,NA,3,2,1,0,0,0,1,0,5,1,"https://fbref.com/en/players/b92fbcee/Rieke-Dieckmann","Frauen Bundesliga","https://fbref.com/en/comps/183/Frauen-Bundesliga-Stats","possession"
"2025-2026","Werder Bremen","Frauen-Bundesliga","Maria Penner","GER","MF","18-169",0.1,4,0,0,2,2,0,4,0,0,NA,0,NA,2,19,4,1,0,0,1,0,3,1,"https://fbref.com/en/players/feac5916/Maria-Penner","Frauen Bundesliga","https://fbref.com/en/comps/183/Frauen-Bundesliga-Stats","possession"
"2025-2026","Eintracht Frankfurt","Frauen-Bundesliga","Géraldine Reuteler","SUI","FW,MF","26-176",5.8,344,2,42,158,146,21,344,25,11,44,14,56,175,1009,340,9,7,4,18,7,248,58,"https://fbref.com/en/players/f64daf84/Geraldine-Reuteler","Frauen Bundesliga","https://fbref.com/en/comps/183/Frauen-Bundesliga-Stats","possession"
"2025-2026","Eintracht Frankfurt","Frauen-Bundesliga","Amanda Ilestedt","SWE","DF","32-270",5.8,447,33,218,217,12,8,447,0,0,NA,0,NA,203,844,384,2,2,0,2,0,341,0,"https://fbref.com/en/players/93514385/Amanda-Ilestedt","Frauen Bundesliga","https://fbref.com/en/comps/183/Frauen-Bundesliga-Stats","possession"
"2025-2026","Eintracht Frankfurt","Frauen-Bundesliga","Elisa Senß","GER","MF","28-013",5.7,332,7,48,194,93,8,330,10,6,60,4,40,132,690,240,5,5,0,5,8,218,28,"https://fbref.com/en/players/30bfca52/Elisa-Senss","Frauen Bundesliga","https://fbref.com/en/comps/183/Frauen-Bundesliga-Stats","possession"
"2025-2026","Eintracht Frankfurt","Frauen-Bundesliga","Lina Altenburg","GER","GK","20-205",5,167,124,167,0,0,0,167,0,0,NA,0,NA,92,421,175,0,0,0,0,0,83,0,"https://fbref.com/en/players/ceb873f4/Lina-Altenburg","Frauen Bundesliga","https://fbref.com/en/comps/183/Frauen-Bundesliga-Stats","possession"
"2025-2026","Eintracht Frankfurt","Frauen-Bundesliga","Jella Veit","GER","DF","20-164",5,389,40,195,192,4,1,389,1,0,0,1,100,149,578,162,0,0,0,0,0,264,0,"https://fbref.com/en/players/3107a1d3/Jella-Veit","Frauen Bundesliga","https://fbref.com/en/comps/183/Frauen-Bundesliga-Stats","possession"
"2025-2026","Eintracht Frankfurt","Frauen-Bundesliga","Lisanne Gräwe","GER","MF","23-168",4.8,365,6,57,234,76,1,365,7,5,71.4,2,28.6,132,556,215,2,8,0,4,2,222,8,"https://fbref.com/en/players/2e902693/Lisanne-Grawe","Frauen Bundesliga","https://fbref.com/en/comps/183/Frauen-Bundesliga-Stats","possession"
"2025-2026","Eintracht Frankfurt","Frauen-Bundesliga","Nina Lührßen","GER","DF","25-327",4.8,413,6,114,193,109,1,413,7,4,57.1,3,42.9,157,744,352,5,1,0,9,4,237,13,"https://fbref.com/en/players/e070cdf6/Nina-Luhrssen","Frauen Bundesliga","https://fbref.com/en/comps/183/Frauen-Bundesliga-Stats","possession"
"2025-2026","Eintracht Frankfurt","Frauen-Bundesliga","Laura Freigang","GER","FW,MF","27-255",4.3,217,3,19,114,87,8,217,14,4,28.6,10,71.4,100,488,167,4,7,1,11,3,152,29,"https://fbref.com/en/players/8898987d/Laura-Freigang","Frauen Bundesliga","https://fbref.com/en/comps/183/Frauen-Bundesliga-Stats","possession"
"2025-2026","Eintracht Frankfurt","Frauen-Bundesliga","Rebecka Blomqvist","SWE","FW","28-082",4.3,166,0,6,48,113,35,166,9,2,22.2,6,66.7,75,401,168,9,3,7,16,1,134,46,"https://fbref.com/en/players/fdae87ec/Rebecka-Blomqvist","Frauen Bundesliga","https://fbref.com/en/comps/183/Frauen-Bundesliga-Stats","possession"
"2025-2026","Eintracht Frankfurt","Frauen-Bundesliga","Ereleta Memeti","KVX","MF,FW","26-106",4.4,263,2,28,114,124,17,263,15,7,46.7,8,53.3,101,655,281,8,6,3,9,6,159,35,"https://fbref.com/en/players/d782c918/Ereleta-Memeti","Frauen Bundesliga","https://fbref.com/en/comps/183/Frauen-Bundesliga-Stats","possession"
"2025-2026","Eintracht Frankfurt","Frauen-Bundesliga","Nadine Riesen","SUI","DF","25-186",3.4,265,5,71,127,68,6,265,4,4,100,0,0,123,725,376,11,4,3,7,5,169,17,"https://fbref.com/en/players/6660f40b/Nadine-Riesen","Frauen Bundesliga","https://fbref.com/en/comps/183/Frauen-Bundesliga-Stats","possession"
"2025-2026","Eintracht Frankfurt","Frauen-Bundesliga","Nicole Anyomi","GER","FW,MF","25-246",3.4,127,2,7,36,84,19,127,12,3,25,9,75,85,561,219,11,5,8,11,9,103,34,"https://fbref.com/en/players/83b0b998/Nicole-Anyomi","Frauen Bundesliga","https://fbref.com/en/comps/183/Frauen-Bundesliga-Stats","possession"
"2025-2026","Eintracht Frankfurt","Frauen-Bundesliga","Pia-Sophie Wolter","GER","DF","27-335",2.3,187,4,57,83,48,0,187,2,1,50,1,50,51,215,85,2,0,0,3,1,130,12,"https://fbref.com/en/players/8ddc3ad5/Pia-Sophie-Wolter","Frauen Bundesliga","https://fbref.com/en/comps/183/Frauen-Bundesliga-Stats","possession"
"2025-2026","Eintracht Frankfurt","Frauen-Bundesliga","Remina Chiba","JPN","FW","26-167",1.5,68,1,2,17,49,18,67,6,5,83.3,1,16.7,28,124,73,3,3,4,9,1,46,13,"https://fbref.com/en/players/6780aa6c/Remina-Chiba","Frauen Bundesliga","https://fbref.com/en/comps/183/Frauen-Bundesliga-Stats","possession"
"2025-2026","Eintracht Frankfurt","Frauen-Bundesliga","Dilara Acikgöz","GER","DF","21-134",1.4,101,0,26,52,25,0,101,2,0,0,2,100,24,174,101,3,1,0,2,0,60,7,"https://fbref.com/en/players/1ce96186/Dilara-Acikgoz","Frauen Bundesliga","https://fbref.com/en/comps/183/Frauen-Bundesliga-Stats","possession"
"2025-2026","Eintracht Frankfurt","Frauen-Bundesliga","Noemi Ivelj","SUI","DF","18-347",1.2,113,8,65,43,5,1,113,0,0,NA,0,NA,67,252,110,0,0,0,1,1,93,0,"https://fbref.com/en/players/e0e7e79d/Noemi-Ivelj","Frauen Bundesliga","https://fbref.com/en/comps/183/Frauen-Bundesliga-Stats","possession"
"2025-2026","Eintracht Frankfurt","Frauen-Bundesliga","Jarne Teulings","BEL","MF,FW","23-276",1.2,67,1,9,33,25,0,67,3,1,33.3,2,66.7,25,116,45,0,2,0,3,0,45,3,"https://fbref.com/en/players/75e33f00/Jarne-Teulings","Frauen Bundesliga","https://fbref.com/en/comps/183/Frauen-Bundesliga-Stats","possession"
"2025-2026","Eintracht Frankfurt","Frauen-Bundesliga","Lea Paulick","GER","GK","26-042",1,35,24,35,0,0,0,35,0,0,NA,0,NA,20,105,57,0,0,0,0,0,16,0,"https://fbref.com/en/players/ee30975e/Lea-Paulick","Frauen Bundesliga","https://fbref.com/en/comps/183/Frauen-Bundesliga-Stats","possession"
"2025-2026","Eintracht Frankfurt","Frauen-Bundesliga","Hayley Raso","AUS","MF,FW","31-039",0.5,25,0,1,14,10,4,25,2,0,0,2,100,12,75,23,1,1,1,2,1,18,5,"https://fbref.com/en/players/4a4fc01f/Hayley-Raso","Frauen Bundesliga","https://fbref.com/en/comps/183/Frauen-Bundesliga-Stats","possession"
"2025-2026","Eintracht Frankfurt","Frauen-Bundesliga","Ilayda Acikgöz","GER","MF","21-134",0.2,15,1,9,3,3,0,15,0,0,NA,0,NA,5,43,21,0,1,0,1,0,4,0,"https://fbref.com/en/players/2de08078/Ilayda-Acikgoz","Frauen Bundesliga","https://fbref.com/en/comps/183/Frauen-Bundesliga-Stats","possession"
"2025-2026","Eintracht Frankfurt","Frauen-Bundesliga","Eleni Markou","GRE","FW","30-199",0,0,0,0,0,0,0,0,0,0,NA,0,NA,0,0,0,0,0,0,0,0,0,0,"https://fbref.com/en/players/7a6f2fc6/Eleni-Markou","Frauen Bundesliga","https://fbref.com/en/comps/183/Frauen-Bundesliga-Stats","possession"
"2025-2026","Union Berlin","Frauen-Bundesliga","Cara Bösl","GER","GK","28-245",6,208,158,204,4,0,0,208,0,0,NA,0,NA,102,368,147,1,0,0,0,0,126,0,"https://fbref.com/en/players/862a8439/Cara-Bosl","Frauen Bundesliga","https://fbref.com/en/comps/183/Frauen-Bundesliga-Stats","possession"
"2025-2026","Union Berlin","Frauen-Bundesliga","Tomke Schneider","GER","DF","21-075",6,471,35,162,215,102,11,471,9,6,66.7,3,33.3,143,955,551,16,9,2,10,2,202,12,"https://fbref.com/en/players/87d189f6/Tomke-Schneider","Frauen Bundesliga","https://fbref.com/en/comps/183/Frauen-Bundesliga-Stats","possession"
"2025-2026","Union Berlin","Frauen-Bundesliga","Samantha Steuerwald","GER","DF","27-003",6,396,82,230,161,12,1,396,7,4,57.1,3,42.9,122,650,436,2,2,1,5,4,208,1,"https://fbref.com/en/players/444e3ae7/Samantha-Steuerwald","Frauen Bundesliga","https://fbref.com/en/comps/183/Frauen-Bundesliga-Stats","possession"
"2025-2026","Union Berlin","Frauen-Bundesliga","Sophie Weidauer","GER","FW","23-246",5.5,181,1,13,83,88,33,181,10,6,60,4,40,79,369,103,3,2,1,15,5,112,32,"https://fbref.com/en/players/68f5b63a/Sophie-Weidauer","Frauen Bundesliga","https://fbref.com/en/comps/183/Frauen-Bundesliga-Stats","possession"
"2025-2026","Union Berlin","Frauen-Bundesliga","Lisa Heiseler","GER","MF","27-107",4.5,148,0,16,68,65,11,147,2,2,100,0,0,58,228,81,2,0,1,10,6,90,18,"https://fbref.com/en/players/8d688368/Lisa-Heiseler","Frauen Bundesliga","https://fbref.com/en/comps/183/Frauen-Bundesliga-Stats","possession"
"2025-2026","Union Berlin","Frauen-Bundesliga","Eileen Campbell","AUT","MF,FW","25-027",5.3,245,3,23,112,114,28,245,23,5,21.7,18,78.3,108,638,246,11,6,3,19,10,164,33,"https://fbref.com/en/players/f36f682e/Eileen-Campbell","Frauen Bundesliga","https://fbref.com/en/comps/183/Frauen-Bundesliga-Stats","possession"
"2025-2026","Union Berlin","Frauen-Bundesliga","Tanja Pawollek","POL","MF,FW","26-269",5,250,8,35,172,46,8,250,4,1,25,3,75,91,420,176,2,2,0,12,2,159,9,"https://fbref.com/en/players/7737e984/Tanja-Pawollek","Frauen Bundesliga","https://fbref.com/en/comps/183/Frauen-Bundesliga-Stats","possession"
"2025-2026","Union Berlin","Frauen-Bundesliga","Anna Weiß","GER","DF","27-085",5,310,11,94,129,88,4,310,7,5,71.4,2,28.6,89,464,212,2,7,0,6,4,136,15,"https://fbref.com/en/players/cf939fba/Anna-Weiss","Frauen Bundesliga","https://fbref.com/en/comps/183/Frauen-Bundesliga-Stats","possession"
"2025-2026","Union Berlin","Frauen-Bundesliga","Dina Orschmann","GER","MF,FW","27-279",4.8,219,5,36,100,85,21,219,12,2,16.7,10,83.3,81,446,163,7,4,4,17,7,146,27,"https://fbref.com/en/players/890fa393/Dina-Orschmann","Frauen Bundesliga","https://fbref.com/en/comps/183/Frauen-Bundesliga-Stats","possession"
"2025-2026","Union Berlin","Frauen-Bundesliga","Naika Reissner","AUT","DF,FW","20-345",3.6,137,3,15,58,69,16,137,10,5,50,5,50,88,943,580,24,14,9,12,7,109,39,"https://fbref.com/en/players/57a99ea6/Naika-Reissner","Frauen Bundesliga","https://fbref.com/en/comps/183/Frauen-Bundesliga-Stats","possession"
"2025-2026","Union Berlin","Frauen-Bundesliga","Anna Aehling","GER","DF","24-205",3.2,212,37,128,78,6,0,212,2,1,50,1,50,61,300,125,1,1,0,1,0,117,0,"https://fbref.com/en/players/55d88268/Anna-Aehling","Frauen Bundesliga","https://fbref.com/en/comps/183/Frauen-Bundesliga-Stats","possession"
"2025-2026","Union Berlin","Frauen-Bundesliga","Katja Nicola Orschmann","GER","DF","27-074",3,207,20,96,102,12,0,207,3,2,66.7,1,33.3,94,474,253,1,2,0,4,0,114,0,"https://fbref.com/en/players/ccf73f85/Katja-Nicola-Orschmann","Frauen Bundesliga","https://fbref.com/en/comps/183/Frauen-Bundesliga-Stats","possession"
"2025-2026","Union Berlin","Frauen-Bundesliga","Jenny Hipp","GER","MF","27-250",2,99,4,23,52,25,3,99,5,2,40,3,60,28,126,54,1,0,0,6,0,48,3,"https://fbref.com/en/players/2c64d57e/Jenny-Hipp","Frauen Bundesliga","https://fbref.com/en/comps/183/Frauen-Bundesliga-Stats","possession"
"2025-2026","Union Berlin","Frauen-Bundesliga","Antonia Halverkamps","GER","MF,DF","24-350",2,124,4,28,48,52,5,124,7,4,57.1,3,42.9,52,206,48,2,1,0,9,3,63,22,"https://fbref.com/en/players/b2bf266d/Antonia-Halverkamps","Frauen Bundesliga","https://fbref.com/en/comps/183/Frauen-Bundesliga-Stats","possession"
"2025-2026","Union Berlin","Frauen-Bundesliga","Athanasia Moraitou","GRE","MF","28-195",1.4,56,1,13,33,10,1,56,2,0,0,2,100,15,97,47,1,1,0,1,0,34,2,"https://fbref.com/en/players/69d39de8/Athanasia-Moraitou","Frauen Bundesliga","https://fbref.com/en/comps/183/Frauen-Bundesliga-Stats","possession"
"2025-2026","Union Berlin","Frauen-Bundesliga","Judith Steinert","GER","DF,MF","30-019",0.9,76,2,21,38,17,1,76,0,0,NA,0,NA,19,66,22,0,0,0,0,0,36,6,"https://fbref.com/en/players/b34e600e/Judith-Steinert","Frauen Bundesliga","https://fbref.com/en/comps/183/Frauen-Bundesliga-Stats","possession"
"2025-2026","Union Berlin","Frauen-Bundesliga","Ida Heikkinen","FIN","MF,FW","19-001",0.7,35,1,5,19,12,2,35,4,2,50,2,50,20,202,62,4,0,1,4,2,22,8,"https://fbref.com/en/players/5b4d6a70/Ida-Heikkinen","Frauen Bundesliga","https://fbref.com/en/comps/183/Frauen-Bundesliga-Stats","possession"
"2025-2026","Union Berlin","Frauen-Bundesliga","Nele Bauereisen","GER","DF,MF","21-192",0.6,21,0,3,8,10,3,21,2,2,100,0,0,8,62,10,1,0,2,1,1,14,5,"https://fbref.com/en/players/50dd869a/Nele-Bauereisen","Frauen Bundesliga","https://fbref.com/en/comps/183/Frauen-Bundesliga-Stats","possession"
"2025-2026","Union Berlin","Frauen-Bundesliga","Korina Lara Janež","SVN","MF","21-231",0.3,5,0,2,2,1,0,5,0,0,NA,0,NA,1,4,2,0,0,0,0,0,3,0,"https://fbref.com/en/players/6acbeec8/Korina-Lara-Janez","Frauen Bundesliga","https://fbref.com/en/comps/183/Frauen-Bundesliga-Stats","possession"
"2025-2026","Union Berlin","Frauen-Bundesliga","Celine Frank","GER","MF","27-080",0.1,7,0,1,6,0,0,7,0,0,NA,0,NA,1,0,0,0,0,0,1,0,2,0,"https://fbref.com/en/players/2d5f4946/Celine-Frank","Frauen Bundesliga","https://fbref.com/en/comps/183/Frauen-Bundesliga-Stats","possession"
"2025-2026","Union Berlin","Frauen-Bundesliga","Mariann Noack","GER","DF","16-237",0.1,3,0,2,1,0,0,3,0,0,NA,0,NA,0,0,0,0,0,0,1,0,1,0,"https://fbref.com/en/players/0bdb86d9/Mariann-Noack","Frauen Bundesliga","https://fbref.com/en/comps/183/Frauen-Bundesliga-Stats","possession"
"2025-2026","Union Berlin","Frauen-Bundesliga","Alma Marie Aagaard","DEN","MF","19-258",0,0,0,0,0,0,0,0,0,0,NA,0,NA,0,0,0,0,0,0,0,0,0,0,"https://fbref.com/en/players/7a70b30b/Alma-Marie-Aagaard","Frauen Bundesliga","https://fbref.com/en/comps/183/Frauen-Bundesliga-Stats","possession"
"2025-2026","RB Leipzig","Frauen-Bundesliga","Elvira Herzog","SUI","GK","25-223",6,190,170,187,1,2,1,190,0,0,NA,0,NA,75,367,192,0,0,0,0,0,86,0,"https://fbref.com/en/players/2ba3e2e8/Elvira-Herzog","Frauen Bundesliga","https://fbref.com/en/comps/183/Frauen-Bundesliga-Stats","possession"
"2025-2026","RB Leipzig","Frauen-Bundesliga","Julia Landenberger","GER","DF","21-296",6,475,47,250,210,16,4,475,2,0,0,2,100,193,1155,696,3,2,0,3,0,316,6,"https://fbref.com/en/players/2ff444b6/Julia-Landenberger","Frauen Bundesliga","https://fbref.com/en/comps/183/Frauen-Bundesliga-Stats","possession"
"2025-2026","RB Leipzig","Frauen-Bundesliga","Annabel Schasching","AUT","MF,FW","23-080",5.9,338,8,75,189,79,4,338,8,1,12.5,7,87.5,105,532,208,7,2,1,11,7,208,22,"https://fbref.com/en/players/021718ce/Annabel-Schasching","Frauen Bundesliga","https://fbref.com/en/comps/183/Frauen-Bundesliga-Stats","possession"
"2025-2026","RB Leipzig","Frauen-Bundesliga","Lisa Baum","GER","DF,MF","18-323",5.2,230,6,44,93,102,14,230,25,12,48,13,52,97,732,339,14,7,8,21,8,125,45,"https://fbref.com/en/players/4aa0fbfd/Lisa-Baum","Frauen Bundesliga","https://fbref.com/en/comps/183/Frauen-Bundesliga-Stats","possession"
"2025-2026","RB Leipzig","Frauen-Bundesliga","Andrea Norheim","NOR","DF","26-257",5,398,64,244,149,5,1,398,2,1,50,1,50,189,916,518,1,0,0,3,2,281,0,"https://fbref.com/en/players/d52de4c8/Andrea-Norheim","Frauen Bundesliga","https://fbref.com/en/comps/183/Frauen-Bundesliga-Stats","possession"
"2025-2026","RB Leipzig","Frauen-Bundesliga","Sandra Starke","GER","MF","32-075",4.8,361,13,107,207,48,4,361,11,3,27.3,8,72.7,133,555,241,2,2,1,6,5,242,7,"https://fbref.com/en/players/60c22595/Sandra-Starke","Frauen Bundesliga","https://fbref.com/en/comps/183/Frauen-Bundesliga-Stats","possession"
"2025-2026","RB Leipzig","Frauen-Bundesliga","Giovanna Hoffmann","GER","FW,MF","27-024",4.1,142,3,13,60,70,32,142,4,0,0,4,100,64,424,146,7,1,5,13,4,99,35,"https://fbref.com/en/players/e81f194d/Giovanna-Hoffmann","Frauen Bundesliga","https://fbref.com/en/comps/183/Frauen-Bundesliga-Stats","possession"
"2025-2026","RB Leipzig","Frauen-Bundesliga","Marleen Schimmer","GER","DF,FW","24-356",3.9,228,8,74,99,58,4,228,16,7,43.8,9,56.3,93,645,280,5,4,1,14,3,130,17,"https://fbref.com/en/players/be36d20c/Marleen-Schimmer","Frauen Bundesliga","https://fbref.com/en/comps/183/Frauen-Bundesliga-Stats","possession"
"2025-2026","RB Leipzig","Frauen-Bundesliga","Delice Boboy","GER","FW,MF","18-349",3.8,123,2,16,66,43,8,123,12,5,41.7,7,58.3,67,328,103,3,2,2,12,8,105,23,"https://fbref.com/en/players/32c68f4e/Delice-Boboy","Frauen Bundesliga","https://fbref.com/en/comps/183/Frauen-Bundesliga-Stats","possession"
"2025-2026","RB Leipzig","Frauen-Bundesliga","Marlene Müller","GER","MF,FW","24-355",3.8,186,6,56,79,53,8,186,6,4,66.7,2,33.3,82,448,206,5,4,2,7,5,104,25,"https://fbref.com/en/players/60352dae/Marlene-Muller","Frauen Bundesliga","https://fbref.com/en/comps/183/Frauen-Bundesliga-Stats","possession"
"2025-2026","RB Leipzig","Frauen-Bundesliga","Nikoline Dudek","DEN","DF,MF","22-028",3.2,257,11,89,126,42,4,257,4,0,0,4,100,81,340,183,5,4,1,3,2,142,7,"https://fbref.com/en/players/1fdb740f/Nikoline-Dudek","Frauen Bundesliga","https://fbref.com/en/comps/183/Frauen-Bundesliga-Stats","possession"
"2025-2026","RB Leipzig","Frauen-Bundesliga","Lou-Ann Joly","FRA","MF","23-183",2.9,172,8,61,91,22,1,172,8,5,62.5,3,37.5,70,220,73,0,1,0,7,3,118,0,"https://fbref.com/en/players/0fee9f6d/Lou-Ann-Joly","Frauen Bundesliga","https://fbref.com/en/comps/183/Frauen-Bundesliga-Stats","possession"
"2025-2026","RB Leipzig","Frauen-Bundesliga","Gina Chmielinski","GER","MF,FW","25-129",2.9,132,2,13,59,60,4,132,3,0,0,3,100,42,154,48,0,0,0,10,1,86,13,"https://fbref.com/en/players/8c3de9d6/Gina-Chmielinski","Frauen Bundesliga","https://fbref.com/en/comps/183/Frauen-Bundesliga-Stats","possession"
"2025-2026","RB Leipzig","Frauen-Bundesliga","Mai Kadowaki","JPN","FW,MF","24-175",2.6,74,1,10,28,36,1,74,4,3,75,1,25,29,92,20,0,2,0,9,2,50,15,"https://fbref.com/en/players/f39de6ec/Mai-Kadowaki","Frauen Bundesliga","https://fbref.com/en/comps/183/Frauen-Bundesliga-Stats","possession"
"2025-2026","RB Leipzig","Frauen-Bundesliga","Victoria Krug","GER","DF","27-275",2.6,184,17,64,104,17,0,184,2,0,0,2,100,44,244,134,2,1,0,4,0,90,0,"https://fbref.com/en/players/a3183592/Victoria-Krug","Frauen Bundesliga","https://fbref.com/en/comps/183/Frauen-Bundesliga-Stats","possession"
"2025-2026","RB Leipzig","Frauen-Bundesliga","Julia Magerl","AUT","DF","22-165",1.9,165,24,116,47,4,1,165,1,0,0,1,100,44,201,101,0,0,0,2,0,90,0,"https://fbref.com/en/players/87be9b9d/Julia-Magerl","Frauen Bundesliga","https://fbref.com/en/comps/183/Frauen-Bundesliga-Stats","possession"
"2025-2026","RB Leipzig","Frauen-Bundesliga","Emilía Ásgeirsdóttir","ISL","FW,MF","20-257",0.7,36,0,3,18,15,4,36,1,0,0,1,100,10,39,24,2,1,2,2,0,23,5,"https://fbref.com/en/players/8f4f0cc8/Emilia-Asgeirsdottir","Frauen Bundesliga","https://fbref.com/en/comps/183/Frauen-Bundesliga-Stats","possession"
"2025-2026","RB Leipzig","Frauen-Bundesliga","Persis Oteng","NED","FW,MF","19-345",0.6,14,0,1,6,7,1,14,2,2,100,0,0,6,98,3,0,0,0,1,1,9,3,"https://fbref.com/en/players/0fb8146e/Persis-Oteng","Frauen Bundesliga","https://fbref.com/en/comps/183/Frauen-Bundesliga-Stats","possession"
"2025-2026","RB Leipzig","Frauen-Bundesliga","Luca Maria Graf","GER","FW","26-209",0,0,0,0,0,0,0,0,0,0,NA,0,NA,0,0,0,0,0,0,0,0,0,0,"https://fbref.com/en/players/571efbd6/Luca-Maria-Graf","Frauen Bundesliga","https://fbref.com/en/comps/183/Frauen-Bundesliga-Stats","possession"
"2025-2026","Köln","Frauen-Bundesliga","Laura Vogt","GER","MF","24-154",5,271,7,67,127,77,5,271,2,1,50,1,50,51,276,117,2,3,0,2,3,109,11,"https://fbref.com/en/players/99c4eb1a/Laura-Vogt","Frauen Bundesliga","https://fbref.com/en/comps/183/Frauen-Bundesliga-Stats","possession"
"2025-2026","Köln","Frauen-Bundesliga","Sara Agrež","SVN","DF","24-309",5,280,31,135,133,13,0,280,2,2,100,0,0,80,431,202,2,1,0,5,1,142,1,"https://fbref.com/en/players/f4321ccd/Sara-Agrez","Frauen Bundesliga","https://fbref.com/en/comps/183/Frauen-Bundesliga-Stats","possession"
"2025-2026","Köln","Frauen-Bundesliga","Carlotta Imping","GER","DF,FW","21-308",4.7,261,12,85,115,63,7,261,8,4,50,4,50,89,716,432,15,7,2,7,3,129,12,"https://fbref.com/en/players/baf38991/Carlotta-Imping","Frauen Bundesliga","https://fbref.com/en/comps/183/Frauen-Bundesliga-Stats","possession"
"2025-2026","Köln","Frauen-Bundesliga","Laura Feiersinger","AUT","MF","32-192",4.7,290,2,51,180,60,7,290,7,5,71.4,2,28.6,99,569,297,11,4,2,15,6,190,12,"https://fbref.com/en/players/1b4b3721/Laura-Feiersinger","Frauen Bundesliga","https://fbref.com/en/comps/183/Frauen-Bundesliga-Stats","possession"
"2025-2026","Köln","Frauen-Bundesliga","Laura Donhauser","GER","FW","24-040",4.7,171,3,36,83,57,13,171,11,3,27.3,8,72.7,80,430,193,5,7,0,18,8,102,17,"https://fbref.com/en/players/307ba10b/Laura-Donhauser","Frauen Bundesliga","https://fbref.com/en/comps/183/Frauen-Bundesliga-Stats","possession"
"2025-2026","Köln","Frauen-Bundesliga","Sandra Jessen","ISL","FW","30-269",4.6,142,4,10,54,80,23,142,9,3,33.3,6,66.7,67,289,104,4,2,4,26,5,101,24,"https://fbref.com/en/players/cc4a09af/Sandra-Jessen","Frauen Bundesliga","https://fbref.com/en/comps/183/Frauen-Bundesliga-Stats","possession"
"2025-2026","Köln","Frauen-Bundesliga","Adriana Achcińska","POL","MF","23-175",4.6,190,5,28,86,76,9,190,7,3,42.9,4,57.1,59,422,156,6,2,0,7,1,89,11,"https://fbref.com/en/players/d85ee236/Adriana-Achcinska","Frauen Bundesliga","https://fbref.com/en/comps/183/Frauen-Bundesliga-Stats","possession"
"2025-2026","Köln","Frauen-Bundesliga","Anna Gerhardt","GER","DF","27-180",4,219,7,83,82,56,1,219,13,6,46.2,7,53.8,46,333,158,6,3,1,9,3,68,16,"https://fbref.com/en/players/f3794764/Anna-Gerhardt","Frauen Bundesliga","https://fbref.com/en/comps/183/Frauen-Bundesliga-Stats","possession"
"2025-2026","Köln","Frauen-Bundesliga","Lisa Schmitz","GER","GK","33-163",4,134,95,133,1,0,0,134,1,1,100,0,0,74,399,198,0,0,0,0,0,71,0,"https://fbref.com/en/players/38bbb38c/Lisa-Schmitz","Frauen Bundesliga","https://fbref.com/en/comps/183/Frauen-Bundesliga-Stats","possession"
"2025-2026","Köln","Frauen-Bundesliga","Marina Hegering","GER","DF","35-180",3.7,252,50,128,104,22,9,252,2,1,50,1,50,51,236,138,0,0,0,6,1,92,1,"https://fbref.com/en/players/df1695c1/Marina-Hegering","Frauen Bundesliga","https://fbref.com/en/comps/183/Frauen-Bundesliga-Stats","possession"
"2025-2026","Köln","Frauen-Bundesliga","Sylwia Matysik","POL","DF","28-147",1.7,119,4,53,52,16,2,119,0,0,NA,0,NA,34,211,51,0,0,0,3,0,46,1,"https://fbref.com/en/players/b2d4690f/Sylwia-Matysik","Frauen Bundesliga","https://fbref.com/en/comps/183/Frauen-Bundesliga-Stats","possession"
"2025-2026","Köln","Frauen-Bundesliga","Lydia Andrade","SUI","FW,DF","26-236",1.8,48,0,3,20,25,3,48,2,0,0,2,100,16,86,19,2,0,1,8,4,25,9,"https://fbref.com/en/players/221e533d/Lydia-Andrade","Frauen Bundesliga","https://fbref.com/en/comps/183/Frauen-Bundesliga-Stats","possession"
"2025-2026","Köln","Frauen-Bundesliga","Martyna Wiankowska","POL","DF,FW","28-294",1.3,75,8,20,35,20,2,75,1,1,100,0,0,14,73,20,1,0,0,4,1,27,7,"https://fbref.com/en/players/83188bdb/Martyna-Wiankowska","Frauen Bundesliga","https://fbref.com/en/comps/183/Frauen-Bundesliga-Stats","possession"
"2025-2026","Köln","Frauen-Bundesliga","Weronika Zawistowska","POL","FW","25-301",1,29,0,2,13,14,3,29,2,0,0,2,100,15,139,76,3,1,2,4,1,19,6,"https://fbref.com/en/players/a204c740/Weronika-Zawistowska","Frauen Bundesliga","https://fbref.com/en/comps/183/Frauen-Bundesliga-Stats","possession"
"2025-2026","Köln","Frauen-Bundesliga","Irina Fuchs","SUI","GK","20-026",1,33,21,33,0,0,0,33,0,0,NA,0,NA,12,51,21,0,0,0,0,0,21,0,"https://fbref.com/en/players/81765813/Irina-Fuchs","Frauen Bundesliga","https://fbref.com/en/comps/183/Frauen-Bundesliga-Stats","possession"
"2025-2026","Köln","Frauen-Bundesliga","Anna-Lena Stolze","GER","FW,MF","25-098",0.9,45,2,3,25,17,5,44,1,0,0,1,100,15,69,13,1,0,0,4,1,30,8,"https://fbref.com/en/players/f0bbb279/Anna-Lena-Stolze","Frauen Bundesliga","https://fbref.com/en/comps/183/Frauen-Bundesliga-Stats","possession"
"2025-2026","Köln","Frauen-Bundesliga","Celina Degen","AUT","DF,MF","24-151",0.7,60,6,24,36,0,0,60,0,0,NA,0,NA,17,53,26,0,0,0,2,1,35,0,"https://fbref.com/en/players/eb75cca6/Celina-Degen","Frauen Bundesliga","https://fbref.com/en/comps/183/Frauen-Bundesliga-Stats","possession"
"2025-2026","Köln","Frauen-Bundesliga","Vanessa Leimenstoll","GER","FW,MF","24-227",0.5,33,1,6,12,15,2,33,0,0,NA,0,NA,15,86,35,3,1,0,2,2,20,6,"https://fbref.com/en/players/81b66ed2/Vanessa-Leimenstoll","Frauen Bundesliga","https://fbref.com/en/comps/183/Frauen-Bundesliga-Stats","possession"
"2025-2026","Köln","Frauen-Bundesliga","Julia Schiffarth","GER","MF,FW","18-009",0.4,13,1,1,6,6,1,13,0,0,NA,0,NA,6,38,11,0,0,0,2,0,5,0,"https://fbref.com/en/players/f537cc2c/Julia-Schiffarth","Frauen Bundesliga","https://fbref.com/en/comps/183/Frauen-Bundesliga-Stats","possession"
"2025-2026","Köln","Frauen-Bundesliga","Pauline Bremer","GER","DF","29-187",0.3,14,1,2,9,5,1,14,0,0,NA,0,NA,3,39,24,1,1,0,2,0,6,0,"https://fbref.com/en/players/ef20b0e8/Pauline-Bremer","Frauen Bundesliga","https://fbref.com/en/comps/183/Frauen-Bundesliga-Stats","possession"
"2025-2026","Köln","Frauen-Bundesliga","Amelie Bohnen","GER","DF","24-059",0,1,1,1,0,0,0,1,0,0,NA,0,NA,0,0,0,0,0,0,0,0,0,0,"https://fbref.com/en/players/c5a3a2aa/Amelie-Bohnen","Frauen Bundesliga","https://fbref.com/en/comps/183/Frauen-Bundesliga-Stats","possession"
"2025-2026","1. FC Nürnberg","Frauen-Bundesliga","Nastassja Lein","GER","MF","24-243",6,176,8,35,74,74,26,176,11,7,63.6,4,36.4,81,637,202,9,13,11,29,12,91,34,"https://fbref.com/en/players/c91c5067/Nastassja-Lein","Frauen Bundesliga","https://fbref.com/en/comps/183/Frauen-Bundesliga-Stats","possession"
"2025-2026","1. FC Nürnberg","Frauen-Bundesliga","Larissa Rusek","AUT","GK","20-286",6,209,176,205,4,0,0,209,0,0,NA,0,NA,87,458,241,0,0,0,0,0,78,0,"https://fbref.com/en/players/11c0166a/Larissa-Rusek","Frauen Bundesliga","https://fbref.com/en/comps/183/Frauen-Bundesliga-Stats","possession"
"2025-2026","1. FC Nürnberg","Frauen-Bundesliga","Oliwia Woś","POL","DF","26-060",6,233,64,148,71,15,1,232,0,0,NA,0,NA,63,313,153,0,0,0,3,0,89,1,"https://fbref.com/en/players/f6acd028/Oliwia-Wos","Frauen Bundesliga","https://fbref.com/en/comps/183/Frauen-Bundesliga-Stats","possession"
"2025-2026","1. FC Nürnberg","Frauen-Bundesliga","Sanja Homann","GER","MF,DF","23-290",5.7,207,15,56,79,73,16,207,13,10,76.9,3,23.1,67,566,227,14,3,9,14,1,71,22,"https://fbref.com/en/players/a528a23e/Sanja-Homann","Frauen Bundesliga","https://fbref.com/en/comps/183/Frauen-Bundesliga-Stats","possession"
"2025-2026","1. FC Nürnberg","Frauen-Bundesliga","Julia Pollak","GER","DF","23-158",5.7,267,25,123,105,41,4,267,0,0,NA,0,NA,48,240,101,1,1,0,6,1,75,6,"https://fbref.com/en/players/c639a95f/Julia-Pollak","Frauen Bundesliga","https://fbref.com/en/comps/183/Frauen-Bundesliga-Stats","possession"
"2025-2026","1. FC Nürnberg","Frauen-Bundesliga","Luisa Guttenberger","GER","DF,MF","26-317",5.7,147,22,71,58,19,4,147,0,0,NA,0,NA,32,171,41,0,1,1,2,1,43,2,"https://fbref.com/en/players/ce8310d3/Luisa-Guttenberger","Frauen Bundesliga","https://fbref.com/en/comps/183/Frauen-Bundesliga-Stats","possession"
"2025-2026","1. FC Nürnberg","Frauen-Bundesliga","Beatrix Fördős","HUN","DF","23-280",5.5,168,66,129,37,3,1,168,0,0,NA,0,NA,33,126,50,0,0,0,0,1,52,0,"https://fbref.com/en/players/67d2f423/Beatrix-Fordos","Frauen Bundesliga","https://fbref.com/en/comps/183/Frauen-Bundesliga-Stats","possession"
"2025-2026","1. FC Nürnberg","Frauen-Bundesliga","Aneta Polášková","CZE","FW","23-164",4.8,165,3,12,75,80,13,165,9,3,33.3,6,66.7,82,459,185,7,3,1,26,14,100,27,"https://fbref.com/en/players/88b52cda/Aneta-Polaskova","Frauen Bundesliga","https://fbref.com/en/comps/183/Frauen-Bundesliga-Stats","possession"
"2025-2026","1. FC Nürnberg","Frauen-Bundesliga","Laura Miller","LUX","MF","23-311",4.2,151,3,35,94,24,2,151,4,1,25,3,75,37,221,103,1,2,0,5,2,47,6,"https://fbref.com/en/players/d38560f6/Laura-Miller","Frauen Bundesliga","https://fbref.com/en/comps/183/Frauen-Bundesliga-Stats","possession"
"2025-2026","1. FC Nürnberg","Frauen-Bundesliga","Aleigh Gambone","USA","MF,DF","25-005",4,176,9,59,83,36,1,176,6,5,83.3,1,16.7,50,374,207,4,4,1,7,1,59,5,"https://fbref.com/en/players/f7960ed7/Aleigh-Gambone","Frauen Bundesliga","https://fbref.com/en/comps/183/Frauen-Bundesliga-Stats","possession"
"2025-2026","1. FC Nürnberg","Frauen-Bundesliga","Selma Licina","MNE","MF,FW","24-159",3.7,169,6,26,78,66,14,169,9,5,55.6,4,44.4,59,352,107,4,2,2,10,15,96,13,"https://fbref.com/en/players/b28e04bd/Selma-Licina","Frauen Bundesliga","https://fbref.com/en/comps/183/Frauen-Bundesliga-Stats","possession"
"2025-2026","1. FC Nürnberg","Frauen-Bundesliga","Franziska Mai","GER","DF,FW","26-002",2.8,79,5,29,31,19,1,79,0,0,NA,0,NA,12,94,50,2,1,0,3,1,17,4,"https://fbref.com/en/players/915c9aa3/Franziska-Mai","Frauen Bundesliga","https://fbref.com/en/comps/183/Frauen-Bundesliga-Stats","possession"
"2025-2026","1. FC Nürnberg","Frauen-Bundesliga","Jacqueline Baumgärtel","GER","FW,MF","23-225",2.2,47,3,7,21,20,6,47,2,1,50,1,50,19,150,71,2,1,0,6,2,28,8,"https://fbref.com/en/players/29ee98e7/Jacqueline-Baumgartel","Frauen Bundesliga","https://fbref.com/en/comps/183/Frauen-Bundesliga-Stats","possession"
"2025-2026","1. FC Nürnberg","Frauen-Bundesliga","Jonna Brengel","GER","MF","21-030",1.6,58,2,17,25,17,3,58,5,3,60,2,40,17,110,65,3,1,0,3,2,22,3,"https://fbref.com/en/players/ada7b4f0/Jonna-Brengel","Frauen Bundesliga","https://fbref.com/en/comps/183/Frauen-Bundesliga-Stats","possession"
"2025-2026","1. FC Nürnberg","Frauen-Bundesliga","Clara Fröhlich","GER","DF","21-213",1.2,58,10,33,19,7,1,58,0,0,NA,0,NA,20,96,59,1,0,0,2,0,24,1,"https://fbref.com/en/players/265328ec/Clara-Frohlich","Frauen Bundesliga","https://fbref.com/en/comps/183/Frauen-Bundesliga-Stats","possession"
"2025-2026","1. FC Nürnberg","Frauen-Bundesliga","Klara Senelius","SWE","DF,MF","20-128",0.4,28,3,12,12,4,0,28,0,0,NA,0,NA,3,28,2,0,0,0,2,1,2,0,"https://fbref.com/en/players/821d479d/Klara-Senelius","Frauen Bundesliga","https://fbref.com/en/comps/183/Frauen-Bundesliga-Stats","possession"
"2025-2026","1. FC Nürnberg","Frauen-Bundesliga","Meret Günster","GER","MF,FW","22-268",0.2,14,0,3,6,5,0,14,0,0,NA,0,NA,1,0,0,0,0,0,1,1,2,0,"https://fbref.com/en/players/2fd87cb2/Meret-Gunster","Frauen Bundesliga","https://fbref.com/en/comps/183/Frauen-Bundesliga-Stats","possession"
"2025-2026","1. FC Nürnberg","Frauen-Bundesliga","Amélie Thöle","GER","MF","22-044",0.2,2,1,2,0,0,0,2,0,0,NA,0,NA,0,0,0,0,0,0,0,0,0,0,"https://fbref.com/en/players/f16d1bf3/Amelie-Thole","Frauen Bundesliga","https://fbref.com/en/comps/183/Frauen-Bundesliga-Stats","possession"
"2025-2026","1. FC Nürnberg","Frauen-Bundesliga","Alina Mailbeck","GER","MF","28-124",0,0,0,0,0,0,0,0,0,0,NA,0,NA,0,0,0,0,0,0,0,0,0,0,"https://fbref.com/en/players/fc577573/Alina-Mailbeck","Frauen Bundesliga","https://fbref.com/en/comps/183/Frauen-Bundesliga-Stats","possession"
"2025-2026","Hamburger SV","Frauen-Bundesliga","Melanie Brunnthaler","AUT","FW","25-016",6,206,4,15,94,97,21,206,24,10,41.7,14,58.3,103,488,169,7,4,3,35,17,150,30,"https://fbref.com/en/players/0a63b53a/Melanie-Brunnthaler","Frauen Bundesliga","https://fbref.com/en/comps/183/Frauen-Bundesliga-Stats","possession"
"2025-2026","Hamburger SV","Frauen-Bundesliga","Svea Stoldt","GER","DF","19-315",6,251,47,128,95,30,2,251,3,2,66.7,1,33.3,35,187,81,0,0,0,4,2,62,2,"https://fbref.com/en/players/5b400501/Svea-Stoldt","Frauen Bundesliga","https://fbref.com/en/comps/183/Frauen-Bundesliga-Stats","possession"
"2025-2026","Hamburger SV","Frauen-Bundesliga","Leni Marie Eggert","GER","DF","17-100",6,362,20,129,125,111,8,362,21,5,23.8,16,76.2,94,889,425,15,7,3,10,6,121,27,"https://fbref.com/en/players/5698d1c9/Leni-Marie-Eggert","Frauen Bundesliga","https://fbref.com/en/comps/183/Frauen-Bundesliga-Stats","possession"
"2025-2026","Hamburger SV","Frauen-Bundesliga","Pauline Machtens","GER","MF","23-108",4.7,148,7,36,79,33,4,148,0,0,NA,0,NA,26,176,43,1,1,1,3,0,68,5,"https://fbref.com/en/players/e4687714/Pauline-Machtens","Frauen Bundesliga","https://fbref.com/en/comps/183/Frauen-Bundesliga-Stats","possession"
"2025-2026","Hamburger SV","Frauen-Bundesliga","Sophie Hillebrand","AUT","FW","23-263",4.4,124,1,13,60,53,4,124,7,3,42.9,4,57.1,52,272,111,4,2,0,21,7,79,16,"https://fbref.com/en/players/c3f503a8/Sophie-Hillebrand","Frauen Bundesliga","https://fbref.com/en/comps/183/Frauen-Bundesliga-Stats","possession"
"2025-2026","Hamburger SV","Frauen-Bundesliga","Nina Räcke","GER","DF","24-027",5,188,29,101,71,17,3,188,1,1,100,0,0,45,235,122,2,0,1,2,1,67,4,"https://fbref.com/en/players/d0d2c2f8/Nina-Racke","Frauen Bundesliga","https://fbref.com/en/comps/183/Frauen-Bundesliga-Stats","possession"
"2025-2026","Hamburger SV","Frauen-Bundesliga","Mária Mikolajová","SVK","MF","26-123",4.2,175,6,37,84,58,7,175,8,2,25,6,75,56,340,190,8,2,2,11,3,87,10,"https://fbref.com/en/players/07ee8887/Maria-Mikolajova","Frauen Bundesliga","https://fbref.com/en/comps/183/Frauen-Bundesliga-Stats","possession"
"2025-2026","Hamburger SV","Frauen-Bundesliga","Jaqueline Donges","GER","DF","24-297",3.5,155,29,81,67,8,0,155,1,0,0,1,100,38,285,113,2,1,0,1,0,54,1,"https://fbref.com/en/players/60c2e7fe/Jaqueline-Donges","Frauen Bundesliga","https://fbref.com/en/comps/183/Frauen-Bundesliga-Stats","possession"
"2025-2026","Hamburger SV","Frauen-Bundesliga","Jobina Lahr","GER","DF","33-360",2.7,144,11,64,51,29,1,144,4,0,0,4,100,37,167,29,1,0,0,9,2,48,6,"https://fbref.com/en/players/368b0d80/Jobina-Lahr","Frauen Bundesliga","https://fbref.com/en/comps/183/Frauen-Bundesliga-Stats","possession"
"2025-2026","Hamburger SV","Frauen-Bundesliga","Emilia Hirche","GER","DF,FW","22-094",3.5,120,21,71,45,5,4,120,0,0,NA,0,NA,28,100,40,0,0,0,2,2,50,1,"https://fbref.com/en/players/60255644/Emilia-Hirche","Frauen Bundesliga","https://fbref.com/en/comps/183/Frauen-Bundesliga-Stats","possession"
"2025-2026","Hamburger SV","Frauen-Bundesliga","Lotta Wrede","GER","MF,DF","17-194",3.3,188,6,39,95,59,11,188,24,13,54.2,11,45.8,91,652,217,8,3,5,17,12,98,15,"https://fbref.com/en/players/8af3538b/Lotta-Wrede","Frauen Bundesliga","https://fbref.com/en/comps/183/Frauen-Bundesliga-Stats","possession"
"2025-2026","Hamburger SV","Frauen-Bundesliga","Inga Schuldt","GER","GK","28-196",3,105,86,104,1,0,0,105,0,0,NA,0,NA,33,239,150,0,0,0,0,0,22,0,"https://fbref.com/en/players/3151a778/Inga-Schuldt","Frauen Bundesliga","https://fbref.com/en/comps/183/Frauen-Bundesliga-Stats","possession"
"2025-2026","Hamburger SV","Frauen-Bundesliga","Annaleen Böhler","GER","DF","20-088",2.5,115,6,27,53,37,3,115,1,0,0,1,100,26,138,56,2,2,0,6,1,40,7,"https://fbref.com/en/players/801f23e0/Annaleen-Bohler","Frauen Bundesliga","https://fbref.com/en/comps/183/Frauen-Bundesliga-Stats","possession"
"2025-2026","Hamburger SV","Frauen-Bundesliga","Mia Büchele","GER","MF,DF","22-007",1.9,84,2,16,46,25,2,84,8,3,37.5,5,62.5,30,124,51,2,2,0,3,2,42,3,"https://fbref.com/en/players/762fd610/Mia-Buchele","Frauen Bundesliga","https://fbref.com/en/comps/183/Frauen-Bundesliga-Stats","possession"
"2025-2026","Hamburger SV","Frauen-Bundesliga","Laura Sieger","GER","GK","25-238",1.3,38,33,38,0,0,0,38,0,0,NA,0,NA,19,149,33,0,0,0,0,0,9,0,"https://fbref.com/en/players/90177ab1/Laura-Sieger","Frauen Bundesliga","https://fbref.com/en/comps/183/Frauen-Bundesliga-Stats","possession"
"2025-2026","Hamburger SV","Frauen-Bundesliga","Christin Meyer","GER","MF,DF","25-000",2.6,97,1,7,47,43,7,97,10,4,40,6,60,46,294,149,6,5,0,9,3,69,11,"https://fbref.com/en/players/5de1a331/Christin-Meyer","Frauen Bundesliga","https://fbref.com/en/comps/183/Frauen-Bundesliga-Stats","possession"
"2025-2026","Hamburger SV","Frauen-Bundesliga","Victoria Schulz","GER","MF,FW","27-337",2.4,104,9,23,46,35,3,104,4,0,0,4,100,33,153,30,1,2,0,4,4,44,7,"https://fbref.com/en/players/12fddac2/Victoria-Schulz","Frauen Bundesliga","https://fbref.com/en/comps/183/Frauen-Bundesliga-Stats","possession"
"2025-2026","Hamburger SV","Frauen-Bundesliga","Larissa Haidner","AUT","GK","20-210",1.7,67,52,67,0,0,0,67,0,0,NA,0,NA,27,129,112,0,0,0,0,0,16,0,"https://fbref.com/en/players/257050d3/Larissa-Haidner","Frauen Bundesliga","https://fbref.com/en/comps/183/Frauen-Bundesliga-Stats","possession"
"2025-2026","Hamburger SV","Frauen-Bundesliga","Viktoria Schwalm","GER","FW,MF","27-309",0.7,23,0,0,7,16,3,23,2,0,0,2,100,11,71,24,1,0,0,0,0,16,6,"https://fbref.com/en/players/109cdc0e/Viktoria-Schwalm","Frauen Bundesliga","https://fbref.com/en/comps/183/Frauen-Bundesliga-Stats","possession"
"2025-2026","Hamburger SV","Frauen-Bundesliga","Annalena Wucher","AUT","DF,FW","26-131",0.5,24,3,12,5,7,0,24,0,0,NA,0,NA,6,43,13,0,0,0,2,0,6,2,"https://fbref.com/en/players/e95a092a/Annalena-Wucher","Frauen Bundesliga","https://fbref.com/en/comps/183/Frauen-Bundesliga-Stats","possession"
"2025-2026","Hamburger SV","Frauen-Bundesliga","Vildan Kardesler","GER","MF","27-232",0.2,7,0,0,1,6,0,7,0,0,NA,0,NA,3,23,0,0,0,0,0,1,8,4,"https://fbref.com/en/players/0836fac5/Vildan-Kardesler","Frauen Bundesliga","https://fbref.com/en/comps/183/Frauen-Bundesliga-Stats","possession"
"2025-2026","Hamburger SV","Frauen-Bundesliga","Almudena Sierra","FRA","FW","18-170",0,4,0,1,2,1,0,4,0,0,NA,0,NA,1,1,0,0,0,0,0,1,1,0,"https://fbref.com/en/players/dfaf8c97/Almudena-Sierra","Frauen Bundesliga","https://fbref.com/en/comps/183/Frauen-Bundesliga-Stats","possession"
"2025-2026","Hamburger SV","Frauen-Bundesliga","Sophie Profé","GER","DF","22-168",0,5,0,2,2,1,0,5,0,0,NA,0,NA,1,12,9,0,0,0,0,0,0,0,"https://fbref.com/en/players/3fbda4cf/Sophie-Profe","Frauen Bundesliga","https://fbref.com/en/comps/183/Frauen-Bundesliga-Stats","possession"
"2025-2026","Carl-Zeiss Jena","Frauen-Bundesliga","Hannah Etzold","GER","GK","20-184",6,223,185,222,1,0,0,223,0,0,NA,0,NA,112,587,314,0,0,0,0,0,109,0,"https://fbref.com/en/players/636e368e/Hannah-Etzold","Frauen Bundesliga","https://fbref.com/en/comps/183/Frauen-Bundesliga-Stats","possession"
"2025-2026","Carl-Zeiss Jena","Frauen-Bundesliga","Toma Ihlenburg","GER","DF","22-314",6,350,133,247,97,7,2,350,2,1,50,1,50,86,478,261,1,1,0,2,0,121,0,"https://fbref.com/en/players/284f0c28/Toma-Ihlenburg","Frauen Bundesliga","https://fbref.com/en/comps/183/Frauen-Bundesliga-Stats","possession"
"2025-2026","Carl-Zeiss Jena","Frauen-Bundesliga","Nelly Juckel","GER","DF,MF","23-244",5.8,223,13,99,76,48,5,223,8,2,25,6,75,59,472,148,7,3,2,8,5,99,10,"https://fbref.com/en/players/0573d823/Nelly-Juckel","Frauen Bundesliga","https://fbref.com/en/comps/183/Frauen-Bundesliga-Stats","possession"
"2025-2026","Carl-Zeiss Jena","Frauen-Bundesliga","Josephine Bonsu","GHA","DF","26-055",5.7,262,26,125,83,57,2,262,15,4,26.7,11,73.3,85,653,201,3,4,1,8,3,122,6,"https://fbref.com/en/players/859f40d8/Josephine-Bonsu","Frauen Bundesliga","https://fbref.com/en/comps/183/Frauen-Bundesliga-Stats","possession"
"2025-2026","Carl-Zeiss Jena","Frauen-Bundesliga","Isabella Jaron","GER","FW","23-263",5.5,208,6,30,92,88,14,207,24,7,29.2,17,70.8,95,589,196,7,7,7,32,8,127,27,"https://fbref.com/en/players/27204b59/Isabella-Jaron","Frauen Bundesliga","https://fbref.com/en/comps/183/Frauen-Bundesliga-Stats","possession"
"2025-2026","Carl-Zeiss Jena","Frauen-Bundesliga","Felicia Sophie Sträßer","GER","DF","17-302",5.5,265,51,153,88,24,1,265,6,3,50,3,50,69,480,145,2,1,0,3,2,100,2,"https://fbref.com/en/players/f32b2b51/Felicia-Sophie-Strasser","Frauen Bundesliga","https://fbref.com/en/comps/183/Frauen-Bundesliga-Stats","possession"
"2025-2026","Carl-Zeiss Jena","Frauen-Bundesliga","Noemi Gentile","GER","MF,FW","25-173",5.4,206,13,59,97,53,5,206,4,2,50,2,50,73,366,83,1,2,0,21,4,110,7,"https://fbref.com/en/players/bcfe3ce4/Noemi-Gentile","Frauen Bundesliga","https://fbref.com/en/comps/183/Frauen-Bundesliga-Stats","possession"
"2025-2026","Carl-Zeiss Jena","Frauen-Bundesliga","Rieke Tietz","GER","FW","23-219",5.1,129,2,27,61,41,5,129,8,2,25,6,75,44,361,78,3,3,2,13,7,59,12,"https://fbref.com/en/players/f3e42d2e/Rieke-Tietz","Frauen Bundesliga","https://fbref.com/en/comps/183/Frauen-Bundesliga-Stats","possession"
"2025-2026","Carl-Zeiss Jena","Frauen-Bundesliga","Stefanie Schmid","GER","DF","20-020",5.3,283,44,158,105,21,0,283,4,0,0,4,100,75,465,250,1,3,0,3,1,111,1,"https://fbref.com/en/players/48fb9ed5/Stefanie-Schmid","Frauen Bundesliga","https://fbref.com/en/comps/183/Frauen-Bundesliga-Stats","possession"
"2025-2026","Carl-Zeiss Jena","Frauen-Bundesliga","Lisa Gora","GER","MF,DF","21-226",3.7,151,9,57,69,25,0,151,4,1,25,3,75,49,203,47,0,1,0,5,1,75,3,"https://fbref.com/en/players/e4e4f1c0/Lisa-Gora","Frauen Bundesliga","https://fbref.com/en/comps/183/Frauen-Bundesliga-Stats","possession"
"2025-2026","Carl-Zeiss Jena","Frauen-Bundesliga","Emily Reske","GER","MF","20-204",3.8,109,13,43,48,19,2,109,4,1,25,3,75,29,143,54,2,0,0,9,1,39,1,"https://fbref.com/en/players/df742823/Emily-Reske","Frauen Bundesliga","https://fbref.com/en/comps/183/Frauen-Bundesliga-Stats","possession"
"2025-2026","Carl-Zeiss Jena","Frauen-Bundesliga","Merza Julević","GER","MF","35-180",2,73,8,33,31,10,3,73,0,0,NA,0,NA,18,77,26,0,1,0,5,0,34,1,"https://fbref.com/en/players/55229ecf/Merza-Julevic","Frauen Bundesliga","https://fbref.com/en/comps/183/Frauen-Bundesliga-Stats","possession"
"2025-2026","Carl-Zeiss Jena","Frauen-Bundesliga","Nike Herrmann","GER","MF","23-198",1.7,82,5,25,43,14,1,82,6,2,33.3,4,66.7,32,147,65,1,1,1,2,1,49,1,"https://fbref.com/en/players/6e067c8e/Nike-Herrmann","Frauen Bundesliga","https://fbref.com/en/comps/183/Frauen-Bundesliga-Stats","possession"
"2025-2026","Carl-Zeiss Jena","Frauen-Bundesliga","Elena Mühlemann","SUI","MF","22-063",1.3,66,4,16,39,11,0,66,1,0,0,1,100,19,106,12,0,0,0,3,3,35,1,"https://fbref.com/en/players/917afc8a/Elena-Muhlemann","Frauen Bundesliga","https://fbref.com/en/comps/183/Frauen-Bundesliga-Stats","possession"
"2025-2026","Carl-Zeiss Jena","Frauen-Bundesliga","Bente Fischer","GER","DF","22-321",0.5,20,3,10,6,4,0,20,0,0,NA,0,NA,6,40,16,0,0,0,0,2,6,0,"https://fbref.com/en/players/66834f26/Bente-Fischer","Frauen Bundesliga","https://fbref.com/en/comps/183/Frauen-Bundesliga-Stats","possession"
"2025-2026","Carl-Zeiss Jena","Frauen-Bundesliga","Anna Margraf","AUS","FW,MF","24-160",1.4,37,0,6,15,16,3,37,2,0,0,2,100,14,79,34,2,1,0,5,1,19,5,"https://fbref.com/en/players/53836ede/Anna-Margraf","Frauen Bundesliga","https://fbref.com/en/comps/183/Frauen-Bundesliga-Stats","possession"
"2025-2026","Carl-Zeiss Jena","Frauen-Bundesliga","Suya Haering","NZL","DF,FW","20-103",0.8,23,4,11,10,4,0,23,1,1,100,0,0,6,32,3,0,0,0,5,1,9,2,"https://fbref.com/en/players/ebfc08fe/Suya-Haering","Frauen Bundesliga","https://fbref.com/en/comps/183/Frauen-Bundesliga-Stats","possession"
"2025-2026","Carl-Zeiss Jena","Frauen-Bundesliga","Melina Reuter","GER","MF,FW","19-298",0.4,18,0,1,5,12,0,18,1,0,0,1,100,12,97,52,2,4,0,1,1,15,4,"https://fbref.com/en/players/9ddd2e09/Melina-Reuter","Frauen Bundesliga","https://fbref.com/en/comps/183/Frauen-Bundesliga-Stats","possession"
"2025-2026","Essen","Frauen-Bundesliga","Lena Ostermeier","GER","DF","29-013",6,449,27,190,210,52,2,449,3,1,33.3,2,66.7,176,1096,509,6,2,0,5,3,202,4,"https://fbref.com/en/players/4e673b2e/Lena-Ostermeier","Frauen Bundesliga","https://fbref.com/en/comps/183/Frauen-Bundesliga-Stats","possession"
"2025-2026","Essen","Frauen-Bundesliga","Vanessa Furst","GER","DF,MF","23-353",6,352,46,193,127,35,4,352,12,5,41.7,7,58.3,166,916,463,5,1,1,6,7,198,8,"https://fbref.com/en/players/8ad8b4b4/Vanessa-Furst","Frauen Bundesliga","https://fbref.com/en/comps/183/Frauen-Bundesliga-Stats","possession"
"2025-2026","Essen","Frauen-Bundesliga","Jana Feldkamp","GER","MF","27-213",5.8,302,7,83,171,51,3,302,5,3,60,2,40,136,569,218,2,3,0,6,5,197,11,"https://fbref.com/en/players/11bb564b/Jana-Feldkamp","Frauen Bundesliga","https://fbref.com/en/comps/183/Frauen-Bundesliga-Stats","possession"
"2025-2026","Essen","Frauen-Bundesliga","Ramona Maier","GER","FW,MF","30-025",5.8,188,1,30,82,78,13,188,16,7,43.8,9,56.3,100,621,237,8,7,1,32,13,119,30,"https://fbref.com/en/players/7f2c8da2/Ramona-Maier","Frauen Bundesliga","https://fbref.com/en/comps/183/Frauen-Bundesliga-Stats","possession"
"2025-2026","Essen","Frauen-Bundesliga","Jacqueline Klasen","GER","DF","31-252",5.6,402,45,232,145,33,2,402,11,4,36.4,7,63.6,170,1118,524,7,3,0,5,3,189,9,"https://fbref.com/en/players/51532c67/Jacqueline-Klasen","Frauen Bundesliga","https://fbref.com/en/comps/183/Frauen-Bundesliga-Stats","possession"
"2025-2026","Essen","Frauen-Bundesliga","Paula Flach","GER","DF,MF","22-165",5.3,318,21,145,131,44,0,318,6,2,33.3,4,66.7,123,621,312,4,2,0,1,4,149,13,"https://fbref.com/en/players/66605f59/Paula-Flach","Frauen Bundesliga","https://fbref.com/en/comps/183/Frauen-Bundesliga-Stats","possession"
"2025-2026","Essen","Frauen-Bundesliga","Laureta Elmazi","GER","FW,MF","22-110",5.2,167,3,25,84,61,19,167,12,4,33.3,8,66.7,87,500,157,7,2,6,23,3,103,28,"https://fbref.com/en/players/8b4050bb/Laureta-Elmazi","Frauen Bundesliga","https://fbref.com/en/comps/183/Frauen-Bundesliga-Stats","possession"
"2025-2026","Essen","Frauen-Bundesliga","Kim Sindermann","GER","GK","24-286",5,211,181,211,0,0,0,211,0,0,NA,0,NA,98,488,270,0,0,0,0,0,94,0,"https://fbref.com/en/players/a931eea3/Kim-Sindermann","Frauen Bundesliga","https://fbref.com/en/comps/183/Frauen-Bundesliga-Stats","possession"
"2025-2026","Essen","Frauen-Bundesliga","Shari Van Belle","BEL","MF,FW","25-296",3.7,123,3,19,73,31,8,123,3,1,33.3,2,66.7,48,182,80,1,0,1,9,0,79,4,"https://fbref.com/en/players/1bb31d9a/Shari-Van-Belle","Frauen Bundesliga","https://fbref.com/en/comps/183/Frauen-Bundesliga-Stats","possession"
"2025-2026","Essen","Frauen-Bundesliga","Maike Berentzen","GER","FW,MF","28-246",2.6,112,0,17,50,48,2,112,5,4,80,1,20,54,303,135,3,2,0,10,0,68,19,"https://fbref.com/en/players/62828f6a/Maike-Berentzen","Frauen Bundesliga","https://fbref.com/en/comps/183/Frauen-Bundesliga-Stats","possession"
"2025-2026","Essen","Frauen-Bundesliga","Natasha Kowalski","GER","MF,DF","22-124",2.7,126,3,21,58,49,5,126,4,2,50,2,50,56,231,105,4,0,1,7,4,83,11,"https://fbref.com/en/players/2fffa5fc/Natasha-Kowalski","Frauen Bundesliga","https://fbref.com/en/comps/183/Frauen-Bundesliga-Stats","possession"
"2025-2026","Essen","Frauen-Bundesliga","Laura Pucks","GER","DF,FW","21-196",2.4,162,25,111,46,6,1,162,1,1,100,0,0,72,372,109,0,0,0,1,0,84,0,"https://fbref.com/en/players/ca1437fa/Laura-Pucks","Frauen Bundesliga","https://fbref.com/en/comps/183/Frauen-Bundesliga-Stats","possession"
"2025-2026","Essen","Frauen-Bundesliga","Paulina Platner","GER","MF","19-332",2.2,136,8,41,72,24,3,136,2,0,0,2,100,46,254,110,1,0,0,9,3,66,2,"https://fbref.com/en/players/2a25cabb/Paulina-Platner","Frauen Bundesliga","https://fbref.com/en/comps/183/Frauen-Bundesliga-Stats","possession"
"2025-2026","Essen","Frauen-Bundesliga","Julia Debitzki","GER","MF,DF","34-111",1.7,105,12,43,47,15,4,105,2,1,50,1,50,51,297,135,3,0,1,2,3,60,5,"https://fbref.com/en/players/984d8a46/Julia-Debitzki","Frauen Bundesliga","https://fbref.com/en/comps/183/Frauen-Bundesliga-Stats","possession"
"2025-2026","Essen","Frauen-Bundesliga","Leonie Köpp","GER","MF,FW","18-184",2.8,133,1,18,63,53,7,133,17,4,23.5,13,76.5,70,518,205,8,6,2,13,3,83,20,"https://fbref.com/en/players/0f813d65/Leonie-Kopp","Frauen Bundesliga","https://fbref.com/en/comps/183/Frauen-Bundesliga-Stats","possession"
"2025-2026","Essen","Frauen-Bundesliga","Kassandra Potsi","GER","FW","",1.6,77,0,19,28,33,5,77,16,5,31.3,11,68.8,48,404,156,6,5,3,14,1,45,18,"https://fbref.com/en/players/8a123937/Kassandra-Potsi","Frauen Bundesliga","https://fbref.com/en/comps/183/Frauen-Bundesliga-Stats","possession"
"2025-2026","Essen","Frauen-Bundesliga","Luisa Palmen","GER","GK","23-252",1,36,24,36,0,0,0,36,0,0,NA,0,NA,18,100,57,0,0,0,0,0,16,0,"https://fbref.com/en/players/2be5425a/Luisa-Palmen","Frauen Bundesliga","https://fbref.com/en/comps/183/Frauen-Bundesliga-Stats","possession"
"2025-2026","Essen","Frauen-Bundesliga","Beke Sterner","GER","MF","22-234",0.1,1,0,1,0,0,0,1,0,0,NA,0,NA,1,17,0,0,0,0,0,0,1,0,"https://fbref.com/en/players/b8894d39/Beke-Sterner","Frauen Bundesliga","https://fbref.com/en/comps/183/Frauen-Bundesliga-Stats","possession"
"2025-2026","Essen","Frauen-Bundesliga","Lany Bäcker","GER","MF,FW","17-222",0.4,22,0,5,11,6,0,22,1,1,100,0,0,11,49,28,2,0,0,2,1,15,1,"https://fbref.com/en/players/e9517443/Lany-Backer","Frauen Bundesliga","https://fbref.com/en/comps/183/Frauen-Bundesliga-Stats","possession"
