"Season","Squad","Comp","Player","Nation","Pos","Age","Mins_Per_90","Cmp_Total","Att_Total","Cmp_percent_Total","TotDist_Total","PrgDist_Total","Cmp_Short","Att_Short","Cmp_percent_Short","Cmp_Medium","Att_Medium","Cmp_percent_Medium","Cmp_Long","Att_Long","Cmp_percent_Long","Ast","xAG","xA_Expected","A_minus_xAG_Expected","KP","Final_Third","PPA","CrsPA","PrgP","PlayerURL","LeagueName","LeagueURL","StatType"
"2025-2026","Bayern Munich","Frauen-Bundesliga","Klara Bühl","GER","FW","24-311",5.5,221,304,72.7,3803,1153,114,135,84.4,74,97,76.3,26,56,46.4,5,3.7,3.8,1.3,33,11,19,10,23,"https://fbref.com/en/players/4d0c6dc5/Klara-Buhl","Frauen Bundesliga","https://fbref.com/en/comps/183/Frauen-Bundesliga-Stats","passing"
"2025-2026","Bayern Munich","Frauen-Bundesliga","Georgia Stanway","ENG","MF","26-284",5.2,330,374,88.2,6339,2227,121,131,92.4,157,166,94.6,45,60,75,4,1.2,1.1,2.8,12,49,7,1,55,"https://fbref.com/en/players/89c43b54/Georgia-Stanway","Frauen Bundesliga","https://fbref.com/en/comps/183/Frauen-Bundesliga-Stats","passing"
"2025-2026","Bayern Munich","Frauen-Bundesliga","Ena Mahmutovic","GER","GK","21-295",5,169,192,88,3878,2515,37,37,100,100,106,94.3,32,49,65.3,0,0,0,0,0,2,0,0,0,"https://fbref.com/en/players/a184766b/Ena-Mahmutovic","Frauen Bundesliga","https://fbref.com/en/comps/183/Frauen-Bundesliga-Stats","passing"
"2025-2026","Bayern Munich","Frauen-Bundesliga","Franziska Kett","GER","DF","20-355",4.6,225,261,86.2,4088,1116,93,108,86.1,107,119,89.9,23,27,85.2,0,0.5,0.9,-0.5,6,16,8,2,23,"https://fbref.com/en/players/72d8e7b3/Franziska-Kett","Frauen Bundesliga","https://fbref.com/en/comps/183/Frauen-Bundesliga-Stats","passing"
"2025-2026","Bayern Munich","Frauen-Bundesliga","Momoko Tanikawa","JPN","MF,FW","20-160",4.4,132,163,81,2263,637,62,74,83.8,55,59,93.2,12,19,63.2,0,0.5,0.8,-0.5,7,14,6,1,26,"https://fbref.com/en/players/2a013ecf/Momoko-Tanikawa","Frauen Bundesliga","https://fbref.com/en/comps/183/Frauen-Bundesliga-Stats","passing"
"2025-2026","Bayern Munich","Frauen-Bundesliga","Pernille Harder","DEN","FW,MF","32-333",4.1,74,95,77.9,1210,286,35,46,76.1,33,41,80.5,4,4,100,0,0.9,1,-0.9,4,6,8,0,20,"https://fbref.com/en/players/363b99a4/Pernille-Harder","Frauen Bundesliga","https://fbref.com/en/comps/183/Frauen-Bundesliga-Stats","passing"
"2025-2026","Bayern Munich","Frauen-Bundesliga","Carolin Simon","GER","DF","32-324",3.4,268,327,82,5087,1812,106,121,87.6,116,133,87.2,41,61,67.2,1,1,1.8,0,10,27,9,2,38,"https://fbref.com/en/players/aaf0780f/Carolin-Simon","Frauen Bundesliga","https://fbref.com/en/comps/183/Frauen-Bundesliga-Stats","passing"
"2025-2026","Bayern Munich","Frauen-Bundesliga","Vanessa Gilles","CAN","DF","29-217",3.5,333,370,90,6886,3437,77,85,90.6,219,235,93.2,36,48,75,0,0,0.1,0,0,41,1,0,36,"https://fbref.com/en/players/a179cd70/Vanessa-Gilles","Frauen Bundesliga","https://fbref.com/en/comps/183/Frauen-Bundesliga-Stats","passing"
"2025-2026","Bayern Munich","Frauen-Bundesliga","Glódís Perla Viggósdóttir","ISL","DF","30-109",2.9,197,216,91.2,3924,1966,59,65,90.8,120,125,96,16,24,66.7,0,0.3,0.1,-0.3,3,20,0,0,22,"https://fbref.com/en/players/ab0e7355/Glodis-Perla-Viggosdottir","Frauen Bundesliga","https://fbref.com/en/comps/183/Frauen-Bundesliga-Stats","passing"
"2025-2026","Bayern Munich","Frauen-Bundesliga","Stine Ballisager Pedersen","DEN","DF","31-284",2.8,234,247,94.7,4592,2441,70,72,97.2,138,142,97.2,24,29,82.8,0,0,0.1,0,0,20,0,0,25,"https://fbref.com/en/players/41880331/Stine-Ballisager-Pedersen","Frauen Bundesliga","https://fbref.com/en/comps/183/Frauen-Bundesliga-Stats","passing"
"2025-2026","Bayern Munich","Frauen-Bundesliga","Arianna Caruso","ITA","MF,FW","25-342",2.8,100,127,78.7,1624,527,49,55,89.1,42,53,79.2,7,15,46.7,1,0.8,0.6,0.2,3,10,6,1,16,"https://fbref.com/en/players/d83b882b/Arianna-Caruso","Frauen Bundesliga","https://fbref.com/en/comps/183/Frauen-Bundesliga-Stats","passing"
"2025-2026","Bayern Munich","Frauen-Bundesliga","Linda Dallmann","GER","FW,MF","31-042",2.8,79,93,84.9,1266,315,41,45,91.1,32,35,91.4,4,6,66.7,1,0.1,0.2,0.9,2,9,4,0,11,"https://fbref.com/en/players/5a20e7f0/Linda-Dallmann","Frauen Bundesliga","https://fbref.com/en/comps/183/Frauen-Bundesliga-Stats","passing"
"2025-2026","Bayern Munich","Frauen-Bundesliga","Jovana Damnjanović","SRB","FW","30-324",2.6,76,104,73.1,1372,276,31,43,72.1,36,45,80,7,10,70,1,0.2,0.3,0.8,1,6,2,0,8,"https://fbref.com/en/players/74a216cf/Jovana-Damnjanovic","Frauen Bundesliga","https://fbref.com/en/comps/183/Frauen-Bundesliga-Stats","passing"
"2025-2026","Bayern Munich","Frauen-Bundesliga","Sarah Zadrazil","AUT","MF","32-237",2.4,144,161,89.4,2257,825,69,75,92,64,71,90.1,5,5,100,0,0.1,0.2,-0.1,2,21,2,0,21,"https://fbref.com/en/players/45ffafbf/Sarah-Zadrazil","Frauen Bundesliga","https://fbref.com/en/comps/183/Frauen-Bundesliga-Stats","passing"
"2025-2026","Bayern Munich","Frauen-Bundesliga","Lena Oberdorf","GER","MF","23-299",2.4,125,145,86.2,2164,630,45,51,88.2,61,66,92.4,10,16,62.5,0,0.2,0.8,-0.2,4,18,4,2,15,"https://fbref.com/en/players/74a0529b/Lena-Oberdorf","Frauen Bundesliga","https://fbref.com/en/comps/183/Frauen-Bundesliga-Stats","passing"
"2025-2026","Bayern Munich","Frauen-Bundesliga","Lea Schüller","GER","FW,MF","27-336",2.3,37,46,80.4,592,110,19,23,82.6,15,16,93.8,2,2,100,2,0.4,0.5,1.6,3,3,1,0,7,"https://fbref.com/en/players/4528b262/Lea-Schuller","Frauen Bundesliga","https://fbref.com/en/comps/183/Frauen-Bundesliga-Stats","passing"
"2025-2026","Bayern Munich","Frauen-Bundesliga","Tuva Hansen","NOR","DF","28-071",2.1,108,132,81.8,1916,730,42,47,89.4,59,64,92.2,5,16,31.3,0,0.1,0.1,-0.1,3,9,2,0,5,"https://fbref.com/en/players/3ec11922/Tuva-Hansen","Frauen Bundesliga","https://fbref.com/en/comps/183/Frauen-Bundesliga-Stats","passing"
"2025-2026","Bayern Munich","Frauen-Bundesliga","Magdalena Eriksson","SWE","DF","32-036",2,152,166,91.6,2918,1171,47,49,95.9,93,99,93.9,10,13,76.9,0,0.1,0,-0.1,1,10,0,0,6,"https://fbref.com/en/players/bb454bb1/Magdalena-Eriksson","Frauen Bundesliga","https://fbref.com/en/comps/183/Frauen-Bundesliga-Stats","passing"
"2025-2026","Bayern Munich","Frauen-Bundesliga","Alara Sehitler","GER","MF,FW","18-321",1.5,36,49,73.5,562,123,16,23,69.6,14,15,93.3,3,7,42.9,0,0.1,0.1,-0.1,2,3,0,0,2,"https://fbref.com/en/players/70c9b883/Alara-Sehitler","Frauen Bundesliga","https://fbref.com/en/comps/183/Frauen-Bundesliga-Stats","passing"
"2025-2026","Bayern Munich","Frauen-Bundesliga","Giulia Gwinn","GER","DF","26-104",1.5,75,103,72.8,1240,447,36,45,80,35,45,77.8,4,10,40,1,0.2,0.1,0.8,2,5,1,1,6,"https://fbref.com/en/players/36cccedb/Giulia-Gwinn","Frauen Bundesliga","https://fbref.com/en/comps/183/Frauen-Bundesliga-Stats","passing"
"2025-2026","Bayern Munich","Frauen-Bundesliga","Katharina Naschenweng","AUT","DF","27-302",1.2,75,95,78.9,1429,539,27,30,90,38,47,80.9,9,15,60,0,0.1,0.2,-0.1,2,12,2,0,9,"https://fbref.com/en/players/ea029c1b/Katharina-Naschenweng","Frauen Bundesliga","https://fbref.com/en/comps/183/Frauen-Bundesliga-Stats","passing"
"2025-2026","Bayern Munich","Frauen-Bundesliga","Maria-Luisa Grohs","GER","GK","24-123",1,30,32,93.8,514,413,9,9,100,19,19,100,1,3,33.3,0,0,0,0,0,0,0,0,0,"https://fbref.com/en/players/3668e21b/Maria-Luisa-Grohs","Frauen Bundesliga","https://fbref.com/en/comps/183/Frauen-Bundesliga-Stats","passing"
"2025-2026","Wolfsburg","Frauen-Bundesliga","Stina Johannes","GER","GK","25-264",6,156,189,82.5,3802,2977,30,31,96.8,86,89,96.6,34,62,54.8,0,0,0,0,0,2,0,0,0,"https://fbref.com/en/players/d8f1def3/Stina-Johannes","Frauen Bundesliga","https://fbref.com/en/comps/183/Frauen-Bundesliga-Stats","passing"
"2025-2026","Wolfsburg","Frauen-Bundesliga","Janina Minge","GER","MF","26-125",6,296,367,80.7,5538,1813,98,123,79.7,167,187,89.3,26,38,68.4,1,0.3,0.5,0.7,5,48,5,0,59,"https://fbref.com/en/players/7c63ff02/Janina-Minge","Frauen Bundesliga","https://fbref.com/en/comps/183/Frauen-Bundesliga-Stats","passing"
"2025-2026","Wolfsburg","Frauen-Bundesliga","Alexandra Popp","GER","MF,FW","34-191",5.6,122,183,66.7,2029,615,68,90,75.6,40,59,67.8,11,21,52.4,3,2,3,1,8,10,6,1,22,"https://fbref.com/en/players/655e7bd0/Alexandra-Popp","Frauen Bundesliga","https://fbref.com/en/comps/183/Frauen-Bundesliga-Stats","passing"
"2025-2026","Wolfsburg","Frauen-Bundesliga","Janou Levels","NED","DF","24-349",5.5,260,367,70.8,4664,2015,109,132,82.6,126,163,77.3,19,57,33.3,3,1.6,2,1.4,14,26,11,5,35,"https://fbref.com/en/players/063d4d11/Janou-Levels","Frauen Bundesliga","https://fbref.com/en/comps/183/Frauen-Bundesliga-Stats","passing"
"2025-2026","Wolfsburg","Frauen-Bundesliga","Joelle Wedemeyer","GER","DF","29-063",4.8,307,371,82.7,5470,2307,126,141,89.4,152,170,89.4,25,42,59.5,0,0.1,0.2,-0.1,2,39,5,2,40,"https://fbref.com/en/players/2e03aaa7/Joelle-Wedemeyer","Frauen Bundesliga","https://fbref.com/en/comps/183/Frauen-Bundesliga-Stats","passing"
"2025-2026","Wolfsburg","Frauen-Bundesliga","Camilla Küver","GER","DF","22-126",5,333,382,87.2,6477,3129,108,115,93.9,183,202,90.6,38,58,65.5,0,0.2,0.3,-0.2,5,39,1,0,35,"https://fbref.com/en/players/63b899d4/Camilla-Kuver","Frauen Bundesliga","https://fbref.com/en/comps/183/Frauen-Bundesliga-Stats","passing"
"2025-2026","Wolfsburg","Frauen-Bundesliga","Svenja Huth","GER","FW,MF","34-262",5,148,213,69.5,2628,854,63,78,80.8,67,90,74.4,14,35,40,1,2,1.8,-1,20,12,12,8,20,"https://fbref.com/en/players/8b5f141c/Svenja-Huth","Frauen Bundesliga","https://fbref.com/en/comps/183/Frauen-Bundesliga-Stats","passing"
"2025-2026","Wolfsburg","Frauen-Bundesliga","Caitlin Dijkstra","NED","DF","26-257",4.8,332,373,89,6927,2988,69,79,87.3,227,237,95.8,34,51,66.7,0,0,0.1,0,0,37,1,0,31,"https://fbref.com/en/players/29429b4b/Caitlin-Dijkstra","Frauen Bundesliga","https://fbref.com/en/comps/183/Frauen-Bundesliga-Stats","passing"
"2025-2026","Wolfsburg","Frauen-Bundesliga","Cora Zical","GER","FW","20-319",4.2,107,160,66.9,1840,465,52,71,73.2,40,52,76.9,12,23,52.2,0,0.8,0.9,-0.8,6,4,14,7,15,"https://fbref.com/en/players/7b88d1f0/Cora-Zical","Frauen Bundesliga","https://fbref.com/en/comps/183/Frauen-Bundesliga-Stats","passing"
"2025-2026","Wolfsburg","Frauen-Bundesliga","Ella Inez Peddemors","NED","MF,DF","23-069",4.4,105,131,80.2,1854,611,44,52,84.6,50,59,84.7,9,14,64.3,1,0.6,0.8,0.4,8,15,8,2,24,"https://fbref.com/en/players/fc47f599/Ella-Inez-Peddemors","Frauen Bundesliga","https://fbref.com/en/comps/183/Frauen-Bundesliga-Stats","passing"
"2025-2026","Wolfsburg","Frauen-Bundesliga","Justine Kielland","NOR","MF,FW","22-326",3.5,177,211,83.9,3178,1007,84,97,86.6,73,82,89,17,25,68,4,1.6,0.9,2.4,10,28,9,4,22,"https://fbref.com/en/players/b7fb0749/Justine-Kielland","Frauen Bundesliga","https://fbref.com/en/comps/183/Frauen-Bundesliga-Stats","passing"
"2025-2026","Wolfsburg","Frauen-Bundesliga","Lineth Beerensteyn","NED","FW","29-003",3,21,37,56.8,317,31,13,21,61.9,8,12,66.7,0,0,NA,0,0,0,0,0,0,1,0,4,"https://fbref.com/en/players/40ecae9f/Lineth-Beerensteyn","Frauen Bundesliga","https://fbref.com/en/comps/183/Frauen-Bundesliga-Stats","passing"
"2025-2026","Wolfsburg","Frauen-Bundesliga","Vivien Endemann","GER","FW","24-068",2.8,64,93,68.8,1066,278,29,37,78.4,28,38,73.7,4,6,66.7,2,1,0.9,1,6,3,4,0,12,"https://fbref.com/en/players/e602c142/Vivien-Endemann","Frauen Bundesliga","https://fbref.com/en/comps/183/Frauen-Bundesliga-Stats","passing"
"2025-2026","Wolfsburg","Frauen-Bundesliga","Sarai Linder","GER","DF","25-353",1.8,82,102,80.4,1525,402,36,44,81.8,37,45,82.2,8,11,72.7,0,0.1,0.1,-0.1,1,4,0,0,3,"https://fbref.com/en/players/bedec045/Sarai-Linder","Frauen Bundesliga","https://fbref.com/en/comps/183/Frauen-Bundesliga-Stats","passing"
"2025-2026","Wolfsburg","Frauen-Bundesliga","Kessya Bussy","FRA","FW","24-117",1.8,30,46,65.2,447,97,16,26,61.5,10,14,71.4,2,3,66.7,1,0.2,0.1,0.8,2,1,2,0,2,"https://fbref.com/en/players/fa205073/Kessya-Bussy","Frauen Bundesliga","https://fbref.com/en/comps/183/Frauen-Bundesliga-Stats","passing"
"2025-2026","Wolfsburg","Frauen-Bundesliga","Smilla Vallotto","SUI","FW","21-205",0.7,14,20,70,275,69,5,8,62.5,7,9,77.8,2,2,100,0,0.2,0.1,-0.2,1,1,1,1,1,"https://fbref.com/en/players/01105874/Smilla-Vallotto","Frauen Bundesliga","https://fbref.com/en/comps/183/Frauen-Bundesliga-Stats","passing"
"2025-2026","Wolfsburg","Frauen-Bundesliga","Judit Pujols","ESP","DF,FW","20-231",0.6,24,30,80,410,114,13,15,86.7,9,9,100,2,4,50,0,0,0.2,0,0,1,1,1,1,"https://fbref.com/en/players/0b0cd4d6/Judit-Pujols","Frauen Bundesliga","https://fbref.com/en/comps/183/Frauen-Bundesliga-Stats","passing"
"2025-2026","Wolfsburg","Frauen-Bundesliga","Thea Bjelde","NOR","DF,FW","25-131",0.3,27,38,71.1,543,206,9,11,81.8,15,18,83.3,3,6,50,0,0,0,0,0,2,1,1,5,"https://fbref.com/en/players/b1062904/Thea-Bjelde","Frauen Bundesliga","https://fbref.com/en/comps/183/Frauen-Bundesliga-Stats","passing"
"2025-2026","Wolfsburg","Frauen-Bundesliga","Guro Bergsvand","NOR","DF","31-225",0.2,24,25,96,410,118,7,7,100,17,17,100,0,1,0,0,0,0,0,0,0,0,0,1,"https://fbref.com/en/players/561230d9/Guro-Bergsvand","Frauen Bundesliga","https://fbref.com/en/comps/183/Frauen-Bundesliga-Stats","passing"
"2025-2026","Wolfsburg","Frauen-Bundesliga","Anny Kerim-Lindland","NOR","MF","18-207",0,0,0,NA,0,0,0,0,NA,0,0,NA,0,0,NA,0,0,0,0,0,0,0,0,0,"https://fbref.com/en/players/5ab9070d/Anny-Kerim-Lindland","Frauen Bundesliga","https://fbref.com/en/comps/183/Frauen-Bundesliga-Stats","passing"
"2025-2026","Freiburg","Frauen-Bundesliga","Laura Benkarth","GER","GK","33-000",6,210,295,71.2,5950,4359,28,29,96.6,108,111,97.3,74,153,48.4,0,0,0,0,0,3,0,0,0,"https://fbref.com/en/players/82c4f339/Laura-Benkarth","Frauen Bundesliga","https://fbref.com/en/comps/183/Frauen-Bundesliga-Stats","passing"
"2025-2026","Freiburg","Frauen-Bundesliga","Lisa Karl","GER","DF","28-272",6,221,301,73.4,3927,1457,93,120,77.5,96,124,77.4,27,43,62.8,1,0.4,0.2,0.6,5,11,3,1,13,"https://fbref.com/en/players/3ed2f636/Lisa-Karl","Frauen Bundesliga","https://fbref.com/en/comps/183/Frauen-Bundesliga-Stats","passing"
"2025-2026","Freiburg","Frauen-Bundesliga","Julia Stierli","SUI","DF","28-194",6,251,307,81.8,5419,2339,67,74,90.5,135,153,88.2,47,74,63.5,0,0.2,0,-0.2,2,14,0,0,8,"https://fbref.com/en/players/3acf52f4/Julia-Stierli","Frauen Bundesliga","https://fbref.com/en/comps/183/Frauen-Bundesliga-Stats","passing"
"2025-2026","Freiburg","Frauen-Bundesliga","Meret Felde","GER","MF","26-096",5.7,158,227,69.6,2916,1214,65,84,77.4,74,94,78.7,17,33,51.5,0,0.4,0.3,-0.4,4,13,2,0,19,"https://fbref.com/en/players/18c75eec/Meret-Felde","Frauen Bundesliga","https://fbref.com/en/comps/183/Frauen-Bundesliga-Stats","passing"
"2025-2026","Freiburg","Frauen-Bundesliga","Luca-Emily Birkholz","GER","FW","21-328",5,55,78,70.5,810,226,28,39,71.8,23,31,74.2,1,2,50,1,0.8,0.7,0.2,5,5,1,0,8,"https://fbref.com/en/players/8492e70b/Luca-Emily-Birkholz","Frauen Bundesliga","https://fbref.com/en/comps/183/Frauen-Bundesliga-Stats","passing"
"2025-2026","Freiburg","Frauen-Bundesliga","Nia Szenk","GER","DF","21-162",5.2,192,290,66.2,3174,1514,91,113,80.5,80,110,72.7,17,43,39.5,0,0.2,0.1,-0.2,3,23,1,1,22,"https://fbref.com/en/players/72f9d4a7/Nia-Szenk","Frauen Bundesliga","https://fbref.com/en/comps/183/Frauen-Bundesliga-Stats","passing"
"2025-2026","Freiburg","Frauen-Bundesliga","Greta Stegemann","GER","DF","24-244",5.1,215,265,81.1,4400,1581,57,64,89.1,134,150,89.3,22,40,55,0,0.1,0,-0.1,2,13,0,0,16,"https://fbref.com/en/players/45c1817c/Greta-Stegemann","Frauen Bundesliga","https://fbref.com/en/comps/183/Frauen-Bundesliga-Stats","passing"
"2025-2026","Freiburg","Frauen-Bundesliga","Sophie Nachtigall","GER","MF","21-244",4.3,128,186,68.8,2139,675,49,73,67.1,64,80,80,9,16,56.3,1,0.2,0.2,0.8,5,9,4,0,14,"https://fbref.com/en/players/f24b9bf7/Sophie-Nachtigall","Frauen Bundesliga","https://fbref.com/en/comps/183/Frauen-Bundesliga-Stats","passing"
"2025-2026","Freiburg","Frauen-Bundesliga","Lisa Kolb","AUT","MF,FW","24-163",3.2,46,84,54.8,952,337,17,23,73.9,19,32,59.4,9,22,40.9,1,0.6,0.8,0.4,5,5,6,2,8,"https://fbref.com/en/players/1adffcd6/Lisa-Kolb","Frauen Bundesliga","https://fbref.com/en/comps/183/Frauen-Bundesliga-Stats","passing"
"2025-2026","Freiburg","Frauen-Bundesliga","Tessa Blumenberg","GER","FW","20-268",3,41,64,64.1,766,187,16,25,64,24,31,77.4,0,2,0,0,0.1,0.1,-0.1,3,5,1,0,7,"https://fbref.com/en/players/e7ce33e7/Tessa-Blumenberg","Frauen Bundesliga","https://fbref.com/en/comps/183/Frauen-Bundesliga-Stats","passing"
"2025-2026","Freiburg","Frauen-Bundesliga","Selina Vobian","GER","MF,FW","23-017",3.9,47,99,47.5,902,420,20,23,87,17,26,65.4,9,36,25,3,0.6,0.8,2.4,6,5,1,0,9,"https://fbref.com/en/players/71f80447/Selina-Vobian","Frauen Bundesliga","https://fbref.com/en/comps/183/Frauen-Bundesliga-Stats","passing"
"2025-2026","Freiburg","Frauen-Bundesliga","Maj Schneider","GER","MF","18-046",3.4,78,101,77.2,1200,368,43,54,79.6,26,30,86.7,6,8,75,1,0.2,0.5,0.8,1,9,3,1,11,"https://fbref.com/en/players/08794339/Maj-Schneider","Frauen Bundesliga","https://fbref.com/en/comps/183/Frauen-Bundesliga-Stats","passing"
"2025-2026","Freiburg","Frauen-Bundesliga","Nicole Ojukwu","AUT","MF","19-320",2,63,89,70.8,1231,446,27,34,79.4,24,35,68.6,10,15,66.7,1,0.1,0,0.9,1,10,0,0,5,"https://fbref.com/en/players/9e65aa0c/Nicole-Ojukwu","Frauen Bundesliga","https://fbref.com/en/comps/183/Frauen-Bundesliga-Stats","passing"
"2025-2026","Freiburg","Frauen-Bundesliga","Ingibjörg Sigurðardóttir","ISL","DF","28-007",1.9,46,63,73,877,338,17,19,89.5,24,30,80,4,13,30.8,0,0,0,0,0,2,0,0,2,"https://fbref.com/en/players/14682560/Ingibjorg-Sigurdardottir","Frauen Bundesliga","https://fbref.com/en/comps/183/Frauen-Bundesliga-Stats","passing"
"2025-2026","Freiburg","Frauen-Bundesliga","Leela Egli","SUI","FW,MF","18-307",1.6,25,40,62.5,360,132,8,12,66.7,11,15,73.3,1,2,50,1,0.1,0.1,0.9,1,4,0,0,5,"https://fbref.com/en/players/d798a561/Leela-Egli","Frauen Bundesliga","https://fbref.com/en/comps/183/Frauen-Bundesliga-Stats","passing"
"2025-2026","Freiburg","Frauen-Bundesliga","Alena Bienz","SUI","MF,FW","22-223",1.4,27,44,61.4,516,266,11,16,68.8,9,14,64.3,6,10,60,0,0.3,0.2,-0.3,2,2,4,1,6,"https://fbref.com/en/players/14f0f5e7/Alena-Bienz","Frauen Bundesliga","https://fbref.com/en/comps/183/Frauen-Bundesliga-Stats","passing"
"2025-2026","Freiburg","Frauen-Bundesliga","Svenja Fölmli","SUI","FW","23-056",1,12,18,66.7,204,62,5,7,71.4,7,9,77.8,0,0,NA,0,0.1,0,-0.1,1,2,0,0,3,"https://fbref.com/en/players/cbb37685/Svenja-Folmli","Frauen Bundesliga","https://fbref.com/en/comps/183/Frauen-Bundesliga-Stats","passing"
"2025-2026","Freiburg","Frauen-Bundesliga","Aurélie Csillag","SUI","FW,MF","22-263",1.1,15,26,57.7,226,16,7,8,87.5,8,13,61.5,0,2,0,0,0.7,0.6,-0.7,4,0,1,0,1,"https://fbref.com/en/players/9d59b4de/Aurelie-Csillag","Frauen Bundesliga","https://fbref.com/en/comps/183/Frauen-Bundesliga-Stats","passing"
"2025-2026","Freiburg","Frauen-Bundesliga","Nora Scherer","GER","MF","19-333",0,1,2,50,19,7,0,0,NA,1,1,100,0,0,NA,0,0,0,0,0,0,0,0,0,"https://fbref.com/en/players/2a64d7ec/Nora-Scherer","Frauen Bundesliga","https://fbref.com/en/comps/183/Frauen-Bundesliga-Stats","passing"
"2025-2026","Bayer Leverkusen","Frauen-Bundesliga","Friederike Abt","GER","GK","31-099",5,160,213,75.1,3722,2494,39,39,100,80,82,97.6,40,90,44.4,0,0,0,0,0,0,0,0,0,"https://fbref.com/en/players/7c51bea4/Friederike-Abt","Frauen Bundesliga","https://fbref.com/en/comps/183/Frauen-Bundesliga-Stats","passing"
"2025-2026","Bayer Leverkusen","Frauen-Bundesliga","Lilla Turányi","HUN","DF","26-298",5,247,308,80.2,5483,1814,42,48,87.5,173,191,90.6,30,62,48.4,0,0,0.1,0,0,17,1,0,22,"https://fbref.com/en/players/747aebe4/Lilla-Turanyi","Frauen Bundesliga","https://fbref.com/en/comps/183/Frauen-Bundesliga-Stats","passing"
"2025-2026","Bayer Leverkusen","Frauen-Bundesliga","Carlotta Wamser","GER","DF","21-347",5,211,288,73.3,3909,1723,71,84,84.5,118,148,79.7,18,48,37.5,1,0.3,0.7,0.7,2,17,10,4,30,"https://fbref.com/en/players/e2b70fe7/Carlotta-Wamser","Frauen Bundesliga","https://fbref.com/en/comps/183/Frauen-Bundesliga-Stats","passing"
"2025-2026","Bayer Leverkusen","Frauen-Bundesliga","Claudia Wenger","AUT","DF","24-161",5,231,273,84.6,5313,1727,37,44,84.1,159,169,94.1,35,57,61.4,0,0,0.1,0,0,25,0,0,19,"https://fbref.com/en/players/2f4f249c/Claudia-Wenger","Frauen Bundesliga","https://fbref.com/en/comps/183/Frauen-Bundesliga-Stats","passing"
"2025-2026","Bayer Leverkusen","Frauen-Bundesliga","Kristin Kögel","GER","MF","26-023",4.7,91,145,62.8,1557,556,44,58,75.9,37,55,67.3,8,18,44.4,1,0.3,0.4,0.7,7,15,4,2,19,"https://fbref.com/en/players/24460a6a/Kristin-Kogel","Frauen Bundesliga","https://fbref.com/en/comps/183/Frauen-Bundesliga-Stats","passing"
"2025-2026","Bayer Leverkusen","Frauen-Bundesliga","Vanessa Fudalla","GER","FW","23-358",4.6,70,89,78.7,1099,272,36,41,87.8,26,29,89.7,5,13,38.5,2,1.9,0.8,0.1,9,7,3,1,10,"https://fbref.com/en/players/c9a0bd2c/Vanessa-Fudalla","Frauen Bundesliga","https://fbref.com/en/comps/183/Frauen-Bundesliga-Stats","passing"
"2025-2026","Bayer Leverkusen","Frauen-Bundesliga","Katharina Piljić","GER","MF","22-039",4.6,139,171,81.3,2610,893,54,64,84.4,71,75,94.7,14,24,58.3,1,0.2,0.3,0.8,5,17,3,2,22,"https://fbref.com/en/players/48cde73f/Katharina-Piljic","Frauen Bundesliga","https://fbref.com/en/comps/183/Frauen-Bundesliga-Stats","passing"
"2025-2026","Bayer Leverkusen","Frauen-Bundesliga","Sofie Zdebel","GER","MF","21-067",4.5,178,220,80.9,3660,1128,44,56,78.6,109,120,90.8,23,35,65.7,0,0.1,0.2,-0.1,2,14,4,2,18,"https://fbref.com/en/players/d081f844/Sofie-Zdebel","Frauen Bundesliga","https://fbref.com/en/comps/183/Frauen-Bundesliga-Stats","passing"
"2025-2026","Bayer Leverkusen","Frauen-Bundesliga","Ruby Grant","ENG","MF","23-182",4.2,69,119,58,1205,436,34,44,77.3,26,39,66.7,8,27,29.6,0,0.1,0.7,-0.1,1,7,3,2,5,"https://fbref.com/en/players/fc1149cc/Ruby-Grant","Frauen Bundesliga","https://fbref.com/en/comps/183/Frauen-Bundesliga-Stats","passing"
"2025-2026","Bayer Leverkusen","Frauen-Bundesliga","Estrella Gonzalez","GER","DF","18-329",3.8,110,179,61.5,2308,914,26,33,78.8,67,95,70.5,17,43,39.5,0,0.2,0.6,-0.2,3,7,6,3,11,"https://fbref.com/en/players/b8209678/Estrella-Gonzalez","Frauen Bundesliga","https://fbref.com/en/comps/183/Frauen-Bundesliga-Stats","passing"
"2025-2026","Bayer Leverkusen","Frauen-Bundesliga","Valentina Mädl","AUT","FW","19-300",3.2,34,61,55.7,465,194,22,27,81.5,9,16,56.3,2,6,33.3,1,0.4,0.3,0.6,6,4,2,0,8,"https://fbref.com/en/players/0f443d23/Valentina-Madl","Frauen Bundesliga","https://fbref.com/en/comps/183/Frauen-Bundesliga-Stats","passing"
"2025-2026","Bayer Leverkusen","Frauen-Bundesliga","Julia Mickenhagen","GER","DF","20-187",1.5,22,52,42.3,413,108,7,14,50,10,20,50,4,12,33.3,0,0,0,0,0,0,0,0,0,"https://fbref.com/en/players/b6c9fad5/Julia-Mickenhagen","Frauen Bundesliga","https://fbref.com/en/comps/183/Frauen-Bundesliga-Stats","passing"
"2025-2026","Bayer Leverkusen","Frauen-Bundesliga","Cornelia Kramer","DEN","FW","22-302",0.7,16,25,64,273,29,10,13,76.9,4,8,50,2,3,66.7,0,0.1,0,-0.1,2,1,1,1,1,"https://fbref.com/en/players/09a7077f/Cornelia-Kramer","Frauen Bundesliga","https://fbref.com/en/comps/183/Frauen-Bundesliga-Stats","passing"
"2025-2026","Bayer Leverkusen","Frauen-Bundesliga","Caroline Kehrer","CAN","FW,MF","28-188",0.9,10,23,43.5,236,64,3,8,37.5,5,8,62.5,2,4,50,1,0.5,0.3,0.5,3,0,3,3,0,"https://fbref.com/en/players/b882fd85/Caroline-Kehrer","Frauen Bundesliga","https://fbref.com/en/comps/183/Frauen-Bundesliga-Stats","passing"
"2025-2026","Bayer Leverkusen","Frauen-Bundesliga","Loreen Bender","GER","MF","20-054",0.9,22,28,78.6,440,151,7,8,87.5,9,13,69.2,5,5,100,0,0,0,0,0,4,0,0,4,"https://fbref.com/en/players/7d5a7c01/Loreen-Bender","Frauen Bundesliga","https://fbref.com/en/comps/183/Frauen-Bundesliga-Stats","passing"
"2025-2026","Bayer Leverkusen","Frauen-Bundesliga","Vanessa Haim","GER","FW,MF","28-166",0.5,4,6,66.7,83,19,1,2,50,3,4,75,0,0,NA,0,0,0,0,0,1,0,0,1,"https://fbref.com/en/players/dd343bb3/Vanessa-Haim","Frauen Bundesliga","https://fbref.com/en/comps/183/Frauen-Bundesliga-Stats","passing"
"2025-2026","Bayer Leverkusen","Frauen-Bundesliga","Juliette Vidal","FRA","MF","26-207",0.5,2,7,28.6,26,19,2,4,50,0,1,0,0,1,0,0,0,0,0,0,0,0,0,1,"https://fbref.com/en/players/3676f205/Juliette-Vidal","Frauen Bundesliga","https://fbref.com/en/comps/183/Frauen-Bundesliga-Stats","passing"
"2025-2026","Bayer Leverkusen","Frauen-Bundesliga","Paulina Bartz","GER","MF,FW","20-158",0.3,1,5,20,10,0,1,3,33.3,0,0,NA,0,1,0,0,0,0,0,0,0,0,0,0,"https://fbref.com/en/players/72188836/Paulina-Bartz","Frauen Bundesliga","https://fbref.com/en/comps/183/Frauen-Bundesliga-Stats","passing"
"2025-2026","Bayer Leverkusen","Frauen-Bundesliga","Ida Daedelow","GER","MF","18-047",0.1,1,2,50,7,0,1,1,100,0,1,0,0,0,NA,0,0,0,0,0,0,0,0,0,"https://fbref.com/en/players/e7078be4/Ida-Daedelow","Frauen Bundesliga","https://fbref.com/en/comps/183/Frauen-Bundesliga-Stats","passing"
"2025-2026","Bayer Leverkusen","Frauen-Bundesliga","Selina Ostermeier","GER","FW","26-272",0,2,2,100,42,0,0,0,NA,2,2,100,0,0,NA,0,0,0,0,0,0,0,0,0,"https://fbref.com/en/players/9f140482/Selina-Ostermeier","Frauen Bundesliga","https://fbref.com/en/comps/183/Frauen-Bundesliga-Stats","passing"
"2025-2026","Bayer Leverkusen","Frauen-Bundesliga","Melissa Friedrich","GER","MF","28-161",0,0,0,NA,0,0,0,0,NA,0,0,NA,0,0,NA,0,0,0,0,0,0,0,0,0,"https://fbref.com/en/players/551733b0/Melissa-Friedrich","Frauen Bundesliga","https://fbref.com/en/comps/183/Frauen-Bundesliga-Stats","passing"
"2025-2026","Hoffenheim","Frauen-Bundesliga","Selina Cerci","GER","FW","25-136",6,96,136,70.6,1626,429,51,63,81,28,44,63.6,13,16,81.3,2,1.9,1.9,0.1,15,5,8,2,13,"https://fbref.com/en/players/1fa80966/Selina-Cerci","Frauen Bundesliga","https://fbref.com/en/comps/183/Frauen-Bundesliga-Stats","passing"
"2025-2026","Hoffenheim","Frauen-Bundesliga","Laura Dick","GER","GK","22-123",6,208,269,77.3,4936,3136,40,41,97.6,127,128,99.2,41,98,41.8,0,0,0,0,0,2,0,0,0,"https://fbref.com/en/players/2d43333a/Laura-Dick","Frauen Bundesliga","https://fbref.com/en/comps/183/Frauen-Bundesliga-Stats","passing"
"2025-2026","Hoffenheim","Frauen-Bundesliga","Vanessa Diehm","GER","DF","21-206",6,455,496,91.7,9538,4036,110,118,93.2,282,297,94.9,63,79,79.7,0,0.4,0.2,-0.4,1,36,1,0,40,"https://fbref.com/en/players/ff6f5249/Vanessa-Diehm","Frauen Bundesliga","https://fbref.com/en/comps/183/Frauen-Bundesliga-Stats","passing"
"2025-2026","Hoffenheim","Frauen-Bundesliga","Valesca Ampoorter","BEL","MF","21-192",5.9,251,307,81.8,4958,1440,79,92,85.9,131,142,92.3,36,57,63.2,0,0.7,0.5,-0.7,7,35,4,1,31,"https://fbref.com/en/players/53865776/Valesca-Ampoorter","Frauen Bundesliga","https://fbref.com/en/comps/183/Frauen-Bundesliga-Stats","passing"
"2025-2026","Hoffenheim","Frauen-Bundesliga","Jill Janssens","BEL","DF","22-011",5.7,252,325,77.5,4921,1814,90,116,77.6,129,148,87.2,32,53,60.4,1,1.6,1.3,-0.6,14,19,19,9,25,"https://fbref.com/en/players/9d714c9d/Jill-Janssens","Frauen Bundesliga","https://fbref.com/en/comps/183/Frauen-Bundesliga-Stats","passing"
"2025-2026","Hoffenheim","Frauen-Bundesliga","Melissa Kössler","GER","FW","25-224",5.1,92,136,67.6,1525,387,41,54,75.9,40,53,75.5,7,16,43.8,4,2.2,2.4,1.8,12,3,12,3,13,"https://fbref.com/en/players/b1a198c6/Melissa-Kossler","Frauen Bundesliga","https://fbref.com/en/comps/183/Frauen-Bundesliga-Stats","passing"
"2025-2026","Hoffenheim","Frauen-Bundesliga","Laura Gloning","GER","MF","20-131",5,154,191,80.6,2699,619,54,64,84.4,86,104,82.7,10,16,62.5,0,0.5,0.2,-0.5,8,8,2,1,18,"https://fbref.com/en/players/125f0b16/Laura-Gloning","Frauen Bundesliga","https://fbref.com/en/comps/183/Frauen-Bundesliga-Stats","passing"
"2025-2026","Hoffenheim","Frauen-Bundesliga","Lisa Doorn","NED","DF","24-310",4.8,380,422,90,7952,3159,95,101,94.1,240,257,93.4,42,57,73.7,0,0,0.2,0,2,28,2,0,31,"https://fbref.com/en/players/924d1836/Lisa-Doorn","Frauen Bundesliga","https://fbref.com/en/comps/183/Frauen-Bundesliga-Stats","passing"
"2025-2026","Hoffenheim","Frauen-Bundesliga","Jamilla Rankin","AUS","DF","22-158",4.4,190,242,78.5,3606,1418,68,81,84,109,125,87.2,13,28,46.4,0,0.1,0.2,-0.1,1,19,3,2,20,"https://fbref.com/en/players/ede60ee1/Jamilla-Rankin","Frauen Bundesliga","https://fbref.com/en/comps/183/Frauen-Bundesliga-Stats","passing"
"2025-2026","Hoffenheim","Frauen-Bundesliga","Féli Delacauw","BEL","MF","23-193",3.8,54,79,68.4,1088,358,19,27,70.4,24,35,68.6,11,14,78.6,1,0.3,0.9,0.7,2,5,8,0,14,"https://fbref.com/en/players/4e3f72d2/Feli-Delacauw","Frauen Bundesliga","https://fbref.com/en/comps/183/Frauen-Bundesliga-Stats","passing"
"2025-2026","Hoffenheim","Frauen-Bundesliga","Dominika Grabowska","POL","MF","26-292",3.7,91,143,63.6,1972,868,27,39,69.2,48,64,75,15,32,46.9,0,1.5,1.5,-1.5,10,21,6,2,23,"https://fbref.com/en/players/82a65245/Dominika-Grabowska","Frauen Bundesliga","https://fbref.com/en/comps/183/Frauen-Bundesliga-Stats","passing"
"2025-2026","Hoffenheim","Frauen-Bundesliga","Lisann Kaut","GER","DF","25-051",2.4,113,159,71.1,2091,660,48,60,80,51,71,71.8,14,22,63.6,0,0.2,0.2,-0.2,3,6,2,2,7,"https://fbref.com/en/players/e118e53b/Lisann-Kaut","Frauen Bundesliga","https://fbref.com/en/comps/183/Frauen-Bundesliga-Stats","passing"
"2025-2026","Hoffenheim","Frauen-Bundesliga","Marie Steiner","GER","MF","20-040",2.1,51,65,78.5,871,249,18,19,94.7,27,35,77.1,5,8,62.5,0,0.1,0.2,-0.1,2,3,4,1,8,"https://fbref.com/en/players/b9269a75/Marie-Steiner","Frauen Bundesliga","https://fbref.com/en/comps/183/Frauen-Bundesliga-Stats","passing"
"2025-2026","Hoffenheim","Frauen-Bundesliga","Chiara Hahn","GER","MF","23-285",2,79,102,77.5,1157,316,41,49,83.7,32,39,82.1,2,8,25,0,0.6,0.5,-0.6,4,9,1,0,14,"https://fbref.com/en/players/88de4477/Chiara-Hahn","Frauen Bundesliga","https://fbref.com/en/comps/183/Frauen-Bundesliga-Stats","passing"
"2025-2026","Hoffenheim","Frauen-Bundesliga","Linda Natter","AUT","FW,MF","20-155",1.2,20,25,80,320,71,12,14,85.7,5,7,71.4,2,2,100,0,0.1,0.1,-0.1,3,0,1,0,5,"https://fbref.com/en/players/d7c24d43/Linda-Natter","Frauen Bundesliga","https://fbref.com/en/comps/183/Frauen-Bundesliga-Stats","passing"
"2025-2026","Hoffenheim","Frauen-Bundesliga","Janna Grimm","GER","MF","20-177",0.9,55,59,93.2,1139,173,16,18,88.9,30,31,96.8,9,9,100,0,0,0,0,0,5,0,0,4,"https://fbref.com/en/players/ddc9ea46/Janna-Grimm","Frauen Bundesliga","https://fbref.com/en/comps/183/Frauen-Bundesliga-Stats","passing"
"2025-2026","Hoffenheim","Frauen-Bundesliga","Franziska Harsch","GER","MF","28-100",0.6,27,34,79.4,514,134,10,14,71.4,15,16,93.8,2,3,66.7,0,0,0,0,0,4,1,0,4,"https://fbref.com/en/players/d69ff348/Franziska-Harsch","Frauen Bundesliga","https://fbref.com/en/comps/183/Frauen-Bundesliga-Stats","passing"
"2025-2026","Hoffenheim","Frauen-Bundesliga","Napsugár Sinka","HUN","MF,FW","19-031",0.4,16,25,64,243,45,10,14,71.4,4,5,80,2,3,66.7,0,0,0,0,0,3,0,0,2,"https://fbref.com/en/players/600a976b/Napsugar-Sinka","Frauen Bundesliga","https://fbref.com/en/comps/183/Frauen-Bundesliga-Stats","passing"
"2025-2026","Werder Bremen","Frauen-Bundesliga","Chiara D'Angelo","AUT","DF","21-075",6,238,331,71.9,4665,2342,78,99,78.8,130,163,79.8,29,59,49.2,0,0.2,0.4,-0.2,2,19,5,4,22,"https://fbref.com/en/players/7e574fb5/Chiara-DAngelo","Frauen Bundesliga","https://fbref.com/en/comps/183/Frauen-Bundesliga-Stats","passing"
"2025-2026","Werder Bremen","Frauen-Bundesliga","Mariella El Sherif","AUT","GK","21-042",6,218,293,74.4,6286,5054,28,28,100,110,114,96.5,78,148,52.7,0,0,0,0,0,9,0,0,0,"https://fbref.com/en/players/4a6f3d40/Mariella-El-Sherif","Frauen Bundesliga","https://fbref.com/en/comps/183/Frauen-Bundesliga-Stats","passing"
"2025-2026","Werder Bremen","Frauen-Bundesliga","Larissa Mühlhaus","GER","FW,MF","22-274",5.8,129,216,59.7,2557,1012,53,78,67.9,46,66,69.7,25,50,50,2,1.7,1.9,0.3,14,18,11,1,28,"https://fbref.com/en/players/4df24100/Larissa-Muhlhaus","Frauen Bundesliga","https://fbref.com/en/comps/183/Frauen-Bundesliga-Stats","passing"
"2025-2026","Werder Bremen","Frauen-Bundesliga","Michelle Ulbrich","GER","DF","28-345",5.8,153,198,77.3,3515,1810,37,44,84.1,89,99,89.9,27,53,50.9,0,0.1,0.1,-0.1,2,19,1,0,14,"https://fbref.com/en/players/e8840be1/Michelle-Ulbrich","Frauen Bundesliga","https://fbref.com/en/comps/183/Frauen-Bundesliga-Stats","passing"
"2025-2026","Werder Bremen","Frauen-Bundesliga","Michelle Weiß","GER","DF","24-140",5.5,109,177,61.6,2132,1529,41,48,85.4,51,84,60.7,17,35,48.6,0,0.2,0.3,-0.2,4,10,6,2,9,"https://fbref.com/en/players/f370e5df/Michelle-Weiss","Frauen Bundesliga","https://fbref.com/en/comps/183/Frauen-Bundesliga-Stats","passing"
"2025-2026","Werder Bremen","Frauen-Bundesliga","Hanna Németh","HUN","DF","27-027",5.4,215,240,89.6,4282,1571,62,66,93.9,126,133,94.7,26,38,68.4,0,0,0,0,0,8,0,0,10,"https://fbref.com/en/players/dff5a2cf/Hanna-Nemeth","Frauen Bundesliga","https://fbref.com/en/comps/183/Frauen-Bundesliga-Stats","passing"
"2025-2026","Werder Bremen","Frauen-Bundesliga","Medina Dešić","MNE","FW","32-029",4.8,47,83,56.6,731,242,25,40,62.5,16,28,57.1,4,4,100,0,0.7,0.5,-0.7,4,6,7,0,12,"https://fbref.com/en/players/2cb74515/Medina-Desic","Frauen Bundesliga","https://fbref.com/en/comps/183/Frauen-Bundesliga-Stats","passing"
"2025-2026","Werder Bremen","Frauen-Bundesliga","Lina Hausicke","GER","MF","27-288",4.7,78,117,66.7,1424,547,26,38,68.4,45,60,75,5,9,55.6,0,0.3,0.2,-0.3,4,14,4,0,13,"https://fbref.com/en/players/1685552e/Lina-Hausicke","Frauen Bundesliga","https://fbref.com/en/comps/183/Frauen-Bundesliga-Stats","passing"
"2025-2026","Werder Bremen","Frauen-Bundesliga","Juliane Wirtz","GER","MF","24-053",4.7,133,172,77.3,2372,613,49,59,83.1,73,88,83,7,12,58.3,0,0.2,0.4,-0.2,2,8,2,0,13,"https://fbref.com/en/players/f9482141/Juliane-Wirtz","Frauen Bundesliga","https://fbref.com/en/comps/183/Frauen-Bundesliga-Stats","passing"
"2025-2026","Werder Bremen","Frauen-Bundesliga","Verena Wieder","GER","MF","25-110",3.2,33,59,55.9,594,66,18,29,62.1,11,16,68.8,3,8,37.5,0,0.1,0.1,-0.1,1,2,0,0,2,"https://fbref.com/en/players/a584ebc3/Verena-Wieder","Frauen Bundesliga","https://fbref.com/en/comps/183/Frauen-Bundesliga-Stats","passing"
"2025-2026","Werder Bremen","Frauen-Bundesliga","Amira Arfaoui","SUI","MF","26-067",3.4,55,93,59.1,888,361,23,33,69.7,21,35,60,6,12,50,0,0.3,0.5,-0.3,2,7,3,0,10,"https://fbref.com/en/players/43b64ff1/Amira-Arfaoui","Frauen Bundesliga","https://fbref.com/en/comps/183/Frauen-Bundesliga-Stats","passing"
"2025-2026","Werder Bremen","Frauen-Bundesliga","Maja Sternad","SVN","MF","21-290",2.8,22,42,52.4,276,97,12,21,57.1,7,9,77.8,1,2,50,1,0.4,0.6,0.6,4,2,3,0,5,"https://fbref.com/en/players/03224c76/Maja-Sternad","Frauen Bundesliga","https://fbref.com/en/comps/183/Frauen-Bundesliga-Stats","passing"
"2025-2026","Werder Bremen","Frauen-Bundesliga","Sharon Beck","ISR","MF,DF","30-206",2.6,45,80,56.3,919,379,19,31,61.3,18,25,72,8,17,47.1,0,0.6,0.6,-0.6,4,7,4,2,13,"https://fbref.com/en/players/c03890e3/Sharon-Beck","Frauen Bundesliga","https://fbref.com/en/comps/183/Frauen-Bundesliga-Stats","passing"
"2025-2026","Werder Bremen","Frauen-Bundesliga","Ricarda Walkling","GER","MF,FW","28-209",2,32,42,76.2,528,161,16,17,94.1,11,14,78.6,4,7,57.1,0,0,0.2,0,0,1,0,0,2,"https://fbref.com/en/players/e786e6f7/Ricarda-Walkling","Frauen Bundesliga","https://fbref.com/en/comps/183/Frauen-Bundesliga-Stats","passing"
"2025-2026","Werder Bremen","Frauen-Bundesliga","Tuana Keles","GER","MF","22-225",0.5,5,10,50,59,27,2,3,66.7,2,4,50,0,0,NA,0,0,0,0,0,0,0,0,1,"https://fbref.com/en/players/8e21b9cf/Tuana-Keles","Frauen Bundesliga","https://fbref.com/en/comps/183/Frauen-Bundesliga-Stats","passing"
"2025-2026","Werder Bremen","Frauen-Bundesliga","Emőke Pápai","HUN","MF,FW","22-112",1.5,23,36,63.9,300,78,16,23,69.6,4,5,80,2,4,50,0,0.1,0.1,-0.1,2,2,0,0,2,"https://fbref.com/en/players/7c04a48d/Emoke-Papai","Frauen Bundesliga","https://fbref.com/en/comps/183/Frauen-Bundesliga-Stats","passing"
"2025-2026","Werder Bremen","Frauen-Bundesliga","Kaylie Ronan","","DF,MF","",0.9,21,35,60,400,227,7,9,77.8,11,17,64.7,2,5,40,0,0,0,0,0,1,0,0,1,"https://fbref.com/en/players/afe11b5a/Kaylie-Ronan","Frauen Bundesliga","https://fbref.com/en/comps/183/Frauen-Bundesliga-Stats","passing"
"2025-2026","Werder Bremen","Frauen-Bundesliga","Rieke Dieckmann","GER","FW,DF","29-059",0.3,8,11,72.7,144,89,3,3,100,5,7,71.4,0,0,NA,0,0,0,0,0,0,1,0,1,"https://fbref.com/en/players/b92fbcee/Rieke-Dieckmann","Frauen Bundesliga","https://fbref.com/en/comps/183/Frauen-Bundesliga-Stats","passing"
"2025-2026","Werder Bremen","Frauen-Bundesliga","Maria Penner","GER","MF","18-169",0.1,1,3,33.3,26,14,0,1,0,1,2,50,0,0,NA,0,0,0,0,0,0,0,0,0,"https://fbref.com/en/players/feac5916/Maria-Penner","Frauen Bundesliga","https://fbref.com/en/comps/183/Frauen-Bundesliga-Stats","passing"
"2025-2026","Eintracht Frankfurt","Frauen-Bundesliga","Géraldine Reuteler","SUI","FW,MF","26-176",5.8,217,263,82.5,3729,1011,109,130,83.8,82,99,82.8,22,25,88,4,1.3,1.2,2.7,10,32,10,0,32,"https://fbref.com/en/players/f64daf84/Geraldine-Reuteler","Frauen Bundesliga","https://fbref.com/en/comps/183/Frauen-Bundesliga-Stats","passing"
"2025-2026","Eintracht Frankfurt","Frauen-Bundesliga","Amanda Ilestedt","SWE","DF","32-270",5.8,367,410,89.5,7793,3487,83,89,93.3,236,245,96.3,45,73,61.6,0,0,0.1,0,0,34,1,0,25,"https://fbref.com/en/players/93514385/Amanda-Ilestedt","Frauen Bundesliga","https://fbref.com/en/comps/183/Frauen-Bundesliga-Stats","passing"
"2025-2026","Eintracht Frankfurt","Frauen-Bundesliga","Elisa Senß","GER","MF","28-013",5.7,235,284,82.7,3909,1363,121,134,90.3,89,105,84.8,19,28,67.9,1,1.3,1.1,-0.3,11,34,7,1,36,"https://fbref.com/en/players/30bfca52/Elisa-Senss","Frauen Bundesliga","https://fbref.com/en/comps/183/Frauen-Bundesliga-Stats","passing"
"2025-2026","Eintracht Frankfurt","Frauen-Bundesliga","Lina Altenburg","GER","GK","20-205",5,117,161,72.7,2789,1931,24,24,100,65,66,98.5,26,69,37.7,0,0,0,0,0,2,0,0,0,"https://fbref.com/en/players/ceb873f4/Lina-Altenburg","Frauen Bundesliga","https://fbref.com/en/comps/183/Frauen-Bundesliga-Stats","passing"
"2025-2026","Eintracht Frankfurt","Frauen-Bundesliga","Jella Veit","GER","DF","20-164",5,284,327,86.9,6276,3022,57,62,91.9,177,190,93.2,48,73,65.8,0,0,0.1,0,0,24,0,0,18,"https://fbref.com/en/players/3107a1d3/Jella-Veit","Frauen Bundesliga","https://fbref.com/en/comps/183/Frauen-Bundesliga-Stats","passing"
"2025-2026","Eintracht Frankfurt","Frauen-Bundesliga","Lisanne Gräwe","GER","MF","23-168",4.8,255,316,80.7,4258,1386,116,135,85.9,116,136,85.3,19,35,54.3,0,0.2,0.4,-0.2,4,31,1,0,30,"https://fbref.com/en/players/2e902693/Lisanne-Grawe","Frauen Bundesliga","https://fbref.com/en/comps/183/Frauen-Bundesliga-Stats","passing"
"2025-2026","Eintracht Frankfurt","Frauen-Bundesliga","Nina Lührßen","GER","DF","25-327",4.8,260,372,69.9,4984,2493,117,132,88.6,102,140,72.9,38,88,43.2,1,0.6,0.7,0.4,8,35,5,2,26,"https://fbref.com/en/players/e070cdf6/Nina-Luhrssen","Frauen Bundesliga","https://fbref.com/en/comps/183/Frauen-Bundesliga-Stats","passing"
"2025-2026","Eintracht Frankfurt","Frauen-Bundesliga","Laura Freigang","GER","FW,MF","27-255",4.3,147,172,85.5,2443,632,77,84,91.7,57,68,83.8,10,11,90.9,1,1.3,0.5,-0.3,6,11,10,0,24,"https://fbref.com/en/players/8898987d/Laura-Freigang","Frauen Bundesliga","https://fbref.com/en/comps/183/Frauen-Bundesliga-Stats","passing"
"2025-2026","Eintracht Frankfurt","Frauen-Bundesliga","Rebecka Blomqvist","SWE","FW","28-082",4.3,96,127,75.6,1308,231,62,81,76.5,28,32,87.5,4,6,66.7,2,0.9,0.8,1.1,8,8,5,0,11,"https://fbref.com/en/players/fdae87ec/Rebecka-Blomqvist","Frauen Bundesliga","https://fbref.com/en/comps/183/Frauen-Bundesliga-Stats","passing"
"2025-2026","Eintracht Frankfurt","Frauen-Bundesliga","Ereleta Memeti","KVX","MF,FW","26-106",4.4,150,207,72.5,2573,802,68,86,79.1,65,79,82.3,13,32,40.6,1,0.4,0.5,0.6,2,22,4,0,29,"https://fbref.com/en/players/d782c918/Ereleta-Memeti","Frauen Bundesliga","https://fbref.com/en/comps/183/Frauen-Bundesliga-Stats","passing"
"2025-2026","Eintracht Frankfurt","Frauen-Bundesliga","Nadine Riesen","SUI","DF","25-186",3.4,180,238,75.6,3328,1618,71,89,79.8,87,109,79.8,19,32,59.4,0,0.2,0.7,-0.2,2,17,6,1,21,"https://fbref.com/en/players/6660f40b/Nadine-Riesen","Frauen Bundesliga","https://fbref.com/en/comps/183/Frauen-Bundesliga-Stats","passing"
"2025-2026","Eintracht Frankfurt","Frauen-Bundesliga","Nicole Anyomi","GER","FW,MF","25-246",3.4,58,83,69.9,926,210,25,35,71.4,27,35,77.1,3,6,50,0,0.6,0.7,-0.6,8,3,7,0,14,"https://fbref.com/en/players/83b0b998/Nicole-Anyomi","Frauen Bundesliga","https://fbref.com/en/comps/183/Frauen-Bundesliga-Stats","passing"
"2025-2026","Eintracht Frankfurt","Frauen-Bundesliga","Pia-Sophie Wolter","GER","DF","27-335",2.3,134,170,78.8,2688,1171,53,62,85.5,55,71,77.5,24,31,77.4,0,1,0.6,-1,2,14,5,3,12,"https://fbref.com/en/players/8ddc3ad5/Pia-Sophie-Wolter","Frauen Bundesliga","https://fbref.com/en/comps/183/Frauen-Bundesliga-Stats","passing"
"2025-2026","Eintracht Frankfurt","Frauen-Bundesliga","Remina Chiba","JPN","FW","26-167",1.5,30,45,66.7,525,115,13,17,76.5,13,20,65,3,5,60,0,0.1,0.6,-0.1,2,2,3,0,8,"https://fbref.com/en/players/6780aa6c/Remina-Chiba","Frauen Bundesliga","https://fbref.com/en/comps/183/Frauen-Bundesliga-Stats","passing"
"2025-2026","Eintracht Frankfurt","Frauen-Bundesliga","Dilara Acikgöz","GER","DF","21-134",1.4,66,91,72.5,1185,633,24,33,72.7,35,47,74.5,6,8,75,0,0,0.1,0,1,15,1,1,11,"https://fbref.com/en/players/1ce96186/Dilara-Acikgoz","Frauen Bundesliga","https://fbref.com/en/comps/183/Frauen-Bundesliga-Stats","passing"
"2025-2026","Eintracht Frankfurt","Frauen-Bundesliga","Noemi Ivelj","SUI","DF","18-347",1.2,88,103,85.4,1812,812,27,27,100,49,52,94.2,12,22,54.5,0,0,0.1,0,0,5,0,0,5,"https://fbref.com/en/players/e0e7e79d/Noemi-Ivelj","Frauen Bundesliga","https://fbref.com/en/comps/183/Frauen-Bundesliga-Stats","passing"
"2025-2026","Eintracht Frankfurt","Frauen-Bundesliga","Jarne Teulings","BEL","MF,FW","23-276",1.2,44,55,80,786,303,16,18,88.9,22,26,84.6,4,8,50,0,0.3,0.2,-0.3,3,2,3,1,9,"https://fbref.com/en/players/75e33f00/Jarne-Teulings","Frauen Bundesliga","https://fbref.com/en/comps/183/Frauen-Bundesliga-Stats","passing"
"2025-2026","Eintracht Frankfurt","Frauen-Bundesliga","Lea Paulick","GER","GK","26-042",1,24,32,75,535,349,3,4,75,17,18,94.4,4,10,40,0,0,0,0,0,1,0,0,0,"https://fbref.com/en/players/ee30975e/Lea-Paulick","Frauen Bundesliga","https://fbref.com/en/comps/183/Frauen-Bundesliga-Stats","passing"
"2025-2026","Eintracht Frankfurt","Frauen-Bundesliga","Hayley Raso","AUS","MF,FW","31-039",0.5,10,16,62.5,185,62,4,8,50,4,5,80,1,1,100,0,0,0,0,0,1,0,0,1,"https://fbref.com/en/players/4a4fc01f/Hayley-Raso","Frauen Bundesliga","https://fbref.com/en/comps/183/Frauen-Bundesliga-Stats","passing"
"2025-2026","Eintracht Frankfurt","Frauen-Bundesliga","Ilayda Acikgöz","GER","MF","21-134",0.2,4,10,40,83,26,1,4,25,3,5,60,0,1,0,0,0,0,0,0,0,0,0,0,"https://fbref.com/en/players/2de08078/Ilayda-Acikgoz","Frauen Bundesliga","https://fbref.com/en/comps/183/Frauen-Bundesliga-Stats","passing"
"2025-2026","Eintracht Frankfurt","Frauen-Bundesliga","Eleni Markou","GRE","FW","30-199",0,0,0,NA,0,0,0,0,NA,0,0,NA,0,0,NA,0,0,0,0,0,0,0,0,0,"https://fbref.com/en/players/7a6f2fc6/Eleni-Markou","Frauen Bundesliga","https://fbref.com/en/comps/183/Frauen-Bundesliga-Stats","passing"
"2025-2026","Union Berlin","Frauen-Bundesliga","Cara Bösl","GER","GK","28-245",6,156,199,78.4,3656,2866,23,24,95.8,99,107,92.5,34,64,53.1,0,0,0,0,0,1,0,0,2,"https://fbref.com/en/players/862a8439/Cara-Bosl","Frauen Bundesliga","https://fbref.com/en/comps/183/Frauen-Bundesliga-Stats","passing"
"2025-2026","Union Berlin","Frauen-Bundesliga","Tomke Schneider","GER","DF","21-075",6,275,392,70.2,5440,2960,92,120,76.7,155,200,77.5,27,61,44.3,0,0.8,0.9,-0.8,5,29,3,1,48,"https://fbref.com/en/players/87d189f6/Tomke-Schneider","Frauen Bundesliga","https://fbref.com/en/comps/183/Frauen-Bundesliga-Stats","passing"
"2025-2026","Union Berlin","Frauen-Bundesliga","Samantha Steuerwald","GER","DF","27-003",6,293,333,88,5817,2537,88,98,89.8,174,186,93.5,30,46,65.2,0,0,0.1,0,1,14,1,0,23,"https://fbref.com/en/players/444e3ae7/Samantha-Steuerwald","Frauen Bundesliga","https://fbref.com/en/comps/183/Frauen-Bundesliga-Stats","passing"
"2025-2026","Union Berlin","Frauen-Bundesliga","Sophie Weidauer","GER","FW","23-246",5.5,77,125,61.6,1242,299,40,61,65.6,30,46,65.2,6,7,85.7,0,0.5,1.1,-0.5,8,10,2,0,13,"https://fbref.com/en/players/68f5b63a/Sophie-Weidauer","Frauen Bundesliga","https://fbref.com/en/comps/183/Frauen-Bundesliga-Stats","passing"
"2025-2026","Union Berlin","Frauen-Bundesliga","Lisa Heiseler","GER","MF","27-107",4.5,75,113,66.4,1323,376,35,46,76.1,28,37,75.7,11,26,42.3,1,1.5,1.2,-0.5,10,7,6,2,9,"https://fbref.com/en/players/8d688368/Lisa-Heiseler","Frauen Bundesliga","https://fbref.com/en/comps/183/Frauen-Bundesliga-Stats","passing"
"2025-2026","Union Berlin","Frauen-Bundesliga","Eileen Campbell","AUT","MF,FW","25-027",5.3,102,160,63.8,1557,310,51,80,63.8,38,50,76,6,8,75,0,0.5,0.4,-0.5,7,3,3,1,12,"https://fbref.com/en/players/f36f682e/Eileen-Campbell","Frauen Bundesliga","https://fbref.com/en/comps/183/Frauen-Bundesliga-Stats","passing"
"2025-2026","Union Berlin","Frauen-Bundesliga","Tanja Pawollek","POL","MF,FW","26-269",5,167,203,82.3,2918,782,70,80,87.5,83,96,86.5,10,16,62.5,0,0,0.2,0,2,21,2,0,25,"https://fbref.com/en/players/7737e984/Tanja-Pawollek","Frauen Bundesliga","https://fbref.com/en/comps/183/Frauen-Bundesliga-Stats","passing"
"2025-2026","Union Berlin","Frauen-Bundesliga","Anna Weiß","GER","DF","27-085",5,171,271,63.1,3559,1785,47,67,70.1,95,132,72,28,57,49.1,0,0.6,0.8,-0.6,6,17,7,5,22,"https://fbref.com/en/players/cf939fba/Anna-Weiss","Frauen Bundesliga","https://fbref.com/en/comps/183/Frauen-Bundesliga-Stats","passing"
"2025-2026","Union Berlin","Frauen-Bundesliga","Dina Orschmann","GER","MF,FW","27-279",4.8,88,150,58.7,1554,671,39,64,60.9,32,44,72.7,13,29,44.8,0,0.6,0.4,-0.6,9,10,2,0,14,"https://fbref.com/en/players/890fa393/Dina-Orschmann","Frauen Bundesliga","https://fbref.com/en/comps/183/Frauen-Bundesliga-Stats","passing"
"2025-2026","Union Berlin","Frauen-Bundesliga","Naika Reissner","AUT","DF,FW","20-345",3.6,57,99,57.6,909,311,29,42,69,21,32,65.6,4,11,36.4,0,0.6,1,-0.6,5,4,7,2,11,"https://fbref.com/en/players/57a99ea6/Naika-Reissner","Frauen Bundesliga","https://fbref.com/en/comps/183/Frauen-Bundesliga-Stats","passing"
"2025-2026","Union Berlin","Frauen-Bundesliga","Anna Aehling","GER","DF","24-205",3.2,139,176,79,3044,1129,23,33,69.7,96,108,88.9,20,32,62.5,0,0,0.1,0,1,8,1,0,10,"https://fbref.com/en/players/55d88268/Anna-Aehling","Frauen Bundesliga","https://fbref.com/en/comps/183/Frauen-Bundesliga-Stats","passing"
"2025-2026","Union Berlin","Frauen-Bundesliga","Katja Nicola Orschmann","GER","DF","27-074",3,125,173,72.3,2754,1487,29,35,82.9,74,92,80.4,20,40,50,1,0.2,0.3,0.8,2,10,3,1,14,"https://fbref.com/en/players/ccf73f85/Katja-Nicola-Orschmann","Frauen Bundesliga","https://fbref.com/en/comps/183/Frauen-Bundesliga-Stats","passing"
"2025-2026","Union Berlin","Frauen-Bundesliga","Jenny Hipp","GER","MF","27-250",2,47,69,68.1,986,301,12,17,70.6,28,34,82.4,7,16,43.8,0,0.2,0.1,-0.2,2,5,0,0,7,"https://fbref.com/en/players/2c64d57e/Jenny-Hipp","Frauen Bundesliga","https://fbref.com/en/comps/183/Frauen-Bundesliga-Stats","passing"
"2025-2026","Union Berlin","Frauen-Bundesliga","Antonia Halverkamps","GER","MF,DF","24-350",2,50,84,59.5,947,443,22,28,78.6,18,32,56.3,9,21,42.9,2,0.7,0.5,1.3,6,7,3,1,5,"https://fbref.com/en/players/b2bf266d/Antonia-Halverkamps","Frauen Bundesliga","https://fbref.com/en/comps/183/Frauen-Bundesliga-Stats","passing"
"2025-2026","Union Berlin","Frauen-Bundesliga","Athanasia Moraitou","GRE","MF","28-195",1.4,26,43,60.5,492,208,11,15,73.3,12,19,63.2,3,7,42.9,0,0,0.1,0,1,5,1,0,8,"https://fbref.com/en/players/69d39de8/Athanasia-Moraitou","Frauen Bundesliga","https://fbref.com/en/comps/183/Frauen-Bundesliga-Stats","passing"
"2025-2026","Union Berlin","Frauen-Bundesliga","Judith Steinert","GER","DF,MF","30-019",0.9,49,66,74.2,950,518,19,24,79.2,22,26,84.6,8,13,61.5,0,0.2,0.2,-0.2,4,4,1,0,7,"https://fbref.com/en/players/b34e600e/Judith-Steinert","Frauen Bundesliga","https://fbref.com/en/comps/183/Frauen-Bundesliga-Stats","passing"
"2025-2026","Union Berlin","Frauen-Bundesliga","Ida Heikkinen","FIN","MF,FW","19-001",0.7,14,22,63.6,290,68,6,9,66.7,6,7,85.7,2,4,50,0,0,0,0,0,2,0,0,3,"https://fbref.com/en/players/5b4d6a70/Ida-Heikkinen","Frauen Bundesliga","https://fbref.com/en/comps/183/Frauen-Bundesliga-Stats","passing"
"2025-2026","Union Berlin","Frauen-Bundesliga","Nele Bauereisen","GER","DF,MF","21-192",0.6,8,17,47.1,121,4,4,6,66.7,3,8,37.5,1,3,33.3,1,0.5,0,0.5,1,0,0,0,0,"https://fbref.com/en/players/50dd869a/Nele-Bauereisen","Frauen Bundesliga","https://fbref.com/en/comps/183/Frauen-Bundesliga-Stats","passing"
"2025-2026","Union Berlin","Frauen-Bundesliga","Korina Lara Janež","SVN","MF","21-231",0.3,1,5,20,24,6,0,3,0,1,1,100,0,1,0,0,0,0,0,0,1,0,0,0,"https://fbref.com/en/players/6acbeec8/Korina-Lara-Janez","Frauen Bundesliga","https://fbref.com/en/comps/183/Frauen-Bundesliga-Stats","passing"
"2025-2026","Union Berlin","Frauen-Bundesliga","Celine Frank","GER","MF","27-080",0.1,5,6,83.3,105,33,1,1,100,4,4,100,0,1,0,0,0,0,0,0,1,0,0,1,"https://fbref.com/en/players/2d5f4946/Celine-Frank","Frauen Bundesliga","https://fbref.com/en/comps/183/Frauen-Bundesliga-Stats","passing"
"2025-2026","Union Berlin","Frauen-Bundesliga","Mariann Noack","GER","DF","16-237",0.1,0,1,0,0,0,0,1,0,0,0,NA,0,0,NA,0,0,0,0,0,0,0,0,0,"https://fbref.com/en/players/0bdb86d9/Mariann-Noack","Frauen Bundesliga","https://fbref.com/en/comps/183/Frauen-Bundesliga-Stats","passing"
"2025-2026","Union Berlin","Frauen-Bundesliga","Alma Marie Aagaard","DEN","MF","19-258",0,0,0,NA,0,0,0,0,NA,0,0,NA,0,0,NA,0,0,0,0,0,0,0,0,0,"https://fbref.com/en/players/7a70b30b/Alma-Marie-Aagaard","Frauen Bundesliga","https://fbref.com/en/comps/183/Frauen-Bundesliga-Stats","passing"
"2025-2026","RB Leipzig","Frauen-Bundesliga","Elvira Herzog","SUI","GK","25-223",6,162,177,91.5,3545,2476,36,36,100,98,101,97,27,39,69.2,0,0,0,0,0,0,0,0,0,"https://fbref.com/en/players/2ba3e2e8/Elvira-Herzog","Frauen Bundesliga","https://fbref.com/en/comps/183/Frauen-Bundesliga-Stats","passing"
"2025-2026","RB Leipzig","Frauen-Bundesliga","Julia Landenberger","GER","DF","21-296",6,346,411,84.2,6662,3355,125,141,88.7,177,198,89.4,40,59,67.8,0,0.2,0.4,-0.2,4,32,0,0,39,"https://fbref.com/en/players/2ff444b6/Julia-Landenberger","Frauen Bundesliga","https://fbref.com/en/comps/183/Frauen-Bundesliga-Stats","passing"
"2025-2026","RB Leipzig","Frauen-Bundesliga","Annabel Schasching","AUT","MF,FW","23-080",5.9,208,274,75.9,3299,1003,99,124,79.8,86,107,80.4,14,23,60.9,1,0.6,0.7,0.4,7,20,7,2,31,"https://fbref.com/en/players/021718ce/Annabel-Schasching","Frauen Bundesliga","https://fbref.com/en/comps/183/Frauen-Bundesliga-Stats","passing"
"2025-2026","RB Leipzig","Frauen-Bundesliga","Lisa Baum","GER","DF,MF","18-323",5.2,110,158,69.6,1801,637,51,65,78.5,50,63,79.4,8,20,40,0,1,0.7,-1,10,10,4,2,17,"https://fbref.com/en/players/4aa0fbfd/Lisa-Baum","Frauen Bundesliga","https://fbref.com/en/comps/183/Frauen-Bundesliga-Stats","passing"
"2025-2026","RB Leipzig","Frauen-Bundesliga","Andrea Norheim","NOR","DF","26-257",5,295,350,84.3,4784,2501,127,133,95.5,147,168,87.5,14,36,38.9,1,0,0,1,1,7,0,0,10,"https://fbref.com/en/players/d52de4c8/Andrea-Norheim","Frauen Bundesliga","https://fbref.com/en/comps/183/Frauen-Bundesliga-Stats","passing"
"2025-2026","RB Leipzig","Frauen-Bundesliga","Sandra Starke","GER","MF","32-075",4.8,245,304,80.6,3605,799,133,155,85.8,97,112,86.6,5,18,27.8,0,0,0.1,0,0,10,2,0,15,"https://fbref.com/en/players/60c22595/Sandra-Starke","Frauen Bundesliga","https://fbref.com/en/comps/183/Frauen-Bundesliga-Stats","passing"
"2025-2026","RB Leipzig","Frauen-Bundesliga","Giovanna Hoffmann","GER","FW,MF","27-024",4.1,65,97,67,1149,282,27,40,67.5,26,34,76.5,8,11,72.7,0,0,0.5,0,1,8,1,1,9,"https://fbref.com/en/players/e81f194d/Giovanna-Hoffmann","Frauen Bundesliga","https://fbref.com/en/comps/183/Frauen-Bundesliga-Stats","passing"
"2025-2026","RB Leipzig","Frauen-Bundesliga","Marleen Schimmer","GER","DF,FW","24-356",3.9,114,169,67.5,2140,879,46,54,85.2,55,80,68.8,12,26,46.2,0,0.3,0.4,-0.3,7,12,5,3,16,"https://fbref.com/en/players/be36d20c/Marleen-Schimmer","Frauen Bundesliga","https://fbref.com/en/comps/183/Frauen-Bundesliga-Stats","passing"
"2025-2026","RB Leipzig","Frauen-Bundesliga","Delice Boboy","GER","FW,MF","18-349",3.8,51,80,63.8,696,164,28,36,77.8,14,23,60.9,3,7,42.9,1,0.3,0.1,0.7,6,4,2,2,8,"https://fbref.com/en/players/32c68f4e/Delice-Boboy","Frauen Bundesliga","https://fbref.com/en/comps/183/Frauen-Bundesliga-Stats","passing"
"2025-2026","RB Leipzig","Frauen-Bundesliga","Marlene Müller","GER","MF,FW","24-355",3.8,106,147,72.1,1726,501,47,64,73.4,52,63,82.5,5,10,50,1,0.3,0.3,0.7,4,8,3,2,12,"https://fbref.com/en/players/60352dae/Marlene-Muller","Frauen Bundesliga","https://fbref.com/en/comps/183/Frauen-Bundesliga-Stats","passing"
"2025-2026","RB Leipzig","Frauen-Bundesliga","Nikoline Dudek","DEN","DF,MF","22-028",3.2,184,223,82.5,3230,1528,72,78,92.3,98,115,85.2,10,22,45.5,0,0.2,0.3,-0.2,1,16,4,0,19,"https://fbref.com/en/players/1fdb740f/Nikoline-Dudek","Frauen Bundesliga","https://fbref.com/en/comps/183/Frauen-Bundesliga-Stats","passing"
"2025-2026","RB Leipzig","Frauen-Bundesliga","Lou-Ann Joly","FRA","MF","23-183",2.9,103,132,78,1466,393,60,67,89.6,31,38,81.6,4,15,26.7,0,0.1,0.2,-0.1,1,8,1,0,9,"https://fbref.com/en/players/0fee9f6d/Lou-Ann-Joly","Frauen Bundesliga","https://fbref.com/en/comps/183/Frauen-Bundesliga-Stats","passing"
"2025-2026","RB Leipzig","Frauen-Bundesliga","Gina Chmielinski","GER","MF,FW","25-129",2.9,60,104,57.7,888,267,30,38,78.9,21,31,67.7,4,18,22.2,0,0.2,0.3,-0.2,4,5,2,1,9,"https://fbref.com/en/players/8c3de9d6/Gina-Chmielinski","Frauen Bundesliga","https://fbref.com/en/comps/183/Frauen-Bundesliga-Stats","passing"
"2025-2026","RB Leipzig","Frauen-Bundesliga","Mai Kadowaki","JPN","FW,MF","24-175",2.6,38,47,80.9,448,137,24,26,92.3,10,12,83.3,0,0,NA,1,0.4,0.2,0.6,6,1,4,1,4,"https://fbref.com/en/players/f39de6ec/Mai-Kadowaki","Frauen Bundesliga","https://fbref.com/en/comps/183/Frauen-Bundesliga-Stats","passing"
"2025-2026","RB Leipzig","Frauen-Bundesliga","Victoria Krug","GER","DF","27-275",2.6,114,149,76.5,2142,1109,48,53,90.6,52,66,78.8,14,25,56,0,0.1,0.1,-0.1,1,11,3,1,16,"https://fbref.com/en/players/a3183592/Victoria-Krug","Frauen Bundesliga","https://fbref.com/en/comps/183/Frauen-Bundesliga-Stats","passing"
"2025-2026","RB Leipzig","Frauen-Bundesliga","Julia Magerl","AUT","DF","22-165",1.9,123,140,87.9,2193,1042,50,54,92.6,63,67,94,9,10,90,0,0,0.1,0,1,4,0,0,5,"https://fbref.com/en/players/87be9b9d/Julia-Magerl","Frauen Bundesliga","https://fbref.com/en/comps/183/Frauen-Bundesliga-Stats","passing"
"2025-2026","RB Leipzig","Frauen-Bundesliga","Emilía Ásgeirsdóttir","ISL","FW,MF","20-257",0.7,14,30,46.7,201,32,9,14,64.3,5,11,45.5,0,1,0,0,0.1,0,-0.1,2,0,1,0,4,"https://fbref.com/en/players/8f4f0cc8/Emilia-Asgeirsdottir","Frauen Bundesliga","https://fbref.com/en/comps/183/Frauen-Bundesliga-Stats","passing"
"2025-2026","RB Leipzig","Frauen-Bundesliga","Persis Oteng","NED","FW,MF","19-345",0.6,3,8,37.5,48,0,2,5,40,1,1,100,0,1,0,1,0.1,0,0.9,1,0,0,0,0,"https://fbref.com/en/players/0fb8146e/Persis-Oteng","Frauen Bundesliga","https://fbref.com/en/comps/183/Frauen-Bundesliga-Stats","passing"
"2025-2026","RB Leipzig","Frauen-Bundesliga","Luca Maria Graf","GER","FW","26-209",0,0,0,NA,0,0,0,0,NA,0,0,NA,0,0,NA,0,0,0,0,0,0,0,0,0,"https://fbref.com/en/players/571efbd6/Luca-Maria-Graf","Frauen Bundesliga","https://fbref.com/en/comps/183/Frauen-Bundesliga-Stats","passing"
"2025-2026","Köln","Frauen-Bundesliga","Laura Vogt","GER","MF","24-154",5,143,217,65.9,2292,846,72,91,79.1,57,83,68.7,8,25,32,0,0.4,0.3,-0.4,5,16,2,1,11,"https://fbref.com/en/players/99c4eb1a/Laura-Vogt","Frauen Bundesliga","https://fbref.com/en/comps/183/Frauen-Bundesliga-Stats","passing"
"2025-2026","Köln","Frauen-Bundesliga","Sara Agrež","SVN","DF","24-309",5,160,217,73.7,3046,1488,57,65,87.7,81,98,82.7,21,45,46.7,0,0.4,0.5,-0.4,3,13,1,0,17,"https://fbref.com/en/players/f4321ccd/Sara-Agrez","Frauen Bundesliga","https://fbref.com/en/comps/183/Frauen-Bundesliga-Stats","passing"
"2025-2026","Köln","Frauen-Bundesliga","Carlotta Imping","GER","DF,FW","21-308",4.7,123,204,60.3,2094,892,66,92,71.7,40,60,66.7,14,40,35,0,0.1,0.2,-0.1,1,17,3,1,16,"https://fbref.com/en/players/baf38991/Carlotta-Imping","Frauen Bundesliga","https://fbref.com/en/comps/183/Frauen-Bundesliga-Stats","passing"
"2025-2026","Köln","Frauen-Bundesliga","Laura Feiersinger","AUT","MF","32-192",4.7,191,248,77,3204,890,86,104,82.7,87,105,82.9,13,24,54.2,1,0.8,0.7,0.2,5,23,5,0,33,"https://fbref.com/en/players/1b4b3721/Laura-Feiersinger","Frauen Bundesliga","https://fbref.com/en/comps/183/Frauen-Bundesliga-Stats","passing"
"2025-2026","Köln","Frauen-Bundesliga","Laura Donhauser","GER","FW","24-040",4.7,61,105,58.1,785,312,36,49,73.5,19,26,73.1,1,6,16.7,0,0.4,0.3,-0.4,4,3,3,1,8,"https://fbref.com/en/players/307ba10b/Laura-Donhauser","Frauen Bundesliga","https://fbref.com/en/comps/183/Frauen-Bundesliga-Stats","passing"
"2025-2026","Köln","Frauen-Bundesliga","Sandra Jessen","ISL","FW","30-269",4.6,47,79,59.5,597,148,32,52,61.5,12,17,70.6,1,2,50,0,0.4,0.2,-0.4,4,5,2,1,7,"https://fbref.com/en/players/cc4a09af/Sandra-Jessen","Frauen Bundesliga","https://fbref.com/en/comps/183/Frauen-Bundesliga-Stats","passing"
"2025-2026","Köln","Frauen-Bundesliga","Adriana Achcińska","POL","MF","23-175",4.6,83,145,57.2,1507,611,41,57,71.9,18,33,54.5,18,39,46.2,0,0.5,0.3,-0.5,6,7,5,0,12,"https://fbref.com/en/players/d85ee236/Adriana-Achcinska","Frauen Bundesliga","https://fbref.com/en/comps/183/Frauen-Bundesliga-Stats","passing"
"2025-2026","Köln","Frauen-Bundesliga","Anna Gerhardt","GER","DF","27-180",4,92,153,60.1,1602,888,39,54,72.2,44,68,64.7,7,21,33.3,0,0,0,0,0,3,1,1,8,"https://fbref.com/en/players/f3794764/Anna-Gerhardt","Frauen Bundesliga","https://fbref.com/en/comps/183/Frauen-Bundesliga-Stats","passing"
"2025-2026","Köln","Frauen-Bundesliga","Lisa Schmitz","GER","GK","33-163",4,94,128,73.4,2374,1742,16,17,94.1,57,59,96.6,21,52,40.4,0,0,0,0,1,2,0,0,0,"https://fbref.com/en/players/38bbb38c/Lisa-Schmitz","Frauen Bundesliga","https://fbref.com/en/comps/183/Frauen-Bundesliga-Stats","passing"
"2025-2026","Köln","Frauen-Bundesliga","Marina Hegering","GER","DF","35-180",3.7,141,185,76.2,2911,1343,48,59,81.4,70,82,85.4,22,39,56.4,1,0.6,0.5,0.4,1,10,2,0,8,"https://fbref.com/en/players/df1695c1/Marina-Hegering","Frauen Bundesliga","https://fbref.com/en/comps/183/Frauen-Bundesliga-Stats","passing"
"2025-2026","Köln","Frauen-Bundesliga","Sylwia Matysik","POL","DF","28-147",1.7,47,92,51.1,775,353,24,37,64.9,22,41,53.7,1,11,9.1,0,0,0,0,0,4,0,0,3,"https://fbref.com/en/players/b2d4690f/Sylwia-Matysik","Frauen Bundesliga","https://fbref.com/en/comps/183/Frauen-Bundesliga-Stats","passing"
"2025-2026","Köln","Frauen-Bundesliga","Lydia Andrade","SUI","FW,DF","26-236",1.8,15,24,62.5,178,53,9,11,81.8,4,8,50,0,2,0,0,0,0,0,0,0,1,0,1,"https://fbref.com/en/players/221e533d/Lydia-Andrade","Frauen Bundesliga","https://fbref.com/en/comps/183/Frauen-Bundesliga-Stats","passing"
"2025-2026","Köln","Frauen-Bundesliga","Martyna Wiankowska","POL","DF,FW","28-294",1.3,30,54,55.6,497,371,17,22,77.3,10,24,41.7,3,8,37.5,0,0.6,0.4,-0.6,3,3,1,1,5,"https://fbref.com/en/players/83188bdb/Martyna-Wiankowska","Frauen Bundesliga","https://fbref.com/en/comps/183/Frauen-Bundesliga-Stats","passing"
"2025-2026","Köln","Frauen-Bundesliga","Weronika Zawistowska","POL","FW","25-301",1,12,21,57.1,180,58,9,12,75,2,4,50,1,1,100,0,0,0.1,0,1,1,1,0,1,"https://fbref.com/en/players/a204c740/Weronika-Zawistowska","Frauen Bundesliga","https://fbref.com/en/comps/183/Frauen-Bundesliga-Stats","passing"
"2025-2026","Köln","Frauen-Bundesliga","Irina Fuchs","SUI","GK","20-026",1,21,32,65.6,543,408,0,0,NA,13,14,92.9,8,18,44.4,0,0,0,0,0,0,0,0,0,"https://fbref.com/en/players/81765813/Irina-Fuchs","Frauen Bundesliga","https://fbref.com/en/comps/183/Frauen-Bundesliga-Stats","passing"
"2025-2026","Köln","Frauen-Bundesliga","Anna-Lena Stolze","GER","FW,MF","25-098",0.9,19,31,61.3,369,123,7,10,70,9,14,64.3,3,5,60,1,0.5,0.1,0.5,2,2,1,0,5,"https://fbref.com/en/players/f0bbb279/Anna-Lena-Stolze","Frauen Bundesliga","https://fbref.com/en/comps/183/Frauen-Bundesliga-Stats","passing"
"2025-2026","Köln","Frauen-Bundesliga","Celina Degen","AUT","DF,MF","24-151",0.7,41,50,82,882,402,9,11,81.8,27,33,81.8,5,6,83.3,0,0,0.1,0,0,2,0,0,5,"https://fbref.com/en/players/eb75cca6/Celina-Degen","Frauen Bundesliga","https://fbref.com/en/comps/183/Frauen-Bundesliga-Stats","passing"
"2025-2026","Köln","Frauen-Bundesliga","Vanessa Leimenstoll","GER","FW,MF","24-227",0.5,14,29,48.3,188,85,10,16,62.5,3,8,37.5,1,2,50,0,0,0.1,0,0,1,0,0,1,"https://fbref.com/en/players/81b66ed2/Vanessa-Leimenstoll","Frauen Bundesliga","https://fbref.com/en/comps/183/Frauen-Bundesliga-Stats","passing"
"2025-2026","Köln","Frauen-Bundesliga","Julia Schiffarth","GER","MF,FW","18-009",0.4,7,8,87.5,87,53,5,5,100,2,3,66.7,0,0,NA,0,0,0,0,0,1,0,0,3,"https://fbref.com/en/players/f537cc2c/Julia-Schiffarth","Frauen Bundesliga","https://fbref.com/en/comps/183/Frauen-Bundesliga-Stats","passing"
"2025-2026","Köln","Frauen-Bundesliga","Pauline Bremer","GER","DF","29-187",0.3,3,9,33.3,29,15,3,5,60,0,1,0,0,2,0,0,0,0,0,0,1,0,0,0,"https://fbref.com/en/players/ef20b0e8/Pauline-Bremer","Frauen Bundesliga","https://fbref.com/en/comps/183/Frauen-Bundesliga-Stats","passing"
"2025-2026","Köln","Frauen-Bundesliga","Amelie Bohnen","GER","DF","24-059",0,0,0,NA,0,0,0,0,NA,0,0,NA,0,0,NA,0,0,0,0,0,0,0,0,0,"https://fbref.com/en/players/c5a3a2aa/Amelie-Bohnen","Frauen Bundesliga","https://fbref.com/en/comps/183/Frauen-Bundesliga-Stats","passing"
"2025-2026","1. FC Nürnberg","Frauen-Bundesliga","Nastassja Lein","GER","MF","24-243",6,55,92,59.8,812,349,28,42,66.7,23,34,67.6,1,4,25,2,0.6,0.2,1.4,7,6,2,1,10,"https://fbref.com/en/players/c91c5067/Nastassja-Lein","Frauen Bundesliga","https://fbref.com/en/comps/183/Frauen-Bundesliga-Stats","passing"
"2025-2026","1. FC Nürnberg","Frauen-Bundesliga","Larissa Rusek","AUT","GK","20-286",6,95,191,49.7,2724,2008,20,21,95.2,41,44,93.2,34,123,27.6,0,0,0,0,0,3,0,0,0,"https://fbref.com/en/players/11c0166a/Larissa-Rusek","Frauen Bundesliga","https://fbref.com/en/comps/183/Frauen-Bundesliga-Stats","passing"
"2025-2026","1. FC Nürnberg","Frauen-Bundesliga","Oliwia Woś","POL","DF","26-060",6,93,163,57.1,2112,1065,25,36,69.4,49,66,74.2,19,57,33.3,0,0.3,0.4,-0.3,2,9,2,0,14,"https://fbref.com/en/players/f6acd028/Oliwia-Wos","Frauen Bundesliga","https://fbref.com/en/comps/183/Frauen-Bundesliga-Stats","passing"
"2025-2026","1. FC Nürnberg","Frauen-Bundesliga","Sanja Homann","GER","MF,DF","23-290",5.7,50,127,39.4,958,401,22,45,48.9,19,42,45.2,8,20,40,0,0.3,0.2,-0.3,4,8,4,2,9,"https://fbref.com/en/players/a528a23e/Sanja-Homann","Frauen Bundesliga","https://fbref.com/en/comps/183/Frauen-Bundesliga-Stats","passing"
"2025-2026","1. FC Nürnberg","Frauen-Bundesliga","Julia Pollak","GER","DF","23-158",5.7,124,193,64.2,2262,1311,44,58,75.9,67,86,77.9,10,37,27,0,0.1,0,-0.1,2,11,0,0,14,"https://fbref.com/en/players/c639a95f/Julia-Pollak","Frauen Bundesliga","https://fbref.com/en/comps/183/Frauen-Bundesliga-Stats","passing"
"2025-2026","1. FC Nürnberg","Frauen-Bundesliga","Luisa Guttenberger","GER","DF,MF","26-317",5.7,60,101,59.4,1062,432,32,44,72.7,21,31,67.7,7,21,33.3,0,0,0.1,0,0,8,2,0,6,"https://fbref.com/en/players/ce8310d3/Luisa-Guttenberger","Frauen Bundesliga","https://fbref.com/en/comps/183/Frauen-Bundesliga-Stats","passing"
"2025-2026","1. FC Nürnberg","Frauen-Bundesliga","Beatrix Fördős","HUN","DF","23-280",5.5,72,110,65.5,1591,657,21,26,80.8,36,46,78.3,15,37,40.5,0,0,0,0,0,1,0,0,1,"https://fbref.com/en/players/67d2f423/Beatrix-Fordos","Frauen Bundesliga","https://fbref.com/en/comps/183/Frauen-Bundesliga-Stats","passing"
"2025-2026","1. FC Nürnberg","Frauen-Bundesliga","Aneta Polášková","CZE","FW","23-164",4.8,57,101,56.4,1008,280,28,37,75.7,19,29,65.5,9,21,42.9,1,0.8,0.3,0.2,4,6,4,0,12,"https://fbref.com/en/players/88b52cda/Aneta-Polaskova","Frauen Bundesliga","https://fbref.com/en/comps/183/Frauen-Bundesliga-Stats","passing"
"2025-2026","1. FC Nürnberg","Frauen-Bundesliga","Laura Miller","LUX","MF","23-311",4.2,63,96,65.6,1053,522,28,46,60.9,28,37,75.7,4,6,66.7,0,0.6,0.1,-0.6,6,8,3,0,16,"https://fbref.com/en/players/d38560f6/Laura-Miller","Frauen Bundesliga","https://fbref.com/en/comps/183/Frauen-Bundesliga-Stats","passing"
"2025-2026","1. FC Nürnberg","Frauen-Bundesliga","Aleigh Gambone","USA","MF,DF","25-005",4,75,129,58.1,1320,864,31,43,72.1,36,58,62.1,7,25,28,0,0.1,0.2,-0.1,1,12,4,1,18,"https://fbref.com/en/players/f7960ed7/Aleigh-Gambone","Frauen Bundesliga","https://fbref.com/en/comps/183/Frauen-Bundesliga-Stats","passing"
"2025-2026","1. FC Nürnberg","Frauen-Bundesliga","Selma Licina","MNE","MF,FW","24-159",3.7,69,113,61.1,1095,424,39,61,63.9,24,35,68.6,5,12,41.7,1,0.2,0.2,0.8,4,6,3,0,16,"https://fbref.com/en/players/b28e04bd/Selma-Licina","Frauen Bundesliga","https://fbref.com/en/comps/183/Frauen-Bundesliga-Stats","passing"
"2025-2026","1. FC Nürnberg","Frauen-Bundesliga","Franziska Mai","GER","DF,FW","26-002",2.8,24,52,46.2,416,284,10,16,62.5,13,29,44.8,1,4,25,0,0,0.2,0,0,0,2,0,4,"https://fbref.com/en/players/915c9aa3/Franziska-Mai","Frauen Bundesliga","https://fbref.com/en/comps/183/Frauen-Bundesliga-Stats","passing"
"2025-2026","1. FC Nürnberg","Frauen-Bundesliga","Jacqueline Baumgärtel","GER","FW,MF","23-225",2.2,8,24,33.3,147,9,1,9,11.1,6,9,66.7,0,2,0,0,0,0,0,0,0,0,0,2,"https://fbref.com/en/players/29ee98e7/Jacqueline-Baumgartel","Frauen Bundesliga","https://fbref.com/en/comps/183/Frauen-Bundesliga-Stats","passing"
"2025-2026","1. FC Nürnberg","Frauen-Bundesliga","Jonna Brengel","GER","MF","21-030",1.6,22,41,53.7,524,402,7,12,58.3,7,12,58.3,8,14,57.1,0,0.3,0,-0.3,6,11,1,0,10,"https://fbref.com/en/players/ada7b4f0/Jonna-Brengel","Frauen Bundesliga","https://fbref.com/en/comps/183/Frauen-Bundesliga-Stats","passing"
"2025-2026","1. FC Nürnberg","Frauen-Bundesliga","Clara Fröhlich","GER","DF","21-213",1.2,26,37,70.3,436,225,13,16,81.3,12,13,92.3,1,5,20,0,0,0.1,0,0,1,0,0,2,"https://fbref.com/en/players/265328ec/Clara-Frohlich","Frauen Bundesliga","https://fbref.com/en/comps/183/Frauen-Bundesliga-Stats","passing"
"2025-2026","1. FC Nürnberg","Frauen-Bundesliga","Klara Senelius","SWE","DF,MF","20-128",0.4,11,16,68.8,200,92,7,7,100,3,5,60,1,3,33.3,0,0,0,0,0,0,0,0,0,"https://fbref.com/en/players/821d479d/Klara-Senelius","Frauen Bundesliga","https://fbref.com/en/comps/183/Frauen-Bundesliga-Stats","passing"
"2025-2026","1. FC Nürnberg","Frauen-Bundesliga","Meret Günster","GER","MF,FW","22-268",0.2,4,10,40,56,41,2,4,50,2,4,50,0,1,0,0,0,0,0,0,0,1,0,2,"https://fbref.com/en/players/2fd87cb2/Meret-Gunster","Frauen Bundesliga","https://fbref.com/en/comps/183/Frauen-Bundesliga-Stats","passing"
"2025-2026","1. FC Nürnberg","Frauen-Bundesliga","Amélie Thöle","GER","MF","22-044",0.2,0,1,0,0,0,0,0,NA,0,1,0,0,0,NA,0,0,0,0,0,0,0,0,0,"https://fbref.com/en/players/f16d1bf3/Amelie-Thole","Frauen Bundesliga","https://fbref.com/en/comps/183/Frauen-Bundesliga-Stats","passing"
"2025-2026","1. FC Nürnberg","Frauen-Bundesliga","Alina Mailbeck","GER","MF","28-124",0,0,0,NA,0,0,0,0,NA,0,0,NA,0,0,NA,0,0,0,0,0,0,0,0,0,"https://fbref.com/en/players/fc577573/Alina-Mailbeck","Frauen Bundesliga","https://fbref.com/en/comps/183/Frauen-Bundesliga-Stats","passing"
"2025-2026","Hamburger SV","Frauen-Bundesliga","Melanie Brunnthaler","AUT","FW","25-016",6,78,119,65.5,1027,254,45,67,67.2,24,33,72.7,1,4,25,1,1,0.6,0,8,6,2,2,7,"https://fbref.com/en/players/0a63b53a/Melanie-Brunnthaler","Frauen Bundesliga","https://fbref.com/en/comps/183/Frauen-Bundesliga-Stats","passing"
"2025-2026","Hamburger SV","Frauen-Bundesliga","Svea Stoldt","GER","DF","19-315",6,120,181,66.3,2623,1319,32,46,69.6,63,79,79.7,23,48,47.9,2,0.5,0.7,1.5,6,13,1,0,15,"https://fbref.com/en/players/5b400501/Svea-Stoldt","Frauen Bundesliga","https://fbref.com/en/comps/183/Frauen-Bundesliga-Stats","passing"
"2025-2026","Hamburger SV","Frauen-Bundesliga","Leni Marie Eggert","GER","DF","17-100",6,135,265,50.9,2293,1736,61,97,62.9,55,102,53.9,13,43,30.2,0,0.5,0.4,-0.5,4,9,3,2,15,"https://fbref.com/en/players/5698d1c9/Leni-Marie-Eggert","Frauen Bundesliga","https://fbref.com/en/comps/183/Frauen-Bundesliga-Stats","passing"
"2025-2026","Hamburger SV","Frauen-Bundesliga","Pauline Machtens","GER","MF","23-108",4.7,67,121,55.4,1131,490,31,49,63.3,32,54,59.3,3,12,25,0,0.1,0,-0.1,3,4,0,0,8,"https://fbref.com/en/players/e4687714/Pauline-Machtens","Frauen Bundesliga","https://fbref.com/en/comps/183/Frauen-Bundesliga-Stats","passing"
"2025-2026","Hamburger SV","Frauen-Bundesliga","Sophie Hillebrand","AUT","FW","23-263",4.4,55,78,70.5,866,303,31,42,73.8,16,22,72.7,6,10,60,0,0.2,0.1,-0.2,3,7,1,1,9,"https://fbref.com/en/players/c3f503a8/Sophie-Hillebrand","Frauen Bundesliga","https://fbref.com/en/comps/183/Frauen-Bundesliga-Stats","passing"
"2025-2026","Hamburger SV","Frauen-Bundesliga","Nina Räcke","GER","DF","24-027",5,95,135,70.4,1943,1007,36,46,78.3,40,53,75.5,18,33,54.5,0,0,0.1,0,2,14,1,0,21,"https://fbref.com/en/players/d0d2c2f8/Nina-Racke","Frauen Bundesliga","https://fbref.com/en/comps/183/Frauen-Bundesliga-Stats","passing"
"2025-2026","Hamburger SV","Frauen-Bundesliga","Mária Mikolajová","SVK","MF","26-123",4.2,71,115,61.7,1209,677,28,49,57.1,38,50,76,4,12,33.3,0,0.1,0.1,-0.1,2,11,1,1,18,"https://fbref.com/en/players/07ee8887/Maria-Mikolajova","Frauen Bundesliga","https://fbref.com/en/comps/183/Frauen-Bundesliga-Stats","passing"
"2025-2026","Hamburger SV","Frauen-Bundesliga","Jaqueline Donges","GER","DF","24-297",3.5,79,122,64.8,1914,1045,18,24,75,38,50,76,21,44,47.7,0,0.1,0.1,-0.1,2,20,0,0,15,"https://fbref.com/en/players/60c2e7fe/Jaqueline-Donges","Frauen Bundesliga","https://fbref.com/en/comps/183/Frauen-Bundesliga-Stats","passing"
"2025-2026","Hamburger SV","Frauen-Bundesliga","Jobina Lahr","GER","DF","33-360",2.7,43,97,44.3,1008,816,14,22,63.6,15,31,48.4,13,40,32.5,1,0.1,0.1,0.9,1,6,1,1,4,"https://fbref.com/en/players/368b0d80/Jobina-Lahr","Frauen Bundesliga","https://fbref.com/en/comps/183/Frauen-Bundesliga-Stats","passing"
"2025-2026","Hamburger SV","Frauen-Bundesliga","Emilia Hirche","GER","DF,FW","22-094",3.5,67,89,75.3,1306,584,19,25,76,36,42,85.7,10,20,50,0,0,0.6,0,1,5,0,0,9,"https://fbref.com/en/players/60255644/Emilia-Hirche","Frauen Bundesliga","https://fbref.com/en/comps/183/Frauen-Bundesliga-Stats","passing"
"2025-2026","Hamburger SV","Frauen-Bundesliga","Lotta Wrede","GER","MF,DF","17-194",3.3,76,112,67.9,1374,444,33,39,84.6,31,44,70.5,10,19,52.6,0,0.3,0.2,-0.3,1,12,3,0,18,"https://fbref.com/en/players/8af3538b/Lotta-Wrede","Frauen Bundesliga","https://fbref.com/en/comps/183/Frauen-Bundesliga-Stats","passing"
"2025-2026","Hamburger SV","Frauen-Bundesliga","Inga Schuldt","GER","GK","28-196",3,55,94,58.5,1954,1669,2,2,100,22,25,88,31,65,47.7,0,0,0,0,0,2,0,0,0,"https://fbref.com/en/players/3151a778/Inga-Schuldt","Frauen Bundesliga","https://fbref.com/en/comps/183/Frauen-Bundesliga-Stats","passing"
"2025-2026","Hamburger SV","Frauen-Bundesliga","Annaleen Böhler","GER","DF","20-088",2.5,59,92,64.1,1063,625,26,35,74.3,28,42,66.7,4,11,36.4,0,0,0,0,0,4,0,0,4,"https://fbref.com/en/players/801f23e0/Annaleen-Bohler","Frauen Bundesliga","https://fbref.com/en/comps/183/Frauen-Bundesliga-Stats","passing"
"2025-2026","Hamburger SV","Frauen-Bundesliga","Mia Büchele","GER","MF,DF","22-007",1.9,30,59,50.8,521,272,14,18,77.8,11,18,61.1,4,18,22.2,0,0.2,0.2,-0.2,4,2,2,0,5,"https://fbref.com/en/players/762fd610/Mia-Buchele","Frauen Bundesliga","https://fbref.com/en/comps/183/Frauen-Bundesliga-Stats","passing"
"2025-2026","Hamburger SV","Frauen-Bundesliga","Laura Sieger","GER","GK","25-238",1.3,16,36,44.4,520,418,2,2,100,7,8,87.5,7,25,28,0,0,0,0,0,0,0,0,0,"https://fbref.com/en/players/90177ab1/Laura-Sieger","Frauen Bundesliga","https://fbref.com/en/comps/183/Frauen-Bundesliga-Stats","passing"
"2025-2026","Hamburger SV","Frauen-Bundesliga","Christin Meyer","GER","MF,DF","25-000",2.6,28,63,44.4,431,122,16,26,61.5,10,20,50,1,7,14.3,1,0.1,0.1,0.9,1,2,1,1,3,"https://fbref.com/en/players/5de1a331/Christin-Meyer","Frauen Bundesliga","https://fbref.com/en/comps/183/Frauen-Bundesliga-Stats","passing"
"2025-2026","Hamburger SV","Frauen-Bundesliga","Victoria Schulz","GER","MF,FW","27-337",2.4,46,74,62.2,689,211,24,25,96,18,29,62.1,2,15,13.3,0,0.1,0.1,-0.1,3,5,1,0,4,"https://fbref.com/en/players/12fddac2/Victoria-Schulz","Frauen Bundesliga","https://fbref.com/en/comps/183/Frauen-Bundesliga-Stats","passing"
"2025-2026","Hamburger SV","Frauen-Bundesliga","Larissa Haidner","AUT","GK","20-210",1.7,31,59,52.5,1022,843,1,1,100,15,15,100,15,43,34.9,0,0,0,0,0,0,0,0,0,"https://fbref.com/en/players/257050d3/Larissa-Haidner","Frauen Bundesliga","https://fbref.com/en/comps/183/Frauen-Bundesliga-Stats","passing"
"2025-2026","Hamburger SV","Frauen-Bundesliga","Viktoria Schwalm","GER","FW,MF","27-309",0.7,9,18,50,169,65,3,6,50,6,7,85.7,0,4,0,0,0.2,0.2,-0.2,2,1,2,1,3,"https://fbref.com/en/players/109cdc0e/Viktoria-Schwalm","Frauen Bundesliga","https://fbref.com/en/comps/183/Frauen-Bundesliga-Stats","passing"
"2025-2026","Hamburger SV","Frauen-Bundesliga","Annalena Wucher","AUT","DF,FW","26-131",0.5,9,18,50,237,191,0,2,0,5,8,62.5,4,5,80,0,0,0,0,0,0,0,0,1,"https://fbref.com/en/players/e95a092a/Annalena-Wucher","Frauen Bundesliga","https://fbref.com/en/comps/183/Frauen-Bundesliga-Stats","passing"
"2025-2026","Hamburger SV","Frauen-Bundesliga","Vildan Kardesler","GER","MF","27-232",0.2,3,7,42.9,30,12,3,4,75,0,1,0,0,1,0,0,0,0,0,0,0,0,0,0,"https://fbref.com/en/players/0836fac5/Vildan-Kardesler","Frauen Bundesliga","https://fbref.com/en/comps/183/Frauen-Bundesliga-Stats","passing"
"2025-2026","Hamburger SV","Frauen-Bundesliga","Almudena Sierra","FRA","FW","18-170",0,1,3,33.3,18,0,0,1,0,1,1,100,0,1,0,0,0,0,0,0,0,0,0,0,"https://fbref.com/en/players/dfaf8c97/Almudena-Sierra","Frauen Bundesliga","https://fbref.com/en/comps/183/Frauen-Bundesliga-Stats","passing"
"2025-2026","Hamburger SV","Frauen-Bundesliga","Sophie Profé","GER","DF","22-168",0,2,3,66.7,40,20,0,0,NA,2,2,100,0,1,0,0,0.1,0.1,-0.1,1,0,1,1,0,"https://fbref.com/en/players/3fbda4cf/Sophie-Profe","Frauen Bundesliga","https://fbref.com/en/comps/183/Frauen-Bundesliga-Stats","passing"
"2025-2026","Carl-Zeiss Jena","Frauen-Bundesliga","Hannah Etzold","GER","GK","20-184",6,119,198,60.1,2914,1972,28,30,93.3,56,66,84.8,34,101,33.7,0,0,0,0,0,1,0,0,0,"https://fbref.com/en/players/636e368e/Hannah-Etzold","Frauen Bundesliga","https://fbref.com/en/comps/183/Frauen-Bundesliga-Stats","passing"
"2025-2026","Carl-Zeiss Jena","Frauen-Bundesliga","Toma Ihlenburg","GER","DF","22-314",6,196,243,80.7,3694,1660,75,83,90.4,87,99,87.9,26,48,54.2,0,0,0,0,0,10,0,0,10,"https://fbref.com/en/players/284f0c28/Toma-Ihlenburg","Frauen Bundesliga","https://fbref.com/en/comps/183/Frauen-Bundesliga-Stats","passing"
"2025-2026","Carl-Zeiss Jena","Frauen-Bundesliga","Nelly Juckel","GER","DF,MF","23-244",5.8,85,155,54.8,1390,725,41,66,62.1,30,49,61.2,8,27,29.6,0,0,0,0,0,7,1,0,7,"https://fbref.com/en/players/0573d823/Nelly-Juckel","Frauen Bundesliga","https://fbref.com/en/comps/183/Frauen-Bundesliga-Stats","passing"
"2025-2026","Carl-Zeiss Jena","Frauen-Bundesliga","Josephine Bonsu","GHA","DF","26-055",5.7,102,171,59.6,1421,676,60,90,66.7,29,39,74.4,6,25,24,0,0.1,0,-0.1,4,2,0,0,4,"https://fbref.com/en/players/859f40d8/Josephine-Bonsu","Frauen Bundesliga","https://fbref.com/en/comps/183/Frauen-Bundesliga-Stats","passing"
"2025-2026","Carl-Zeiss Jena","Frauen-Bundesliga","Isabella Jaron","GER","FW","23-263",5.5,82,118,69.5,1387,416,39,44,88.6,26,35,74.3,11,28,39.3,1,0.4,0.3,0.6,4,6,1,0,9,"https://fbref.com/en/players/27204b59/Isabella-Jaron","Frauen Bundesliga","https://fbref.com/en/comps/183/Frauen-Bundesliga-Stats","passing"
"2025-2026","Carl-Zeiss Jena","Frauen-Bundesliga","Felicia Sophie Sträßer","GER","DF","17-302",5.5,117,192,60.9,2088,1044,52,64,81.3,53,81,65.4,9,38,23.7,1,0.2,0,0.8,1,5,1,0,7,"https://fbref.com/en/players/f32b2b51/Felicia-Sophie-Strasser","Frauen Bundesliga","https://fbref.com/en/comps/183/Frauen-Bundesliga-Stats","passing"
"2025-2026","Carl-Zeiss Jena","Frauen-Bundesliga","Noemi Gentile","GER","MF,FW","25-173",5.4,94,145,64.8,1436,501,51,67,76.1,28,41,68.3,9,26,34.6,0,0.1,0.1,-0.1,3,8,0,0,11,"https://fbref.com/en/players/bcfe3ce4/Noemi-Gentile","Frauen Bundesliga","https://fbref.com/en/comps/183/Frauen-Bundesliga-Stats","passing"
"2025-2026","Carl-Zeiss Jena","Frauen-Bundesliga","Rieke Tietz","GER","FW","23-219",5.1,48,79,60.8,791,163,21,33,63.6,15,26,57.7,7,9,77.8,0,0.4,0.3,-0.4,3,3,1,1,3,"https://fbref.com/en/players/f3e42d2e/Rieke-Tietz","Frauen Bundesliga","https://fbref.com/en/comps/183/Frauen-Bundesliga-Stats","passing"
"2025-2026","Carl-Zeiss Jena","Frauen-Bundesliga","Stefanie Schmid","GER","DF","20-020",5.3,154,221,69.7,2513,1454,84,101,83.2,60,80,75,9,31,29,0,0.2,0.2,-0.2,1,11,0,0,9,"https://fbref.com/en/players/48fb9ed5/Stefanie-Schmid","Frauen Bundesliga","https://fbref.com/en/comps/183/Frauen-Bundesliga-Stats","passing"
"2025-2026","Carl-Zeiss Jena","Frauen-Bundesliga","Lisa Gora","GER","MF,DF","21-226",3.7,66,108,61.1,1009,378,33,46,71.7,24,36,66.7,3,16,18.8,0,0.1,0,-0.1,3,5,0,0,7,"https://fbref.com/en/players/e4e4f1c0/Lisa-Gora","Frauen Bundesliga","https://fbref.com/en/comps/183/Frauen-Bundesliga-Stats","passing"
"2025-2026","Carl-Zeiss Jena","Frauen-Bundesliga","Emily Reske","GER","MF","20-204",3.8,44,70,62.9,629,188,28,36,77.8,11,16,68.8,3,10,30,0,0,0,0,1,2,0,0,3,"https://fbref.com/en/players/df742823/Emily-Reske","Frauen Bundesliga","https://fbref.com/en/comps/183/Frauen-Bundesliga-Stats","passing"
"2025-2026","Carl-Zeiss Jena","Frauen-Bundesliga","Merza Julević","GER","MF","35-180",2,34,48,70.8,737,222,11,15,73.3,15,18,83.3,8,14,57.1,0,0,0,0,0,2,0,0,3,"https://fbref.com/en/players/55229ecf/Merza-Julevic","Frauen Bundesliga","https://fbref.com/en/comps/183/Frauen-Bundesliga-Stats","passing"
"2025-2026","Carl-Zeiss Jena","Frauen-Bundesliga","Nike Herrmann","GER","MF","23-198",1.7,47,57,82.5,702,140,29,31,93.5,16,17,94.1,2,4,50,0,0,0,0,1,2,0,0,6,"https://fbref.com/en/players/6e067c8e/Nike-Herrmann","Frauen Bundesliga","https://fbref.com/en/comps/183/Frauen-Bundesliga-Stats","passing"
"2025-2026","Carl-Zeiss Jena","Frauen-Bundesliga","Elena Mühlemann","SUI","MF","22-063",1.3,32,47,68.1,461,116,17,24,70.8,9,11,81.8,2,3,66.7,0,0,0,0,1,2,0,0,1,"https://fbref.com/en/players/917afc8a/Elena-Muhlemann","Frauen Bundesliga","https://fbref.com/en/comps/183/Frauen-Bundesliga-Stats","passing"
"2025-2026","Carl-Zeiss Jena","Frauen-Bundesliga","Bente Fischer","GER","DF","22-321",0.5,12,19,63.2,143,125,10,11,90.9,2,4,50,0,2,0,1,0,0,1,0,0,0,0,0,"https://fbref.com/en/players/66834f26/Bente-Fischer","Frauen Bundesliga","https://fbref.com/en/comps/183/Frauen-Bundesliga-Stats","passing"
"2025-2026","Carl-Zeiss Jena","Frauen-Bundesliga","Anna Margraf","AUS","FW,MF","24-160",1.4,12,18,66.7,270,52,5,7,71.4,5,7,71.4,2,3,66.7,1,0.2,0.4,0.8,1,2,0,0,1,"https://fbref.com/en/players/53836ede/Anna-Margraf","Frauen Bundesliga","https://fbref.com/en/comps/183/Frauen-Bundesliga-Stats","passing"
"2025-2026","Carl-Zeiss Jena","Frauen-Bundesliga","Suya Haering","NZL","DF,FW","20-103",0.8,6,13,46.2,129,44,2,4,50,3,6,50,1,2,50,0,0,0,0,0,1,0,0,1,"https://fbref.com/en/players/ebfc08fe/Suya-Haering","Frauen Bundesliga","https://fbref.com/en/comps/183/Frauen-Bundesliga-Stats","passing"
"2025-2026","Carl-Zeiss Jena","Frauen-Bundesliga","Melina Reuter","GER","MF,FW","19-298",0.4,11,13,84.6,133,22,7,8,87.5,4,4,100,0,1,0,0,0,0,0,1,0,0,0,1,"https://fbref.com/en/players/9ddd2e09/Melina-Reuter","Frauen Bundesliga","https://fbref.com/en/comps/183/Frauen-Bundesliga-Stats","passing"
"2025-2026","Essen","Frauen-Bundesliga","Lena Ostermeier","GER","DF","29-013",6,255,347,73.5,4989,2470,89,107,83.2,130,168,77.4,33,59,55.9,0,0,0.6,0,1,22,3,2,20,"https://fbref.com/en/players/4e673b2e/Lena-Ostermeier","Frauen Bundesliga","https://fbref.com/en/comps/183/Frauen-Bundesliga-Stats","passing"
"2025-2026","Essen","Frauen-Bundesliga","Vanessa Furst","GER","DF,MF","23-353",6,241,294,82,4390,2061,100,116,86.2,113,137,82.5,24,32,75,0,0.1,0.2,-0.1,3,14,1,0,20,"https://fbref.com/en/players/8ad8b4b4/Vanessa-Furst","Frauen Bundesliga","https://fbref.com/en/comps/183/Frauen-Bundesliga-Stats","passing"
"2025-2026","Essen","Frauen-Bundesliga","Jana Feldkamp","GER","MF","27-213",5.8,204,272,75,3699,1209,82,103,79.6,95,116,81.9,21,43,48.8,0,0.1,0.3,-0.1,4,16,3,1,21,"https://fbref.com/en/players/11bb564b/Jana-Feldkamp","Frauen Bundesliga","https://fbref.com/en/comps/183/Frauen-Bundesliga-Stats","passing"
"2025-2026","Essen","Frauen-Bundesliga","Ramona Maier","GER","FW,MF","30-025",5.8,72,114,63.2,1224,230,32,41,78,32,47,68.1,5,13,38.5,0,0.1,0.1,-0.1,3,5,3,1,10,"https://fbref.com/en/players/7f2c8da2/Ramona-Maier","Frauen Bundesliga","https://fbref.com/en/comps/183/Frauen-Bundesliga-Stats","passing"
"2025-2026","Essen","Frauen-Bundesliga","Jacqueline Klasen","GER","DF","31-252",5.6,212,307,69.1,4266,2285,64,85,75.3,114,147,77.6,33,67,49.3,0,0.1,0.1,-0.1,2,18,1,1,24,"https://fbref.com/en/players/51532c67/Jacqueline-Klasen","Frauen Bundesliga","https://fbref.com/en/comps/183/Frauen-Bundesliga-Stats","passing"
"2025-2026","Essen","Frauen-Bundesliga","Paula Flach","GER","DF,MF","22-165",5.3,164,256,64.1,3130,1492,60,81,74.1,84,120,70,19,44,43.2,0,0.2,0.5,-0.2,2,21,1,1,17,"https://fbref.com/en/players/66605f59/Paula-Flach","Frauen Bundesliga","https://fbref.com/en/comps/183/Frauen-Bundesliga-Stats","passing"
"2025-2026","Essen","Frauen-Bundesliga","Laureta Elmazi","GER","FW,MF","22-110",5.2,82,107,76.6,1344,297,43,51,84.3,31,38,81.6,6,12,50,0,0.4,0.3,-0.4,7,7,2,2,11,"https://fbref.com/en/players/8b4050bb/Laureta-Elmazi","Frauen Bundesliga","https://fbref.com/en/comps/183/Frauen-Bundesliga-Stats","passing"
"2025-2026","Essen","Frauen-Bundesliga","Kim Sindermann","GER","GK","24-286",5,153,192,79.7,3489,2496,30,30,100,88,90,97.8,33,69,47.8,0,0,0,0,0,0,0,0,0,"https://fbref.com/en/players/a931eea3/Kim-Sindermann","Frauen Bundesliga","https://fbref.com/en/comps/183/Frauen-Bundesliga-Stats","passing"
"2025-2026","Essen","Frauen-Bundesliga","Shari Van Belle","BEL","MF,FW","25-296",3.7,62,90,68.9,940,252,29,36,80.6,26,32,81.3,4,10,40,0,0,0.1,0,1,5,1,0,11,"https://fbref.com/en/players/1bb31d9a/Shari-Van-Belle","Frauen Bundesliga","https://fbref.com/en/comps/183/Frauen-Bundesliga-Stats","passing"
"2025-2026","Essen","Frauen-Bundesliga","Maike Berentzen","GER","FW,MF","28-246",2.6,45,85,52.9,886,300,16,22,72.7,20,35,57.1,7,19,36.8,0,0.3,0.4,-0.3,4,6,5,4,9,"https://fbref.com/en/players/62828f6a/Maike-Berentzen","Frauen Bundesliga","https://fbref.com/en/comps/183/Frauen-Bundesliga-Stats","passing"
"2025-2026","Essen","Frauen-Bundesliga","Natasha Kowalski","GER","MF,DF","22-124",2.7,60,99,60.6,1051,310,26,38,68.4,28,41,68.3,5,16,31.3,0,1.1,0.9,-1.1,5,6,3,1,11,"https://fbref.com/en/players/2fffa5fc/Natasha-Kowalski","Frauen Bundesliga","https://fbref.com/en/comps/183/Frauen-Bundesliga-Stats","passing"
"2025-2026","Essen","Frauen-Bundesliga","Laura Pucks","GER","DF,FW","21-196",2.4,106,130,81.5,1933,862,39,50,78,55,61,90.2,10,12,83.3,0,0,0,0,0,3,0,0,3,"https://fbref.com/en/players/ca1437fa/Laura-Pucks","Frauen Bundesliga","https://fbref.com/en/comps/183/Frauen-Bundesliga-Stats","passing"
"2025-2026","Essen","Frauen-Bundesliga","Paulina Platner","GER","MF","19-332",2.2,59,100,59,1100,434,27,38,71.1,23,36,63.9,9,21,42.9,0,0.2,0.1,-0.2,2,10,1,0,8,"https://fbref.com/en/players/2a25cabb/Paulina-Platner","Frauen Bundesliga","https://fbref.com/en/comps/183/Frauen-Bundesliga-Stats","passing"
"2025-2026","Essen","Frauen-Bundesliga","Julia Debitzki","GER","MF,DF","34-111",1.7,47,81,58,800,426,22,31,71,17,26,65.4,7,19,36.8,1,0.2,0.2,0.8,3,8,3,0,10,"https://fbref.com/en/players/984d8a46/Julia-Debitzki","Frauen Bundesliga","https://fbref.com/en/comps/183/Frauen-Bundesliga-Stats","passing"
"2025-2026","Essen","Frauen-Bundesliga","Leonie Köpp","GER","MF,FW","18-184",2.8,43,76,56.6,687,264,23,40,57.5,12,21,57.1,6,9,66.7,1,0.2,0.1,0.8,3,7,2,0,7,"https://fbref.com/en/players/0f813d65/Leonie-Kopp","Frauen Bundesliga","https://fbref.com/en/comps/183/Frauen-Bundesliga-Stats","passing"
"2025-2026","Essen","Frauen-Bundesliga","Kassandra Potsi","GER","FW","",1.6,30,42,71.4,501,207,16,19,84.2,10,13,76.9,3,8,37.5,0,0.1,0,-0.1,2,2,2,0,6,"https://fbref.com/en/players/8a123937/Kassandra-Potsi","Frauen Bundesliga","https://fbref.com/en/comps/183/Frauen-Bundesliga-Stats","passing"
"2025-2026","Essen","Frauen-Bundesliga","Luisa Palmen","GER","GK","23-252",1,23,31,74.2,502,365,6,6,100,12,12,100,5,13,38.5,0,0,0,0,0,1,0,0,0,"https://fbref.com/en/players/2be5425a/Luisa-Palmen","Frauen Bundesliga","https://fbref.com/en/comps/183/Frauen-Bundesliga-Stats","passing"
"2025-2026","Essen","Frauen-Bundesliga","Beke Sterner","GER","MF","22-234",0.1,0,1,0,0,0,0,0,NA,0,0,NA,0,1,0,0,0,0,0,0,0,0,0,0,"https://fbref.com/en/players/b8894d39/Beke-Sterner","Frauen Bundesliga","https://fbref.com/en/comps/183/Frauen-Bundesliga-Stats","passing"
"2025-2026","Essen","Frauen-Bundesliga","Lany Bäcker","GER","MF,FW","17-222",0.4,11,17,64.7,152,103,9,11,81.8,1,5,20,1,1,100,0,0,0,0,0,0,0,0,0,"https://fbref.com/en/players/e9517443/Lany-Backer","Frauen Bundesliga","https://fbref.com/en/comps/183/Frauen-Bundesliga-Stats","passing"
