"Season","Squad","Comp","Player","Nation","Pos","Age","Mins_Per_90","Att","Live_Pass_Types","Dead_Pass_Types","FK_Pass_Types","TB_Pass_Types","Sw_Pass_Types","Crs_Pass_Types","TI_Pass_Types","CK_Pass_Types","In_Corner_Kicks","Out_Corner_Kicks","Str_Corner_Kicks","Cmp_Outcomes","Off_Outcomes","Blocks_Outcomes","PlayerURL","LeagueName","LeagueURL","StatType"
"2025-2026","Bayern Munich","Frauen-Bundesliga","Klara Bühl","GER","FW","24-323",6.3,357,309,45,11,1,0,78,2,32,23,7,0,256,3,14,"https://fbref.com/en/players/4d0c6dc5/Klara-Buhl","Frauen Bundesliga","https://fbref.com/en/comps/183/Frauen-Bundesliga-Stats","passing_types"
"2025-2026","Bayern Munich","Frauen-Bundesliga","Georgia Stanway","ENG","MF","26-296",6.2,473,444,23,22,0,4,5,1,0,0,0,0,413,6,6,"https://fbref.com/en/players/89c43b54/Georgia-Stanway","Frauen Bundesliga","https://fbref.com/en/comps/183/Frauen-Bundesliga-Stats","passing_types"
"2025-2026","Bayern Munich","Frauen-Bundesliga","Momoko Tanikawa","JPN","MF,FW","20-172",5.2,205,200,3,0,0,2,2,2,1,1,0,0,171,2,4,"https://fbref.com/en/players/2a013ecf/Momoko-Tanikawa","Frauen Bundesliga","https://fbref.com/en/comps/183/Frauen-Bundesliga-Stats","passing_types"
"2025-2026","Bayern Munich","Frauen-Bundesliga","Ena Mahmutovic","GER","GK","21-307",5,192,174,18,2,0,0,0,0,0,0,0,0,168,0,0,"https://fbref.com/en/players/a184766b/Ena-Mahmutovic","Frauen Bundesliga","https://fbref.com/en/comps/183/Frauen-Bundesliga-Stats","passing_types"
"2025-2026","Bayern Munich","Frauen-Bundesliga","Franziska Kett","GER","DF","21-002",4.6,261,216,45,5,0,2,9,39,1,0,1,0,225,0,4,"https://fbref.com/en/players/72d8e7b3/Franziska-Kett","Frauen Bundesliga","https://fbref.com/en/comps/183/Frauen-Bundesliga-Stats","passing_types"
"2025-2026","Bayern Munich","Frauen-Bundesliga","Pernille Harder","DEN","FW,MF","32-345",4.3,101,97,4,0,0,1,2,0,0,0,0,0,79,0,2,"https://fbref.com/en/players/363b99a4/Pernille-Harder","Frauen Bundesliga","https://fbref.com/en/comps/183/Frauen-Bundesliga-Stats","passing_types"
"2025-2026","Bayern Munich","Frauen-Bundesliga","Stine Ballisager Pedersen","DEN","DF","31-296",3.8,326,315,11,7,0,1,0,0,0,0,0,0,305,0,3,"https://fbref.com/en/players/41880331/Stine-Ballisager-Pedersen","Frauen Bundesliga","https://fbref.com/en/comps/183/Frauen-Bundesliga-Stats","passing_types"
"2025-2026","Bayern Munich","Frauen-Bundesliga","Linda Dallmann","GER","FW,MF","31-054",3.6,111,106,4,0,0,0,1,4,0,0,0,0,92,1,4,"https://fbref.com/en/players/5a20e7f0/Linda-Dallmann","Frauen Bundesliga","https://fbref.com/en/comps/183/Frauen-Bundesliga-Stats","passing_types"
"2025-2026","Bayern Munich","Frauen-Bundesliga","Carolin Simon","GER","DF","32-336",3.4,327,264,59,8,0,1,24,42,9,6,3,0,268,4,3,"https://fbref.com/en/players/aaf0780f/Carolin-Simon","Frauen Bundesliga","https://fbref.com/en/comps/183/Frauen-Bundesliga-Stats","passing_types"
"2025-2026","Bayern Munich","Frauen-Bundesliga","Vanessa Gilles","CAN","DF","29-229",3.5,370,357,13,10,0,0,1,2,0,0,0,0,333,0,1,"https://fbref.com/en/players/a179cd70/Vanessa-Gilles","Frauen Bundesliga","https://fbref.com/en/comps/183/Frauen-Bundesliga-Stats","passing_types"
"2025-2026","Bayern Munich","Frauen-Bundesliga","Lea Schüller","GER","FW","27-348",3.1,58,53,4,1,0,0,0,1,0,0,0,0,47,1,1,"https://fbref.com/en/players/4528b262/Lea-Schuller","Frauen Bundesliga","https://fbref.com/en/comps/183/Frauen-Bundesliga-Stats","passing_types"
"2025-2026","Bayern Munich","Frauen-Bundesliga","Magdalena Eriksson","SWE","DF","32-048",3,244,227,16,8,0,0,0,0,0,0,0,0,226,1,1,"https://fbref.com/en/players/bb454bb1/Magdalena-Eriksson","Frauen Bundesliga","https://fbref.com/en/comps/183/Frauen-Bundesliga-Stats","passing_types"
"2025-2026","Bayern Munich","Frauen-Bundesliga","Glódís Perla Viggósdóttir","ISL","DF","30-121",2.9,216,207,9,7,0,0,0,2,0,0,0,0,197,0,0,"https://fbref.com/en/players/ab0e7355/Glodis-Perla-Viggosdottir","Frauen Bundesliga","https://fbref.com/en/comps/183/Frauen-Bundesliga-Stats","passing_types"
"2025-2026","Bayern Munich","Frauen-Bundesliga","Arianna Caruso","ITA","MF,FW","25-354",2.8,126,121,5,2,0,0,4,3,0,0,0,0,99,0,2,"https://fbref.com/en/players/d83b882b/Arianna-Caruso","Frauen Bundesliga","https://fbref.com/en/comps/183/Frauen-Bundesliga-Stats","passing_types"
"2025-2026","Bayern Munich","Frauen-Bundesliga","Jovana Damnjanović","SRB","FW","30-336",2.8,110,101,7,1,0,2,4,4,0,0,0,0,78,2,6,"https://fbref.com/en/players/74a216cf/Jovana-Damnjanovic","Frauen Bundesliga","https://fbref.com/en/comps/183/Frauen-Bundesliga-Stats","passing_types"
"2025-2026","Bayern Munich","Frauen-Bundesliga","Lena Oberdorf","GER","MF","23-311",2.6,152,151,1,0,0,0,3,1,0,0,0,0,132,0,1,"https://fbref.com/en/players/74a0529b/Lena-Oberdorf","Frauen Bundesliga","https://fbref.com/en/comps/183/Frauen-Bundesliga-Stats","passing_types"
"2025-2026","Bayern Munich","Frauen-Bundesliga","Sarah Zadrazil","AUT","MF","32-249",2.4,161,157,4,3,0,0,1,1,0,0,0,0,144,0,3,"https://fbref.com/en/players/45ffafbf/Sarah-Zadrazil","Frauen Bundesliga","https://fbref.com/en/comps/183/Frauen-Bundesliga-Stats","passing_types"
"2025-2026","Bayern Munich","Frauen-Bundesliga","Alara Sehitler","GER","FW,MF","18-333",2.5,78,76,1,0,0,1,3,1,0,0,0,0,56,1,2,"https://fbref.com/en/players/70c9b883/Alara-Sehitler","Frauen Bundesliga","https://fbref.com/en/comps/183/Frauen-Bundesliga-Stats","passing_types"
"2025-2026","Bayern Munich","Frauen-Bundesliga","Giulia Gwinn","GER","DF","26-116",2.3,155,124,30,1,0,0,9,27,2,2,0,0,122,1,2,"https://fbref.com/en/players/36cccedb/Giulia-Gwinn","Frauen Bundesliga","https://fbref.com/en/comps/183/Frauen-Bundesliga-Stats","passing_types"
"2025-2026","Bayern Munich","Frauen-Bundesliga","Tuva Hansen","NOR","DF","28-083",2.3,143,128,14,0,0,0,3,14,0,0,0,0,117,1,2,"https://fbref.com/en/players/3ec11922/Tuva-Hansen","Frauen Bundesliga","https://fbref.com/en/comps/183/Frauen-Bundesliga-Stats","passing_types"
"2025-2026","Bayern Munich","Frauen-Bundesliga","Katharina Naschenweng","AUT","DF","27-314",2.2,163,129,33,4,0,0,13,25,4,1,3,0,129,1,2,"https://fbref.com/en/players/ea029c1b/Katharina-Naschenweng","Frauen Bundesliga","https://fbref.com/en/comps/183/Frauen-Bundesliga-Stats","passing_types"
"2025-2026","Bayern Munich","Frauen-Bundesliga","Maria-Luisa Grohs","GER","GK","24-135",2,66,55,11,3,0,0,0,0,0,0,0,0,57,0,0,"https://fbref.com/en/players/3668e21b/Maria-Luisa-Grohs","Frauen Bundesliga","https://fbref.com/en/comps/183/Frauen-Bundesliga-Stats","passing_types"
"2025-2026","Bayern Munich","Frauen-Bundesliga","Natalia Padilla-Bidas","POL","FW","22-354",0.2,3,3,0,0,0,0,0,0,0,0,0,0,2,0,0,"https://fbref.com/en/players/218cf7c1/Natalia-Padilla-Bidas","Frauen Bundesliga","https://fbref.com/en/comps/183/Frauen-Bundesliga-Stats","passing_types"
"2025-2026","Wolfsburg","Frauen-Bundesliga","Stina Johannes","GER","GK","25-276",7,219,174,45,6,0,0,0,0,0,0,0,0,183,0,1,"https://fbref.com/en/players/d8f1def3/Stina-Johannes","Frauen Bundesliga","https://fbref.com/en/comps/183/Frauen-Bundesliga-Stats","passing_types"
"2025-2026","Wolfsburg","Frauen-Bundesliga","Janina Minge","GER","MF","26-137",7,453,448,5,4,1,2,9,1,0,0,0,0,372,0,10,"https://fbref.com/en/players/7c63ff02/Janina-Minge","Frauen Bundesliga","https://fbref.com/en/comps/183/Frauen-Bundesliga-Stats","passing_types"
"2025-2026","Wolfsburg","Frauen-Bundesliga","Janou Levels","NED","DF","24-361",6.3,454,325,128,22,1,1,52,85,21,18,2,0,336,1,9,"https://fbref.com/en/players/063d4d11/Janou-Levels","Frauen Bundesliga","https://fbref.com/en/comps/183/Frauen-Bundesliga-Stats","passing_types"
"2025-2026","Wolfsburg","Frauen-Bundesliga","Alexandra Popp","GER","MF,FW","34-203",6.3,212,201,10,2,1,2,7,3,0,0,0,0,142,1,3,"https://fbref.com/en/players/655e7bd0/Alexandra-Popp","Frauen Bundesliga","https://fbref.com/en/comps/183/Frauen-Bundesliga-Stats","passing_types"
"2025-2026","Wolfsburg","Frauen-Bundesliga","Camilla Küver","GER","DF","22-138",6,523,508,14,10,0,0,4,3,1,1,0,0,465,1,2,"https://fbref.com/en/players/63b899d4/Camilla-Kuver","Frauen Bundesliga","https://fbref.com/en/comps/183/Frauen-Bundesliga-Stats","passing_types"
"2025-2026","Wolfsburg","Frauen-Bundesliga","Svenja Huth","GER","FW,MF","34-274",6,299,265,33,5,0,0,59,3,22,14,6,0,211,1,9,"https://fbref.com/en/players/8b5f141c/Svenja-Huth","Frauen Bundesliga","https://fbref.com/en/comps/183/Frauen-Bundesliga-Stats","passing_types"
"2025-2026","Wolfsburg","Frauen-Bundesliga","Caitlin Dijkstra","NED","DF","26-269",5.6,485,461,22,12,0,0,1,6,0,0,0,0,435,2,4,"https://fbref.com/en/players/29429b4b/Caitlin-Dijkstra","Frauen Bundesliga","https://fbref.com/en/comps/183/Frauen-Bundesliga-Stats","passing_types"
"2025-2026","Wolfsburg","Frauen-Bundesliga","Joelle Wedemeyer","GER","DF","29-075",4.8,371,304,65,3,0,0,9,62,0,0,0,0,307,2,7,"https://fbref.com/en/players/2e03aaa7/Joelle-Wedemeyer","Frauen Bundesliga","https://fbref.com/en/comps/183/Frauen-Bundesliga-Stats","passing_types"
"2025-2026","Wolfsburg","Frauen-Bundesliga","Justine Kielland","NOR","MF,FW","22-338",4.5,276,270,5,5,3,1,8,0,0,0,0,0,238,1,3,"https://fbref.com/en/players/b7fb0749/Justine-Kielland","Frauen Bundesliga","https://fbref.com/en/comps/183/Frauen-Bundesliga-Stats","passing_types"
"2025-2026","Wolfsburg","Frauen-Bundesliga","Cora Zicai","GER","FW","20-331",4.5,177,170,6,0,0,1,28,6,0,0,0,0,119,1,12,"https://fbref.com/en/players/7b88d1f0/Cora-Zicai","Frauen Bundesliga","https://fbref.com/en/comps/183/Frauen-Bundesliga-Stats","passing_types"
"2025-2026","Wolfsburg","Frauen-Bundesliga","Ella Inez Peddemors","NED","MF,DF","23-081",4.4,131,125,4,1,1,0,2,0,0,0,0,0,105,2,2,"https://fbref.com/en/players/fc47f599/Ella-Inez-Peddemors","Frauen Bundesliga","https://fbref.com/en/comps/183/Frauen-Bundesliga-Stats","passing_types"
"2025-2026","Wolfsburg","Frauen-Bundesliga","Lineth Beerensteyn","NED","FW","29-015",3.9,43,39,4,0,0,0,1,0,0,0,0,0,25,0,3,"https://fbref.com/en/players/40ecae9f/Lineth-Beerensteyn","Frauen Bundesliga","https://fbref.com/en/comps/183/Frauen-Bundesliga-Stats","passing_types"
"2025-2026","Wolfsburg","Frauen-Bundesliga","Vivien Endemann","GER","FW","24-080",2.8,93,93,0,0,0,0,8,0,0,0,0,0,64,0,5,"https://fbref.com/en/players/e602c142/Vivien-Endemann","Frauen Bundesliga","https://fbref.com/en/comps/183/Frauen-Bundesliga-Stats","passing_types"
"2025-2026","Wolfsburg","Frauen-Bundesliga","Kessya Bussy","FRA","FW","24-129",2.8,86,84,2,0,0,0,5,1,0,0,0,0,67,0,1,"https://fbref.com/en/players/fa205073/Kessya-Bussy","Frauen Bundesliga","https://fbref.com/en/comps/183/Frauen-Bundesliga-Stats","passing_types"
"2025-2026","Wolfsburg","Frauen-Bundesliga","Sarai Linder","GER","DF","26-000",2.1,130,105,24,2,0,0,3,22,0,0,0,0,103,1,2,"https://fbref.com/en/players/bedec045/Sarai-Linder","Frauen Bundesliga","https://fbref.com/en/comps/183/Frauen-Bundesliga-Stats","passing_types"
"2025-2026","Wolfsburg","Frauen-Bundesliga","Thea Bjelde","NOR","DF,FW","25-143",1,95,78,17,1,0,0,3,15,0,0,0,0,76,0,3,"https://fbref.com/en/players/b1062904/Thea-Bjelde","Frauen Bundesliga","https://fbref.com/en/comps/183/Frauen-Bundesliga-Stats","passing_types"
"2025-2026","Wolfsburg","Frauen-Bundesliga","Smilla Vallotto","SUI","FW","21-217",0.8,27,26,1,0,0,0,2,0,1,0,1,0,20,0,0,"https://fbref.com/en/players/01105874/Smilla-Vallotto","Frauen Bundesliga","https://fbref.com/en/comps/183/Frauen-Bundesliga-Stats","passing_types"
"2025-2026","Wolfsburg","Frauen-Bundesliga","Judit Pujols","ESP","DF,FW","20-243",0.7,40,28,12,3,0,0,5,7,1,0,1,0,33,0,2,"https://fbref.com/en/players/0b0cd4d6/Judit-Pujols","Frauen Bundesliga","https://fbref.com/en/comps/183/Frauen-Bundesliga-Stats","passing_types"
"2025-2026","Wolfsburg","Frauen-Bundesliga","Guro Bergsvand","NOR","DF","31-237",0.4,47,46,1,0,0,0,0,1,0,0,0,0,45,0,0,"https://fbref.com/en/players/561230d9/Guro-Bergsvand","Frauen Bundesliga","https://fbref.com/en/comps/183/Frauen-Bundesliga-Stats","passing_types"
"2025-2026","Wolfsburg","Frauen-Bundesliga","Anny Kerim-Lindland","NOR","MF","18-219",0,0,0,0,0,0,0,0,0,0,0,0,0,0,0,0,"https://fbref.com/en/players/5ab9070d/Anny-Kerim-Lindland","Frauen Bundesliga","https://fbref.com/en/comps/183/Frauen-Bundesliga-Stats","passing_types"
"2025-2026","Hoffenheim","Frauen-Bundesliga","Selina Cerci","GER","FW","25-148",7,165,152,11,0,0,0,11,3,0,0,0,0,116,2,5,"https://fbref.com/en/players/1fa80966/Selina-Cerci","Frauen Bundesliga","https://fbref.com/en/comps/183/Frauen-Bundesliga-Stats","passing_types"
"2025-2026","Hoffenheim","Frauen-Bundesliga","Laura Dick","GER","GK","22-135",7,310,273,36,16,0,0,0,0,1,0,0,0,244,1,1,"https://fbref.com/en/players/2d43333a/Laura-Dick","Frauen Bundesliga","https://fbref.com/en/comps/183/Frauen-Bundesliga-Stats","passing_types"
"2025-2026","Hoffenheim","Frauen-Bundesliga","Vanessa Diehm","GER","DF","21-218",7,569,551,17,14,0,0,2,3,0,0,0,0,518,1,1,"https://fbref.com/en/players/ff6f5249/Vanessa-Diehm","Frauen Bundesliga","https://fbref.com/en/comps/183/Frauen-Bundesliga-Stats","passing_types"
"2025-2026","Hoffenheim","Frauen-Bundesliga","Jill Janssens","BEL","DF","22-023",6.7,379,301,76,3,0,0,22,73,0,0,0,0,293,2,5,"https://fbref.com/en/players/9d714c9d/Jill-Janssens","Frauen Bundesliga","https://fbref.com/en/comps/183/Frauen-Bundesliga-Stats","passing_types"
"2025-2026","Hoffenheim","Frauen-Bundesliga","Valesca Ampoorter","BEL","MF","21-204",6.7,346,320,24,15,0,3,17,0,9,1,7,0,279,2,8,"https://fbref.com/en/players/53865776/Valesca-Ampoorter","Frauen Bundesliga","https://fbref.com/en/comps/183/Frauen-Bundesliga-Stats","passing_types"
"2025-2026","Hoffenheim","Frauen-Bundesliga","Lisa Doorn","NED","DF","24-322",5.8,491,459,32,14,0,3,1,2,0,0,0,0,437,0,2,"https://fbref.com/en/players/924d1836/Lisa-Doorn","Frauen Bundesliga","https://fbref.com/en/comps/183/Frauen-Bundesliga-Stats","passing_types"
"2025-2026","Hoffenheim","Frauen-Bundesliga","Laura Gloning","GER","MF","20-143",5.7,210,191,18,9,0,0,7,7,2,0,2,0,171,1,3,"https://fbref.com/en/players/125f0b16/Laura-Gloning","Frauen Bundesliga","https://fbref.com/en/comps/183/Frauen-Bundesliga-Stats","passing_types"
"2025-2026","Hoffenheim","Frauen-Bundesliga","Melissa Kössler","GER","FW","25-236",5.1,136,127,8,0,0,2,7,2,1,0,0,0,92,1,3,"https://fbref.com/en/players/b1a198c6/Melissa-Kossler","Frauen Bundesliga","https://fbref.com/en/comps/183/Frauen-Bundesliga-Stats","passing_types"
"2025-2026","Hoffenheim","Frauen-Bundesliga","Féli Delacauw","BEL","MF,FW","23-205",4.8,99,92,6,1,0,0,2,4,0,0,0,0,69,1,1,"https://fbref.com/en/players/4e3f72d2/Feli-Delacauw","Frauen Bundesliga","https://fbref.com/en/comps/183/Frauen-Bundesliga-Stats","passing_types"
"2025-2026","Hoffenheim","Frauen-Bundesliga","Jamilla Rankin","AUS","DF","22-170",4.6,247,211,34,6,0,0,5,24,1,0,0,0,194,2,4,"https://fbref.com/en/players/ede60ee1/Jamilla-Rankin","Frauen Bundesliga","https://fbref.com/en/comps/183/Frauen-Bundesliga-Stats","passing_types"
"2025-2026","Hoffenheim","Frauen-Bundesliga","Dominika Grabowska","POL","MF","26-304",3.7,143,119,24,7,3,0,25,4,13,7,4,1,91,0,7,"https://fbref.com/en/players/82a65245/Dominika-Grabowska","Frauen Bundesliga","https://fbref.com/en/comps/183/Frauen-Bundesliga-Stats","passing_types"
"2025-2026","Hoffenheim","Frauen-Bundesliga","Lisann Kaut","GER","DF","25-063",3.2,210,156,53,4,0,0,19,45,1,1,0,0,144,1,3,"https://fbref.com/en/players/e118e53b/Lisann-Kaut","Frauen Bundesliga","https://fbref.com/en/comps/183/Frauen-Bundesliga-Stats","passing_types"
"2025-2026","Hoffenheim","Frauen-Bundesliga","Marie Steiner","GER","MF","20-052",2.6,78,67,11,2,0,0,6,4,5,3,1,0,56,0,2,"https://fbref.com/en/players/b9269a75/Marie-Steiner","Frauen Bundesliga","https://fbref.com/en/comps/183/Frauen-Bundesliga-Stats","passing_types"
"2025-2026","Hoffenheim","Frauen-Bundesliga","Chiara Hahn","GER","MF","23-297",2,102,99,3,0,0,0,6,1,2,1,1,0,79,0,1,"https://fbref.com/en/players/88de4477/Chiara-Hahn","Frauen Bundesliga","https://fbref.com/en/comps/183/Frauen-Bundesliga-Stats","passing_types"
"2025-2026","Hoffenheim","Frauen-Bundesliga","Linda Natter","AUT","FW,MF","20-167",1.7,32,31,1,0,0,0,2,0,1,0,1,0,24,0,2,"https://fbref.com/en/players/d7c24d43/Linda-Natter","Frauen Bundesliga","https://fbref.com/en/comps/183/Frauen-Bundesliga-Stats","passing_types"
"2025-2026","Hoffenheim","Frauen-Bundesliga","Franziska Harsch","GER","MF","28-112",1.6,100,97,3,3,0,0,0,0,0,0,0,0,86,0,1,"https://fbref.com/en/players/d69ff348/Franziska-Harsch","Frauen Bundesliga","https://fbref.com/en/comps/183/Frauen-Bundesliga-Stats","passing_types"
"2025-2026","Hoffenheim","Frauen-Bundesliga","Janna Grimm","GER","MF","20-189",1.1,64,64,0,0,0,0,0,0,0,0,0,0,59,0,1,"https://fbref.com/en/players/ddc9ea46/Janna-Grimm","Frauen Bundesliga","https://fbref.com/en/comps/183/Frauen-Bundesliga-Stats","passing_types"
"2025-2026","Hoffenheim","Frauen-Bundesliga","Napsugár Sinka","HUN","MF,FW","19-043",0.4,25,22,3,1,0,0,2,1,1,0,1,0,16,0,0,"https://fbref.com/en/players/600a976b/Napsugar-Sinka","Frauen Bundesliga","https://fbref.com/en/comps/183/Frauen-Bundesliga-Stats","passing_types"
"2025-2026","Hoffenheim","Frauen-Bundesliga","Wiëlle Douma","NED","MF","25-286",0.3,9,7,2,2,0,0,1,0,0,0,0,0,7,0,0,"https://fbref.com/en/players/97e2b145/Wielle-Douma","Frauen Bundesliga","https://fbref.com/en/comps/183/Frauen-Bundesliga-Stats","passing_types"
"2025-2026","Freiburg","Frauen-Bundesliga","Laura Benkarth","GER","GK","33-012",7,334,292,42,18,0,0,0,0,0,0,0,0,244,0,0,"https://fbref.com/en/players/82c4f339/Laura-Benkarth","Frauen Bundesliga","https://fbref.com/en/comps/183/Frauen-Bundesliga-Stats","passing_types"
"2025-2026","Freiburg","Frauen-Bundesliga","Lisa Karl","GER","DF","28-284",7,372,298,74,6,0,0,10,66,0,0,0,0,282,0,9,"https://fbref.com/en/players/3ed2f636/Lisa-Karl","Frauen Bundesliga","https://fbref.com/en/comps/183/Frauen-Bundesliga-Stats","passing_types"
"2025-2026","Freiburg","Frauen-Bundesliga","Julia Stierli","SUI","DF","28-206",7,441,392,48,15,0,1,1,2,0,0,0,0,368,1,5,"https://fbref.com/en/players/3acf52f4/Julia-Stierli","Frauen Bundesliga","https://fbref.com/en/comps/183/Frauen-Bundesliga-Stats","passing_types"
"2025-2026","Freiburg","Frauen-Bundesliga","Meret Felde","GER","MF","26-108",6.5,266,256,9,9,0,0,3,0,0,0,0,0,191,1,10,"https://fbref.com/en/players/18c75eec/Meret-Felde","Frauen Bundesliga","https://fbref.com/en/comps/183/Frauen-Bundesliga-Stats","passing_types"
"2025-2026","Freiburg","Frauen-Bundesliga","Luca-Emily Birkholz","GER","FW","21-340",6,116,111,5,0,1,0,5,0,0,0,0,0,85,0,4,"https://fbref.com/en/players/8492e70b/Luca-Emily-Birkholz","Frauen Bundesliga","https://fbref.com/en/comps/183/Frauen-Bundesliga-Stats","passing_types"
"2025-2026","Freiburg","Frauen-Bundesliga","Nia Szenk","GER","DF","21-174",6.2,351,260,89,8,0,0,30,81,0,0,0,0,239,2,16,"https://fbref.com/en/players/72f9d4a7/Nia-Szenk","Frauen Bundesliga","https://fbref.com/en/comps/183/Frauen-Bundesliga-Stats","passing_types"
"2025-2026","Freiburg","Frauen-Bundesliga","Greta Stegemann","GER","DF","24-256",6,380,349,31,16,0,1,0,14,0,0,0,0,309,0,8,"https://fbref.com/en/players/45c1817c/Greta-Stegemann","Frauen Bundesliga","https://fbref.com/en/comps/183/Frauen-Bundesliga-Stats","passing_types"
"2025-2026","Freiburg","Frauen-Bundesliga","Sophie Nachtigall","GER","MF","21-256",4.8,214,202,11,2,2,0,2,6,1,1,0,0,151,1,8,"https://fbref.com/en/players/f24b9bf7/Sophie-Nachtigall","Frauen Bundesliga","https://fbref.com/en/comps/183/Frauen-Bundesliga-Stats","passing_types"
"2025-2026","Freiburg","Frauen-Bundesliga","Lisa Kolb","AUT","MF,FW","24-175",3.7,98,87,10,1,0,0,28,2,7,6,0,1,56,1,5,"https://fbref.com/en/players/1adffcd6/Lisa-Kolb","Frauen Bundesliga","https://fbref.com/en/comps/183/Frauen-Bundesliga-Stats","passing_types"
"2025-2026","Freiburg","Frauen-Bundesliga","Selina Vobian","GER","MF,FW","23-029",4.9,151,110,40,10,2,0,46,1,29,8,12,8,80,1,9,"https://fbref.com/en/players/71f80447/Selina-Vobian","Frauen Bundesliga","https://fbref.com/en/comps/183/Frauen-Bundesliga-Stats","passing_types"
"2025-2026","Freiburg","Frauen-Bundesliga","Maj Schneider","GER","MF","18-058",3.9,113,105,8,0,0,0,2,2,0,0,0,0,88,0,4,"https://fbref.com/en/players/08794339/Maj-Schneider","Frauen Bundesliga","https://fbref.com/en/comps/183/Frauen-Bundesliga-Stats","passing_types"
"2025-2026","Freiburg","Frauen-Bundesliga","Tessa Blumenberg","GER","FW","20-280",3.1,66,63,3,0,0,0,3,1,0,0,0,0,42,0,3,"https://fbref.com/en/players/e7ce33e7/Tessa-Blumenberg","Frauen Bundesliga","https://fbref.com/en/comps/183/Frauen-Bundesliga-Stats","passing_types"
"2025-2026","Freiburg","Frauen-Bundesliga","Nicole Ojukwu","AUT","MF","19-332",2.3,122,117,5,0,0,1,3,4,1,0,1,0,90,0,1,"https://fbref.com/en/players/9e65aa0c/Nicole-Ojukwu","Frauen Bundesliga","https://fbref.com/en/comps/183/Frauen-Bundesliga-Stats","passing_types"
"2025-2026","Freiburg","Frauen-Bundesliga","Ingibjörg Sigurðardóttir","ISL","DF","28-019",1.9,63,58,5,5,0,2,0,0,0,0,0,0,46,0,0,"https://fbref.com/en/players/14682560/Ingibjorg-Sigurdardottir","Frauen Bundesliga","https://fbref.com/en/comps/183/Frauen-Bundesliga-Stats","passing_types"
"2025-2026","Freiburg","Frauen-Bundesliga","Leela Egli","SUI","FW,MF","18-319",2.1,50,48,1,0,0,0,3,1,0,0,0,0,30,1,5,"https://fbref.com/en/players/d798a561/Leela-Egli","Frauen Bundesliga","https://fbref.com/en/comps/183/Frauen-Bundesliga-Stats","passing_types"
"2025-2026","Freiburg","Frauen-Bundesliga","Alena Bienz","SUI","MF,FW","22-235",1.9,62,59,3,0,0,0,7,1,2,0,0,1,39,0,6,"https://fbref.com/en/players/14f0f5e7/Alena-Bienz","Frauen Bundesliga","https://fbref.com/en/comps/183/Frauen-Bundesliga-Stats","passing_types"
"2025-2026","Freiburg","Frauen-Bundesliga","Svenja Fölmli","SUI","FW","23-068",1,18,15,2,0,0,0,1,1,0,0,0,0,12,1,1,"https://fbref.com/en/players/cbb37685/Svenja-Folmli","Frauen Bundesliga","https://fbref.com/en/comps/183/Frauen-Bundesliga-Stats","passing_types"
"2025-2026","Freiburg","Frauen-Bundesliga","Aurélie Csillag","SUI","FW,MF","22-275",1.6,43,40,3,0,0,0,6,0,0,0,0,0,23,0,6,"https://fbref.com/en/players/9d59b4de/Aurelie-Csillag","Frauen Bundesliga","https://fbref.com/en/comps/183/Frauen-Bundesliga-Stats","passing_types"
"2025-2026","Freiburg","Frauen-Bundesliga","Nora Scherer","GER","MF","19-345",0,2,2,0,0,0,0,1,0,0,0,0,0,1,0,0,"https://fbref.com/en/players/2a64d7ec/Nora-Scherer","Frauen Bundesliga","https://fbref.com/en/comps/183/Frauen-Bundesliga-Stats","passing_types"
"2025-2026","Bayer Leverkusen","Frauen-Bundesliga","Claudia Wenger","AUT","DF","24-173",7,311,305,6,5,0,0,0,0,0,0,0,0,252,0,3,"https://fbref.com/en/players/2f4f249c/Claudia-Wenger","Frauen Bundesliga","https://fbref.com/en/comps/183/Frauen-Bundesliga-Stats","passing_types"
"2025-2026","Bayer Leverkusen","Frauen-Bundesliga","Carlotta Wamser","GER","DF","21-359",6.5,337,263,72,7,0,0,24,65,0,0,0,0,242,2,3,"https://fbref.com/en/players/e2b70fe7/Carlotta-Wamser","Frauen Bundesliga","https://fbref.com/en/comps/183/Frauen-Bundesliga-Stats","passing_types"
"2025-2026","Bayer Leverkusen","Frauen-Bundesliga","Vanessa Fudalla","GER","FW","24-005",6.3,122,100,21,1,0,0,17,1,11,11,0,0,89,1,8,"https://fbref.com/en/players/c9a0bd2c/Vanessa-Fudalla","Frauen Bundesliga","https://fbref.com/en/comps/183/Frauen-Bundesliga-Stats","passing_types"
"2025-2026","Bayer Leverkusen","Frauen-Bundesliga","Kristin Kögel","GER","MF","26-035",6,181,167,9,3,0,0,12,1,5,3,0,0,105,5,7,"https://fbref.com/en/players/24460a6a/Kristin-Kogel","Frauen Bundesliga","https://fbref.com/en/comps/183/Frauen-Bundesliga-Stats","passing_types"
"2025-2026","Bayer Leverkusen","Frauen-Bundesliga","Ruby Grant","ENG","MF","23-194",5.2,140,126,13,7,0,0,19,2,4,4,0,0,79,1,6,"https://fbref.com/en/players/fc1149cc/Ruby-Grant","Frauen Bundesliga","https://fbref.com/en/comps/183/Frauen-Bundesliga-Stats","passing_types"
"2025-2026","Bayer Leverkusen","Frauen-Bundesliga","Katharina Piljić","GER","MF","22-051",6.1,216,214,1,1,0,2,3,0,0,0,0,0,167,1,3,"https://fbref.com/en/players/48cde73f/Katharina-Piljic","Frauen Bundesliga","https://fbref.com/en/comps/183/Frauen-Bundesliga-Stats","passing_types"
"2025-2026","Bayer Leverkusen","Frauen-Bundesliga","Friederike Abt","GER","GK","31-111",6,255,199,55,14,0,0,0,0,0,0,0,0,185,1,0,"https://fbref.com/en/players/7c51bea4/Friederike-Abt","Frauen Bundesliga","https://fbref.com/en/comps/183/Frauen-Bundesliga-Stats","passing_types"
"2025-2026","Bayer Leverkusen","Frauen-Bundesliga","Lilla Turányi","HUN","DF","26-310",5.6,320,303,16,9,0,2,2,0,0,0,0,0,252,1,4,"https://fbref.com/en/players/747aebe4/Lilla-Turanyi","Frauen Bundesliga","https://fbref.com/en/comps/183/Frauen-Bundesliga-Stats","passing_types"
"2025-2026","Bayer Leverkusen","Frauen-Bundesliga","Sofie Zdebel","GER","MF","21-079",5.5,266,256,10,7,0,0,9,0,3,3,0,0,203,0,7,"https://fbref.com/en/players/d081f844/Sofie-Zdebel","Frauen Bundesliga","https://fbref.com/en/comps/183/Frauen-Bundesliga-Stats","passing_types"
"2025-2026","Bayer Leverkusen","Frauen-Bundesliga","Estrella Gonzalez","GER","DF","18-341",5.3,240,144,95,5,0,0,23,86,2,2,0,0,137,1,6,"https://fbref.com/en/players/b8209678/Estrella-Gonzalez","Frauen Bundesliga","https://fbref.com/en/comps/183/Frauen-Bundesliga-Stats","passing_types"
"2025-2026","Bayer Leverkusen","Frauen-Bundesliga","Valentina Mädl","AUT","FW","19-312",4,76,71,2,0,0,0,7,1,0,0,0,0,41,3,3,"https://fbref.com/en/players/0f443d23/Valentina-Madl","Frauen Bundesliga","https://fbref.com/en/comps/183/Frauen-Bundesliga-Stats","passing_types"
"2025-2026","Bayer Leverkusen","Frauen-Bundesliga","Julia Mickenhagen","GER","DF,FW","20-199",2.8,101,71,29,1,0,0,5,28,0,0,0,0,43,1,6,"https://fbref.com/en/players/b6c9fad5/Julia-Mickenhagen","Frauen Bundesliga","https://fbref.com/en/comps/183/Frauen-Bundesliga-Stats","passing_types"
"2025-2026","Bayer Leverkusen","Frauen-Bundesliga","Caroline Kehrer","CAN","FW","28-200",2.1,43,40,3,0,0,0,8,0,0,0,0,0,22,0,1,"https://fbref.com/en/players/b882fd85/Caroline-Kehrer","Frauen Bundesliga","https://fbref.com/en/comps/183/Frauen-Bundesliga-Stats","passing_types"
"2025-2026","Bayer Leverkusen","Frauen-Bundesliga","Selina Ostermeier","GER","DF","26-284",1,36,35,1,1,0,0,0,0,0,0,0,0,24,0,2,"https://fbref.com/en/players/9f140482/Selina-Ostermeier","Frauen Bundesliga","https://fbref.com/en/comps/183/Frauen-Bundesliga-Stats","passing_types"
"2025-2026","Bayer Leverkusen","Frauen-Bundesliga","Juliette Vidal","FRA","MF","26-219",1,13,13,0,0,0,0,0,0,0,0,0,0,4,0,0,"https://fbref.com/en/players/3676f205/Juliette-Vidal","Frauen Bundesliga","https://fbref.com/en/comps/183/Frauen-Bundesliga-Stats","passing_types"
"2025-2026","Bayer Leverkusen","Frauen-Bundesliga","Cornelia Kramer","DEN","FW","22-314",0.7,25,23,2,0,0,1,2,1,0,0,0,0,16,0,0,"https://fbref.com/en/players/09a7077f/Cornelia-Kramer","Frauen Bundesliga","https://fbref.com/en/comps/183/Frauen-Bundesliga-Stats","passing_types"
"2025-2026","Bayer Leverkusen","Frauen-Bundesliga","Ida Daedelow","GER","MF","18-059",0.6,9,9,0,0,0,0,0,0,0,0,0,0,3,0,0,"https://fbref.com/en/players/e7078be4/Ida-Daedelow","Frauen Bundesliga","https://fbref.com/en/comps/183/Frauen-Bundesliga-Stats","passing_types"
"2025-2026","Bayer Leverkusen","Frauen-Bundesliga","Charlotte Voll","GER","GK","26-187",0,0,0,0,0,0,0,0,0,0,0,0,0,0,0,0,"https://fbref.com/en/players/dff2f35d/Charlotte-Voll","Frauen Bundesliga","https://fbref.com/en/comps/183/Frauen-Bundesliga-Stats","passing_types"
"2025-2026","Bayer Leverkusen","Frauen-Bundesliga","Loreen Bender","GER","MF","20-066",1.3,38,37,1,0,0,0,1,0,1,1,0,0,28,0,2,"https://fbref.com/en/players/7d5a7c01/Loreen-Bender","Frauen Bundesliga","https://fbref.com/en/comps/183/Frauen-Bundesliga-Stats","passing_types"
"2025-2026","Bayer Leverkusen","Frauen-Bundesliga","Anne Moll","GER","GK","20-203",1,49,20,29,6,0,0,0,0,0,0,0,0,22,0,0,"https://fbref.com/en/players/0774c8e8/Anne-Moll","Frauen Bundesliga","https://fbref.com/en/comps/183/Frauen-Bundesliga-Stats","passing_types"
"2025-2026","Bayer Leverkusen","Frauen-Bundesliga","Paulina Bartz","GER","MF,FW","20-170",0.7,5,4,0,0,0,0,0,0,0,0,0,0,1,1,0,"https://fbref.com/en/players/72188836/Paulina-Bartz","Frauen Bundesliga","https://fbref.com/en/comps/183/Frauen-Bundesliga-Stats","passing_types"
"2025-2026","Bayer Leverkusen","Frauen-Bundesliga","Melissa Friedrich","GER","MF","28-173",0.6,9,8,1,1,0,0,0,0,0,0,0,0,3,0,1,"https://fbref.com/en/players/551733b0/Melissa-Friedrich","Frauen Bundesliga","https://fbref.com/en/comps/183/Frauen-Bundesliga-Stats","passing_types"
"2025-2026","Bayer Leverkusen","Frauen-Bundesliga","Vanessa Haim","GER","FW,MF","28-178",0.5,6,5,1,0,0,0,0,0,0,0,0,0,4,0,0,"https://fbref.com/en/players/dd343bb3/Vanessa-Haim","Frauen Bundesliga","https://fbref.com/en/comps/183/Frauen-Bundesliga-Stats","passing_types"
"2025-2026","Eintracht Frankfurt","Frauen-Bundesliga","Géraldine Reuteler","SUI","MF,FW","26-188",6.8,315,308,6,0,1,0,11,4,2,1,1,0,260,1,4,"https://fbref.com/en/players/f64daf84/Geraldine-Reuteler","Frauen Bundesliga","https://fbref.com/en/comps/183/Frauen-Bundesliga-Stats","passing_types"
"2025-2026","Eintracht Frankfurt","Frauen-Bundesliga","Amanda Ilestedt","SWE","DF","32-282",6.8,454,439,15,15,0,1,1,0,0,0,0,0,405,0,1,"https://fbref.com/en/players/93514385/Amanda-Ilestedt","Frauen Bundesliga","https://fbref.com/en/comps/183/Frauen-Bundesliga-Stats","passing_types"
"2025-2026","Eintracht Frankfurt","Frauen-Bundesliga","Lina Altenburg","GER","GK","20-217",6,183,146,37,4,0,0,0,0,0,0,0,0,133,0,0,"https://fbref.com/en/players/ceb873f4/Lina-Altenburg","Frauen Bundesliga","https://fbref.com/en/comps/183/Frauen-Bundesliga-Stats","passing_types"
"2025-2026","Eintracht Frankfurt","Frauen-Bundesliga","Jella Veit","GER","DF","20-176",6,363,356,7,7,0,1,0,0,0,0,0,0,312,0,4,"https://fbref.com/en/players/3107a1d3/Jella-Veit","Frauen Bundesliga","https://fbref.com/en/comps/183/Frauen-Bundesliga-Stats","passing_types"
"2025-2026","Eintracht Frankfurt","Frauen-Bundesliga","Elisa Senß","GER","MF","28-025",5.9,287,277,8,4,1,1,6,1,2,2,0,0,237,2,6,"https://fbref.com/en/players/30bfca52/Elisa-Senss","Frauen Bundesliga","https://fbref.com/en/comps/183/Frauen-Bundesliga-Stats","passing_types"
"2025-2026","Eintracht Frankfurt","Frauen-Bundesliga","Lisanne Gräwe","GER","MF","23-180",5.8,366,359,6,4,0,0,1,1,1,0,0,0,298,1,1,"https://fbref.com/en/players/2e902693/Lisanne-Grawe","Frauen Bundesliga","https://fbref.com/en/comps/183/Frauen-Bundesliga-Stats","passing_types"
"2025-2026","Eintracht Frankfurt","Frauen-Bundesliga","Nina Lührßen","GER","DF","25-339",5.8,435,315,117,23,0,0,42,77,17,12,0,0,308,3,7,"https://fbref.com/en/players/e070cdf6/Nina-Luhrssen","Frauen Bundesliga","https://fbref.com/en/comps/183/Frauen-Bundesliga-Stats","passing_types"
"2025-2026","Eintracht Frankfurt","Frauen-Bundesliga","Laura Freigang","GER","FW,MF","27-267",5.3,200,185,15,1,1,0,4,2,1,1,0,0,166,0,5,"https://fbref.com/en/players/8898987d/Laura-Freigang","Frauen Bundesliga","https://fbref.com/en/comps/183/Frauen-Bundesliga-Stats","passing_types"
"2025-2026","Eintracht Frankfurt","Frauen-Bundesliga","Rebecka Blomqvist","SWE","FW","28-094",5.1,140,138,2,0,0,0,5,1,0,0,0,0,104,0,7,"https://fbref.com/en/players/fdae87ec/Rebecka-Blomqvist","Frauen Bundesliga","https://fbref.com/en/comps/183/Frauen-Bundesliga-Stats","passing_types"
"2025-2026","Eintracht Frankfurt","Frauen-Bundesliga","Ereleta Memeti","KVX","MF,FW","26-118",5.3,250,222,28,11,1,0,21,2,15,6,5,0,179,0,7,"https://fbref.com/en/players/d782c918/Ereleta-Memeti","Frauen Bundesliga","https://fbref.com/en/comps/183/Frauen-Bundesliga-Stats","passing_types"
"2025-2026","Eintracht Frankfurt","Frauen-Bundesliga","Nadine Riesen","SUI","DF","25-198",4.4,292,226,65,2,0,0,12,63,0,0,0,0,221,1,9,"https://fbref.com/en/players/6660f40b/Nadine-Riesen","Frauen Bundesliga","https://fbref.com/en/comps/183/Frauen-Bundesliga-Stats","passing_types"
"2025-2026","Eintracht Frankfurt","Frauen-Bundesliga","Nicole Anyomi","GER","FW","25-258",4.3,109,102,7,0,3,0,6,1,0,0,0,0,73,0,6,"https://fbref.com/en/players/83b0b998/Nicole-Anyomi","Frauen Bundesliga","https://fbref.com/en/comps/183/Frauen-Bundesliga-Stats","passing_types"
"2025-2026","Eintracht Frankfurt","Frauen-Bundesliga","Pia-Sophie Wolter","GER","DF","27-347",2.3,170,146,24,1,0,0,7,23,0,0,0,0,134,0,6,"https://fbref.com/en/players/8ddc3ad5/Pia-Sophie-Wolter","Frauen Bundesliga","https://fbref.com/en/comps/183/Frauen-Bundesliga-Stats","passing_types"
"2025-2026","Eintracht Frankfurt","Frauen-Bundesliga","Remina Chiba","JPN","FW","26-179",1.6,49,48,1,0,0,0,2,0,1,0,1,0,34,0,0,"https://fbref.com/en/players/6780aa6c/Remina-Chiba","Frauen Bundesliga","https://fbref.com/en/comps/183/Frauen-Bundesliga-Stats","passing_types"
"2025-2026","Eintracht Frankfurt","Frauen-Bundesliga","Dilara Acikgöz","GER","DF","21-146",1.4,91,74,17,3,0,0,5,14,0,0,0,0,66,0,2,"https://fbref.com/en/players/1ce96186/Dilara-Acikgoz","Frauen Bundesliga","https://fbref.com/en/comps/183/Frauen-Bundesliga-Stats","passing_types"
"2025-2026","Eintracht Frankfurt","Frauen-Bundesliga","Jarne Teulings","BEL","MF,FW","23-288",1.3,59,56,3,0,0,0,4,2,0,0,0,0,47,0,1,"https://fbref.com/en/players/75e33f00/Jarne-Teulings","Frauen Bundesliga","https://fbref.com/en/comps/183/Frauen-Bundesliga-Stats","passing_types"
"2025-2026","Eintracht Frankfurt","Frauen-Bundesliga","Noemi Ivelj","SUI","DF","18-359",1.2,103,98,3,3,0,1,1,0,0,0,0,0,88,2,0,"https://fbref.com/en/players/e0e7e79d/Noemi-Ivelj","Frauen Bundesliga","https://fbref.com/en/comps/183/Frauen-Bundesliga-Stats","passing_types"
"2025-2026","Eintracht Frankfurt","Frauen-Bundesliga","Lea Paulick","GER","GK","26-054",1,32,27,5,0,0,0,0,0,0,0,0,0,24,0,1,"https://fbref.com/en/players/ee30975e/Lea-Paulick","Frauen Bundesliga","https://fbref.com/en/comps/183/Frauen-Bundesliga-Stats","passing_types"
"2025-2026","Eintracht Frankfurt","Frauen-Bundesliga","Hayley Raso","AUS","MF,FW","31-051",0.5,16,16,0,0,0,0,1,0,0,0,0,0,10,0,2,"https://fbref.com/en/players/4a4fc01f/Hayley-Raso","Frauen Bundesliga","https://fbref.com/en/comps/183/Frauen-Bundesliga-Stats","passing_types"
"2025-2026","Eintracht Frankfurt","Frauen-Bundesliga","Ilayda Acikgöz","GER","MF","21-146",0.2,10,10,0,0,0,0,0,0,0,0,0,0,4,0,0,"https://fbref.com/en/players/2de08078/Ilayda-Acikgoz","Frauen Bundesliga","https://fbref.com/en/comps/183/Frauen-Bundesliga-Stats","passing_types"
"2025-2026","Eintracht Frankfurt","Frauen-Bundesliga","Eleni Markou","GRE","FW","30-211",0,0,0,0,0,0,0,0,0,0,0,0,0,0,0,0,"https://fbref.com/en/players/7a6f2fc6/Eleni-Markou","Frauen Bundesliga","https://fbref.com/en/comps/183/Frauen-Bundesliga-Stats","passing_types"
"2025-2026","Union Berlin","Frauen-Bundesliga","Cara Bösl","GER","GK","28-257",7,220,195,22,5,0,0,0,0,0,0,0,0,175,3,1,"https://fbref.com/en/players/862a8439/Cara-Bosl","Frauen Bundesliga","https://fbref.com/en/comps/183/Frauen-Bundesliga-Stats","passing_types"
"2025-2026","Union Berlin","Frauen-Bundesliga","Tomke Schneider","GER","DF","21-087",7,436,315,120,17,1,3,15,101,0,0,0,0,309,1,11,"https://fbref.com/en/players/87d189f6/Tomke-Schneider","Frauen Bundesliga","https://fbref.com/en/comps/183/Frauen-Bundesliga-Stats","passing_types"
"2025-2026","Union Berlin","Frauen-Bundesliga","Samantha Steuerwald","GER","DF","27-015",7,383,332,50,14,0,0,0,0,0,0,0,0,327,1,2,"https://fbref.com/en/players/444e3ae7/Samantha-Steuerwald","Frauen Bundesliga","https://fbref.com/en/comps/183/Frauen-Bundesliga-Stats","passing_types"
"2025-2026","Union Berlin","Frauen-Bundesliga","Sophie Weidauer","GER","FW","23-258",6.4,143,135,7,0,0,0,8,2,0,0,0,0,86,1,8,"https://fbref.com/en/players/68f5b63a/Sophie-Weidauer","Frauen Bundesliga","https://fbref.com/en/comps/183/Frauen-Bundesliga-Stats","passing_types"
"2025-2026","Union Berlin","Frauen-Bundesliga","Lisa Heiseler","GER","MF","27-119",5.2,129,112,17,1,0,1,17,1,12,11,0,0,86,0,3,"https://fbref.com/en/players/8d688368/Lisa-Heiseler","Frauen Bundesliga","https://fbref.com/en/comps/183/Frauen-Bundesliga-Stats","passing_types"
"2025-2026","Union Berlin","Frauen-Bundesliga","Eileen Campbell","AUT","FW,MF","25-039",6.3,190,177,11,1,1,0,2,2,0,0,0,0,127,2,8,"https://fbref.com/en/players/f36f682e/Eileen-Campbell","Frauen Bundesliga","https://fbref.com/en/comps/183/Frauen-Bundesliga-Stats","passing_types"
"2025-2026","Union Berlin","Frauen-Bundesliga","Anna Weiß","GER","DF","27-097",6,316,233,82,3,0,0,25,78,1,1,0,0,199,1,12,"https://fbref.com/en/players/cf939fba/Anna-Weiss","Frauen Bundesliga","https://fbref.com/en/comps/183/Frauen-Bundesliga-Stats","passing_types"
"2025-2026","Union Berlin","Frauen-Bundesliga","Dina Orschmann","GER","MF,FW","27-291",5.6,169,155,13,1,0,0,21,1,11,10,1,0,101,1,7,"https://fbref.com/en/players/890fa393/Dina-Orschmann","Frauen Bundesliga","https://fbref.com/en/comps/183/Frauen-Bundesliga-Stats","passing_types"
"2025-2026","Union Berlin","Frauen-Bundesliga","Tanja Pawollek","POL","MF,FW","26-281",5,203,199,3,2,0,1,1,0,0,0,0,0,167,1,4,"https://fbref.com/en/players/7737e984/Tanja-Pawollek","Frauen Bundesliga","https://fbref.com/en/comps/183/Frauen-Bundesliga-Stats","passing_types"
"2025-2026","Union Berlin","Frauen-Bundesliga","Naika Reissner","AUT","DF,FW","20-357",3.6,99,96,3,1,0,1,15,2,0,0,0,0,57,0,11,"https://fbref.com/en/players/57a99ea6/Naika-Reissner","Frauen Bundesliga","https://fbref.com/en/comps/183/Frauen-Bundesliga-Stats","passing_types"
"2025-2026","Union Berlin","Frauen-Bundesliga","Katja Nicola Orschmann","GER","DF","27-086",3.9,199,179,19,13,1,1,1,6,0,0,0,0,145,1,2,"https://fbref.com/en/players/ccf73f85/Katja-Nicola-Orschmann","Frauen Bundesliga","https://fbref.com/en/comps/183/Frauen-Bundesliga-Stats","passing_types"
"2025-2026","Union Berlin","Frauen-Bundesliga","Anna Aehling","GER","DF","24-217",3.2,176,167,9,9,0,0,2,0,0,0,0,0,139,0,1,"https://fbref.com/en/players/55d88268/Anna-Aehling","Frauen Bundesliga","https://fbref.com/en/comps/183/Frauen-Bundesliga-Stats","passing_types"
"2025-2026","Union Berlin","Frauen-Bundesliga","Jenny Hipp","GER","MF","27-262",3,104,91,13,1,0,1,11,0,12,8,1,0,72,0,4,"https://fbref.com/en/players/2c64d57e/Jenny-Hipp","Frauen Bundesliga","https://fbref.com/en/comps/183/Frauen-Bundesliga-Stats","passing_types"
"2025-2026","Union Berlin","Frauen-Bundesliga","Athanasia Moraitou","GRE","MF","28-207",2.1,68,63,4,3,1,0,1,1,0,0,0,0,46,1,4,"https://fbref.com/en/players/69d39de8/Athanasia-Moraitou","Frauen Bundesliga","https://fbref.com/en/comps/183/Frauen-Bundesliga-Stats","passing_types"
"2025-2026","Union Berlin","Frauen-Bundesliga","Antonia Halverkamps","GER","MF,DF","24-362",2.2,89,73,14,1,0,1,20,5,8,7,0,0,51,2,4,"https://fbref.com/en/players/b2bf266d/Antonia-Halverkamps","Frauen Bundesliga","https://fbref.com/en/comps/183/Frauen-Bundesliga-Stats","passing_types"
"2025-2026","Union Berlin","Frauen-Bundesliga","Judith Steinert","GER","DF,MF","30-031",0.9,66,42,24,3,0,0,6,18,3,3,0,0,49,0,3,"https://fbref.com/en/players/b34e600e/Judith-Steinert","Frauen Bundesliga","https://fbref.com/en/comps/183/Frauen-Bundesliga-Stats","passing_types"
"2025-2026","Union Berlin","Frauen-Bundesliga","Ida Heikkinen","FIN","MF,FW","19-013",0.9,25,22,3,0,0,0,4,3,0,0,0,0,17,0,2,"https://fbref.com/en/players/5b4d6a70/Ida-Heikkinen","Frauen Bundesliga","https://fbref.com/en/comps/183/Frauen-Bundesliga-Stats","passing_types"
"2025-2026","Union Berlin","Frauen-Bundesliga","Nele Bauereisen","GER","DF,MF","21-204",0.6,17,16,1,0,0,0,2,1,0,0,0,0,8,0,0,"https://fbref.com/en/players/50dd869a/Nele-Bauereisen","Frauen Bundesliga","https://fbref.com/en/comps/183/Frauen-Bundesliga-Stats","passing_types"
"2025-2026","Union Berlin","Frauen-Bundesliga","Korina Lara Janež","SVN","MF","21-243",0.5,16,16,0,0,1,0,0,0,0,0,0,0,10,0,0,"https://fbref.com/en/players/6acbeec8/Korina-Lara-Janez","Frauen Bundesliga","https://fbref.com/en/comps/183/Frauen-Bundesliga-Stats","passing_types"
"2025-2026","Union Berlin","Frauen-Bundesliga","Celine Frank","GER","MF","27-092",0.3,12,11,1,0,0,0,0,1,0,0,0,0,10,0,0,"https://fbref.com/en/players/2d5f4946/Celine-Frank","Frauen Bundesliga","https://fbref.com/en/comps/183/Frauen-Bundesliga-Stats","passing_types"
"2025-2026","Union Berlin","Frauen-Bundesliga","Mariann Noack","GER","DF","16-249",0.2,7,7,0,0,0,0,0,0,0,0,0,0,5,0,0,"https://fbref.com/en/players/0bdb86d9/Mariann-Noack","Frauen Bundesliga","https://fbref.com/en/comps/183/Frauen-Bundesliga-Stats","passing_types"
"2025-2026","Union Berlin","Frauen-Bundesliga","Alma Marie Aagaard","DEN","MF","19-270",0,0,0,0,0,0,0,0,0,0,0,0,0,0,0,0,"https://fbref.com/en/players/7a70b30b/Alma-Marie-Aagaard","Frauen Bundesliga","https://fbref.com/en/comps/183/Frauen-Bundesliga-Stats","passing_types"
"2025-2026","Werder Bremen","Frauen-Bundesliga","Chiara D'Angelo","AUT","DF","21-087",7,382,274,106,8,0,0,17,94,2,1,0,0,271,2,5,"https://fbref.com/en/players/7e574fb5/Chiara-DAngelo","Frauen Bundesliga","https://fbref.com/en/comps/183/Frauen-Bundesliga-Stats","passing_types"
"2025-2026","Werder Bremen","Frauen-Bundesliga","Mariella El Sherif","AUT","GK","21-054",7,344,290,53,19,0,0,0,0,0,0,0,0,256,1,0,"https://fbref.com/en/players/4a6f3d40/Mariella-El-Sherif","Frauen Bundesliga","https://fbref.com/en/comps/183/Frauen-Bundesliga-Stats","passing_types"
"2025-2026","Werder Bremen","Frauen-Bundesliga","Larissa Mühlhaus","GER","FW,MF","22-286",6.8,245,197,43,17,0,1,43,1,21,8,12,1,147,5,9,"https://fbref.com/en/players/4df24100/Larissa-Muhlhaus","Frauen Bundesliga","https://fbref.com/en/comps/183/Frauen-Bundesliga-Stats","passing_types"
"2025-2026","Werder Bremen","Frauen-Bundesliga","Michelle Ulbrich","GER","DF","28-357",6.8,245,226,18,14,0,0,0,1,0,0,0,0,185,1,3,"https://fbref.com/en/players/e8840be1/Michelle-Ulbrich","Frauen Bundesliga","https://fbref.com/en/comps/183/Frauen-Bundesliga-Stats","passing_types"
"2025-2026","Werder Bremen","Frauen-Bundesliga","Hanna Németh","HUN","DF","27-039",6.4,272,225,46,17,0,0,0,0,0,0,0,0,242,1,0,"https://fbref.com/en/players/dff5a2cf/Hanna-Nemeth","Frauen Bundesliga","https://fbref.com/en/comps/183/Frauen-Bundesliga-Stats","passing_types"
"2025-2026","Werder Bremen","Frauen-Bundesliga","Michelle Weiß","GER","DF","24-152",6.3,217,136,81,4,0,1,11,77,0,0,0,0,129,0,9,"https://fbref.com/en/players/f370e5df/Michelle-Weiss","Frauen Bundesliga","https://fbref.com/en/comps/183/Frauen-Bundesliga-Stats","passing_types"
"2025-2026","Werder Bremen","Frauen-Bundesliga","Juliane Wirtz","GER","MF","24-065",5.6,212,200,11,3,0,0,1,0,0,0,0,0,165,1,3,"https://fbref.com/en/players/f9482141/Juliane-Wirtz","Frauen Bundesliga","https://fbref.com/en/comps/183/Frauen-Bundesliga-Stats","passing_types"
"2025-2026","Werder Bremen","Frauen-Bundesliga","Lina Hausicke","GER","MF","27-300",5.4,130,126,1,1,0,0,2,0,0,0,0,0,86,3,1,"https://fbref.com/en/players/1685552e/Lina-Hausicke","Frauen Bundesliga","https://fbref.com/en/comps/183/Frauen-Bundesliga-Stats","passing_types"
"2025-2026","Werder Bremen","Frauen-Bundesliga","Medina Dešić","MNE","FW","32-041",5.1,88,82,5,1,1,0,6,1,0,0,0,0,49,1,6,"https://fbref.com/en/players/2cb74515/Medina-Desic","Frauen Bundesliga","https://fbref.com/en/comps/183/Frauen-Bundesliga-Stats","passing_types"
"2025-2026","Werder Bremen","Frauen-Bundesliga","Verena Wieder","GER","MF","25-122",3.7,64,60,4,2,0,0,6,2,0,0,0,0,34,0,5,"https://fbref.com/en/players/a584ebc3/Verena-Wieder","Frauen Bundesliga","https://fbref.com/en/comps/183/Frauen-Bundesliga-Stats","passing_types"
"2025-2026","Werder Bremen","Frauen-Bundesliga","Amira Arfaoui","SUI","MF","26-079",3.9,107,101,6,2,1,1,4,2,1,1,0,0,67,0,4,"https://fbref.com/en/players/43b64ff1/Amira-Arfaoui","Frauen Bundesliga","https://fbref.com/en/comps/183/Frauen-Bundesliga-Stats","passing_types"
"2025-2026","Werder Bremen","Frauen-Bundesliga","Maja Sternad","SVN","MF","21-302",3.8,50,48,1,0,0,0,2,1,0,0,0,0,26,1,5,"https://fbref.com/en/players/03224c76/Maja-Sternad","Frauen Bundesliga","https://fbref.com/en/comps/183/Frauen-Bundesliga-Stats","passing_types"
"2025-2026","Werder Bremen","Frauen-Bundesliga","Sharon Beck","ISR","MF,DF","30-218",2.9,103,89,13,3,0,0,16,0,8,7,1,0,56,1,6,"https://fbref.com/en/players/c03890e3/Sharon-Beck","Frauen Bundesliga","https://fbref.com/en/comps/183/Frauen-Bundesliga-Stats","passing_types"
"2025-2026","Werder Bremen","Frauen-Bundesliga","Ricarda Walkling","GER","MF,FW","28-221",2.1,49,47,1,1,0,0,0,0,0,0,0,0,35,1,1,"https://fbref.com/en/players/e786e6f7/Ricarda-Walkling","Frauen Bundesliga","https://fbref.com/en/comps/183/Frauen-Bundesliga-Stats","passing_types"
"2025-2026","Werder Bremen","Frauen-Bundesliga","Emőke Pápai","HUN","FW,MF","22-124",2.2,59,57,2,0,0,0,3,1,0,0,0,0,38,0,1,"https://fbref.com/en/players/7c04a48d/Emoke-Papai","Frauen Bundesliga","https://fbref.com/en/comps/183/Frauen-Bundesliga-Stats","passing_types"
"2025-2026","Werder Bremen","Frauen-Bundesliga","Tuana Keles","GER","MF","22-237",0.5,10,10,0,0,0,0,0,0,0,0,0,0,5,0,1,"https://fbref.com/en/players/8e21b9cf/Tuana-Keles","Frauen Bundesliga","https://fbref.com/en/comps/183/Frauen-Bundesliga-Stats","passing_types"
"2025-2026","Werder Bremen","Frauen-Bundesliga","Kaylie Ronan","","DF,MF","",0.9,35,27,8,0,0,0,0,8,0,0,0,0,21,0,3,"https://fbref.com/en/players/afe11b5a/Kaylie-Ronan","Frauen Bundesliga","https://fbref.com/en/comps/183/Frauen-Bundesliga-Stats","passing_types"
"2025-2026","Werder Bremen","Frauen-Bundesliga","Rieke Dieckmann","GER","FW,DF","29-071",0.3,11,8,2,0,0,0,0,2,0,0,0,0,8,1,0,"https://fbref.com/en/players/b92fbcee/Rieke-Dieckmann","Frauen Bundesliga","https://fbref.com/en/comps/183/Frauen-Bundesliga-Stats","passing_types"
"2025-2026","Werder Bremen","Frauen-Bundesliga","Reena Wichmann","GER","DF","27-287",0.1,9,5,4,0,0,0,0,4,0,0,0,0,5,0,0,"https://fbref.com/en/players/c7d1078c/Reena-Wichmann","Frauen Bundesliga","https://fbref.com/en/comps/183/Frauen-Bundesliga-Stats","passing_types"
"2025-2026","Werder Bremen","Frauen-Bundesliga","Maria Penner","GER","MF","18-181",0.1,3,2,1,0,0,0,0,1,0,0,0,0,1,0,0,"https://fbref.com/en/players/feac5916/Maria-Penner","Frauen Bundesliga","https://fbref.com/en/comps/183/Frauen-Bundesliga-Stats","passing_types"
"2025-2026","1. FC Nürnberg","Frauen-Bundesliga","Nastassja Lein","GER","MF","24-255",7,113,106,7,0,0,0,3,6,0,0,0,0,66,0,7,"https://fbref.com/en/players/c91c5067/Nastassja-Lein","Frauen Bundesliga","https://fbref.com/en/comps/183/Frauen-Bundesliga-Stats","passing_types"
"2025-2026","1. FC Nürnberg","Frauen-Bundesliga","Larissa Rusek","AUT","GK","20-298",7,223,139,81,22,0,0,0,0,0,0,0,0,107,3,0,"https://fbref.com/en/players/11c0166a/Larissa-Rusek","Frauen Bundesliga","https://fbref.com/en/comps/183/Frauen-Bundesliga-Stats","passing_types"
"2025-2026","1. FC Nürnberg","Frauen-Bundesliga","Oliwia Woś","POL","DF","26-072",7,178,149,27,17,0,1,8,2,4,2,2,0,102,2,2,"https://fbref.com/en/players/f6acd028/Oliwia-Wos","Frauen Bundesliga","https://fbref.com/en/comps/183/Frauen-Bundesliga-Stats","passing_types"
"2025-2026","1. FC Nürnberg","Frauen-Bundesliga","Sanja Homann","GER","MF,DF","23-302",6.7,151,121,28,0,0,0,13,28,0,0,0,0,62,2,12,"https://fbref.com/en/players/a528a23e/Sanja-Homann","Frauen Bundesliga","https://fbref.com/en/comps/183/Frauen-Bundesliga-Stats","passing_types"
"2025-2026","1. FC Nürnberg","Frauen-Bundesliga","Julia Pollak","GER","DF","23-170",6.7,218,137,81,9,0,0,4,72,0,0,0,0,138,0,9,"https://fbref.com/en/players/c639a95f/Julia-Pollak","Frauen Bundesliga","https://fbref.com/en/comps/183/Frauen-Bundesliga-Stats","passing_types"
"2025-2026","1. FC Nürnberg","Frauen-Bundesliga","Luisa Guttenberger","GER","DF,MF","26-329",6.7,113,108,5,4,0,1,3,1,0,0,0,0,65,0,2,"https://fbref.com/en/players/ce8310d3/Luisa-Guttenberger","Frauen Bundesliga","https://fbref.com/en/comps/183/Frauen-Bundesliga-Stats","passing_types"
"2025-2026","1. FC Nürnberg","Frauen-Bundesliga","Aneta Polášková","CZE","FW","23-176",5.6,122,96,25,3,1,1,15,2,8,4,3,1,71,1,7,"https://fbref.com/en/players/88b52cda/Aneta-Polaskova","Frauen Bundesliga","https://fbref.com/en/comps/183/Frauen-Bundesliga-Stats","passing_types"
"2025-2026","1. FC Nürnberg","Frauen-Bundesliga","Beatrix Fördős","HUN","DF","23-292",5.5,110,83,27,16,0,1,0,2,0,0,0,0,72,0,2,"https://fbref.com/en/players/67d2f423/Beatrix-Fordos","Frauen Bundesliga","https://fbref.com/en/comps/183/Frauen-Bundesliga-Stats","passing_types"
"2025-2026","1. FC Nürnberg","Frauen-Bundesliga","Aleigh Gambone","USA","DF,MF","25-017",5,158,124,34,0,0,0,2,34,0,0,0,0,89,0,3,"https://fbref.com/en/players/f7960ed7/Aleigh-Gambone","Frauen Bundesliga","https://fbref.com/en/comps/183/Frauen-Bundesliga-Stats","passing_types"
"2025-2026","1. FC Nürnberg","Frauen-Bundesliga","Laura Miller","LUX","MF","23-323",5,108,106,2,2,0,1,0,0,0,0,0,0,72,0,3,"https://fbref.com/en/players/d38560f6/Laura-Miller","Frauen Bundesliga","https://fbref.com/en/comps/183/Frauen-Bundesliga-Stats","passing_types"
"2025-2026","1. FC Nürnberg","Frauen-Bundesliga","Selma Licina","MNE","MF,FW","24-171",4.4,128,122,6,1,0,0,1,3,1,1,0,0,81,0,6,"https://fbref.com/en/players/b28e04bd/Selma-Licina","Frauen Bundesliga","https://fbref.com/en/comps/183/Frauen-Bundesliga-Stats","passing_types"
"2025-2026","1. FC Nürnberg","Frauen-Bundesliga","Franziska Mai","GER","DF,FW","26-014",3.1,57,30,26,0,0,0,1,25,0,0,0,0,25,1,2,"https://fbref.com/en/players/915c9aa3/Franziska-Mai","Frauen Bundesliga","https://fbref.com/en/comps/183/Frauen-Bundesliga-Stats","passing_types"
"2025-2026","1. FC Nürnberg","Frauen-Bundesliga","Jacqueline Baumgärtel","GER","FW,MF","23-237",2.2,24,19,5,0,0,0,0,1,0,0,0,0,8,0,4,"https://fbref.com/en/players/29ee98e7/Jacqueline-Baumgartel","Frauen Bundesliga","https://fbref.com/en/comps/183/Frauen-Bundesliga-Stats","passing_types"
"2025-2026","1. FC Nürnberg","Frauen-Bundesliga","Jonna Brengel","GER","MF","21-042",1.6,41,34,7,2,0,0,5,1,4,1,3,0,22,0,2,"https://fbref.com/en/players/ada7b4f0/Jonna-Brengel","Frauen Bundesliga","https://fbref.com/en/comps/183/Frauen-Bundesliga-Stats","passing_types"
"2025-2026","1. FC Nürnberg","Frauen-Bundesliga","Clara Fröhlich","GER","DF","21-225",2.2,58,44,14,6,0,0,2,1,1,1,0,0,38,0,1,"https://fbref.com/en/players/265328ec/Clara-Frohlich","Frauen Bundesliga","https://fbref.com/en/comps/183/Frauen-Bundesliga-Stats","passing_types"
"2025-2026","1. FC Nürnberg","Frauen-Bundesliga","Klara Senelius","SWE","DF,MF","20-140",0.6,23,13,10,0,1,0,0,10,0,0,0,0,14,0,0,"https://fbref.com/en/players/821d479d/Klara-Senelius","Frauen Bundesliga","https://fbref.com/en/comps/183/Frauen-Bundesliga-Stats","passing_types"
"2025-2026","1. FC Nürnberg","Frauen-Bundesliga","Meret Günster","GER","MF,FW","22-280",0.2,10,8,2,0,0,0,3,0,2,1,1,0,4,0,0,"https://fbref.com/en/players/2fd87cb2/Meret-Gunster","Frauen Bundesliga","https://fbref.com/en/comps/183/Frauen-Bundesliga-Stats","passing_types"
"2025-2026","1. FC Nürnberg","Frauen-Bundesliga","Alina Mailbeck","GER","MF","28-136",0.2,4,4,0,0,0,0,0,0,0,0,0,0,1,0,0,"https://fbref.com/en/players/fc577573/Alina-Mailbeck","Frauen Bundesliga","https://fbref.com/en/comps/183/Frauen-Bundesliga-Stats","passing_types"
"2025-2026","1. FC Nürnberg","Frauen-Bundesliga","Amélie Thöle","GER","MF","22-056",0.2,1,1,0,0,0,0,0,0,0,0,0,0,0,0,0,"https://fbref.com/en/players/f16d1bf3/Amelie-Thole","Frauen Bundesliga","https://fbref.com/en/comps/183/Frauen-Bundesliga-Stats","passing_types"
"2025-2026","1. FC Nürnberg","Frauen-Bundesliga","Hanna Deuber","GER","FW","17-138",0,0,0,0,0,0,0,0,0,0,0,0,0,0,0,0,"https://fbref.com/en/players/3b9913ae/Hanna-Deuber","Frauen Bundesliga","https://fbref.com/en/comps/183/Frauen-Bundesliga-Stats","passing_types"
"2025-2026","Köln","Frauen-Bundesliga","Sara Agrež","SVN","DF","24-321",7,302,268,32,22,0,1,8,2,5,5,0,0,225,2,6,"https://fbref.com/en/players/f4321ccd/Sara-Agrez","Frauen Bundesliga","https://fbref.com/en/comps/183/Frauen-Bundesliga-Stats","passing_types"
"2025-2026","Köln","Frauen-Bundesliga","Laura Vogt","GER","MF","24-166",7,286,249,36,3,0,0,20,21,12,7,5,0,176,1,9,"https://fbref.com/en/players/99c4eb1a/Laura-Vogt","Frauen Bundesliga","https://fbref.com/en/comps/183/Frauen-Bundesliga-Stats","passing_types"
"2025-2026","Köln","Frauen-Bundesliga","Laura Feiersinger","AUT","MF","32-204",6.7,322,303,18,8,1,0,4,0,0,0,0,0,251,1,10,"https://fbref.com/en/players/1b4b3721/Laura-Feiersinger","Frauen Bundesliga","https://fbref.com/en/comps/183/Frauen-Bundesliga-Stats","passing_types"
"2025-2026","Köln","Frauen-Bundesliga","Sandra Jessen","ISL","FW","30-281",6.6,108,97,10,0,0,0,5,0,0,0,0,0,66,1,3,"https://fbref.com/en/players/cc4a09af/Sandra-Jessen","Frauen Bundesliga","https://fbref.com/en/comps/183/Frauen-Bundesliga-Stats","passing_types"
"2025-2026","Köln","Frauen-Bundesliga","Adriana Achcińska","POL","MF","23-187",6,188,165,23,21,1,2,13,2,0,0,0,0,108,0,4,"https://fbref.com/en/players/d85ee236/Adriana-Achcinska","Frauen Bundesliga","https://fbref.com/en/comps/183/Frauen-Bundesliga-Stats","passing_types"
"2025-2026","Köln","Frauen-Bundesliga","Marina Hegering","GER","DF","35-192",5.7,265,228,36,21,0,1,1,3,0,0,0,0,192,1,4,"https://fbref.com/en/players/df1695c1/Marina-Hegering","Frauen Bundesliga","https://fbref.com/en/comps/183/Frauen-Bundesliga-Stats","passing_types"
"2025-2026","Köln","Frauen-Bundesliga","Carlotta Imping","GER","DF,FW","21-320",5.5,232,184,48,0,0,0,14,43,5,5,0,0,142,0,10,"https://fbref.com/en/players/baf38991/Carlotta-Imping","Frauen Bundesliga","https://fbref.com/en/comps/183/Frauen-Bundesliga-Stats","passing_types"
"2025-2026","Köln","Frauen-Bundesliga","Anna Gerhardt","GER","DF","27-192",5.4,217,140,77,2,0,0,13,72,3,3,0,0,137,0,9,"https://fbref.com/en/players/f3794764/Anna-Gerhardt","Frauen Bundesliga","https://fbref.com/en/comps/183/Frauen-Bundesliga-Stats","passing_types"
"2025-2026","Köln","Frauen-Bundesliga","Laura Donhauser","GER","FW","24-052",5.4,114,109,3,0,0,0,3,3,0,0,0,0,68,2,12,"https://fbref.com/en/players/307ba10b/Laura-Donhauser","Frauen Bundesliga","https://fbref.com/en/comps/183/Frauen-Bundesliga-Stats","passing_types"
"2025-2026","Köln","Frauen-Bundesliga","Lisa Schmitz","GER","GK","33-175",4,128,106,22,11,0,0,0,0,0,0,0,0,94,0,0,"https://fbref.com/en/players/38bbb38c/Lisa-Schmitz","Frauen Bundesliga","https://fbref.com/en/comps/183/Frauen-Bundesliga-Stats","passing_types"
"2025-2026","Köln","Frauen-Bundesliga","Irina Fuchs","SUI","GK","20-038",3,106,78,28,11,0,0,0,0,0,0,0,0,72,0,0,"https://fbref.com/en/players/81765813/Irina-Fuchs","Frauen Bundesliga","https://fbref.com/en/comps/183/Frauen-Bundesliga-Stats","passing_types"
"2025-2026","Köln","Frauen-Bundesliga","Martyna Wiankowska","POL","DF,FW","28-306",2.3,106,75,31,4,0,0,8,26,1,1,0,0,52,0,3,"https://fbref.com/en/players/83188bdb/Martyna-Wiankowska","Frauen Bundesliga","https://fbref.com/en/comps/183/Frauen-Bundesliga-Stats","passing_types"
"2025-2026","Köln","Frauen-Bundesliga","Anna-Lena Stolze","GER","FW,MF","25-110",2.1,57,57,0,0,0,1,5,0,0,0,0,0,32,0,4,"https://fbref.com/en/players/f0bbb279/Anna-Lena-Stolze","Frauen Bundesliga","https://fbref.com/en/comps/183/Frauen-Bundesliga-Stats","passing_types"
"2025-2026","Köln","Frauen-Bundesliga","Sylwia Matysik","POL","DF","28-159",1.7,92,64,28,3,0,0,1,25,0,0,0,0,47,0,5,"https://fbref.com/en/players/b2d4690f/Sylwia-Matysik","Frauen Bundesliga","https://fbref.com/en/comps/183/Frauen-Bundesliga-Stats","passing_types"
"2025-2026","Köln","Frauen-Bundesliga","Celina Degen","AUT","DF","24-163",1.6,82,67,15,10,0,0,0,1,0,0,0,0,63,0,0,"https://fbref.com/en/players/eb75cca6/Celina-Degen","Frauen Bundesliga","https://fbref.com/en/comps/183/Frauen-Bundesliga-Stats","passing_types"
"2025-2026","Köln","Frauen-Bundesliga","Weronika Zawistowska","POL","FW","25-313",1.5,30,29,0,0,0,0,6,0,0,0,0,0,14,1,3,"https://fbref.com/en/players/a204c740/Weronika-Zawistowska","Frauen Bundesliga","https://fbref.com/en/comps/183/Frauen-Bundesliga-Stats","passing_types"
"2025-2026","Köln","Frauen-Bundesliga","Lydia Andrade","SUI","FW,DF","26-248",2.1,27,25,2,0,0,0,1,2,0,0,0,0,17,0,0,"https://fbref.com/en/players/221e533d/Lydia-Andrade","Frauen Bundesliga","https://fbref.com/en/comps/183/Frauen-Bundesliga-Stats","passing_types"
"2025-2026","Köln","Frauen-Bundesliga","Vanessa Leimenstoll","GER","FW,DF","24-239",1.1,45,42,3,1,0,0,5,2,0,0,0,0,23,0,2,"https://fbref.com/en/players/81b66ed2/Vanessa-Leimenstoll","Frauen Bundesliga","https://fbref.com/en/comps/183/Frauen-Bundesliga-Stats","passing_types"
"2025-2026","Köln","Frauen-Bundesliga","Pauline Bremer","GER","MF,DF","29-199",0.8,22,19,1,1,0,0,1,0,0,0,0,0,7,2,3,"https://fbref.com/en/players/ef20b0e8/Pauline-Bremer","Frauen Bundesliga","https://fbref.com/en/comps/183/Frauen-Bundesliga-Stats","passing_types"
"2025-2026","Köln","Frauen-Bundesliga","Ella Touon","SUI","MF","22-080",0.5,23,16,7,0,0,0,4,5,2,2,0,0,12,0,1,"https://fbref.com/en/players/dc0ea11a/Ella-Touon","Frauen Bundesliga","https://fbref.com/en/comps/183/Frauen-Bundesliga-Stats","passing_types"
"2025-2026","Köln","Frauen-Bundesliga","Julia Schiffarth","GER","MF,FW","18-021",0.4,8,7,1,0,0,0,1,0,0,0,0,0,7,0,0,"https://fbref.com/en/players/f537cc2c/Julia-Schiffarth","Frauen Bundesliga","https://fbref.com/en/comps/183/Frauen-Bundesliga-Stats","passing_types"
"2025-2026","Köln","Frauen-Bundesliga","Amelie Bohnen","GER","DF","24-071",0.1,3,2,1,0,0,0,0,1,0,0,0,0,1,0,0,"https://fbref.com/en/players/c5a3a2aa/Amelie-Bohnen","Frauen Bundesliga","https://fbref.com/en/comps/183/Frauen-Bundesliga-Stats","passing_types"
"2025-2026","RB Leipzig","Frauen-Bundesliga","Elvira Herzog","SUI","GK","25-235",7,213,167,46,6,0,0,0,1,0,0,0,0,196,0,0,"https://fbref.com/en/players/2ba3e2e8/Elvira-Herzog","Frauen Bundesliga","https://fbref.com/en/comps/183/Frauen-Bundesliga-Stats","passing_types"
"2025-2026","RB Leipzig","Frauen-Bundesliga","Julia Landenberger","GER","DF","21-308",7,465,424,37,17,2,0,0,11,0,0,0,0,388,4,1,"https://fbref.com/en/players/2ff444b6/Julia-Landenberger","Frauen Bundesliga","https://fbref.com/en/comps/183/Frauen-Bundesliga-Stats","passing_types"
"2025-2026","RB Leipzig","Frauen-Bundesliga","Annabel Schasching","AUT","MF,FW","23-092",6.9,350,329,21,10,0,0,12,5,5,2,0,0,269,0,7,"https://fbref.com/en/players/021718ce/Annabel-Schasching","Frauen Bundesliga","https://fbref.com/en/comps/183/Frauen-Bundesliga-Stats","passing_types"
"2025-2026","RB Leipzig","Frauen-Bundesliga","Lisa Baum","GER","DF,MF","18-335",6.2,191,158,32,6,0,1,32,7,17,8,1,0,129,1,7,"https://fbref.com/en/players/4aa0fbfd/Lisa-Baum","Frauen Bundesliga","https://fbref.com/en/comps/183/Frauen-Bundesliga-Stats","passing_types"
"2025-2026","RB Leipzig","Frauen-Bundesliga","Andrea Norheim","NOR","DF","26-269",6,422,391,30,7,0,1,1,0,0,0,0,0,356,1,3,"https://fbref.com/en/players/d52de4c8/Andrea-Norheim","Frauen Bundesliga","https://fbref.com/en/comps/183/Frauen-Bundesliga-Stats","passing_types"
"2025-2026","RB Leipzig","Frauen-Bundesliga","Sandra Starke","GER","MF","32-087",4.8,304,292,10,10,1,0,3,0,0,0,0,0,245,2,2,"https://fbref.com/en/players/60c22595/Sandra-Starke","Frauen Bundesliga","https://fbref.com/en/comps/183/Frauen-Bundesliga-Stats","passing_types"
"2025-2026","RB Leipzig","Frauen-Bundesliga","Delice Boboy","GER","FW,MF","18-361",4.8,97,86,10,0,0,0,6,2,0,0,0,0,63,1,3,"https://fbref.com/en/players/32c68f4e/Delice-Boboy","Frauen Bundesliga","https://fbref.com/en/comps/183/Frauen-Bundesliga-Stats","passing_types"
"2025-2026","RB Leipzig","Frauen-Bundesliga","Marlene Müller","GER","MF,DF","25-002",4.8,201,163,38,4,0,0,14,34,0,0,0,0,142,0,6,"https://fbref.com/en/players/60352dae/Marlene-Muller","Frauen Bundesliga","https://fbref.com/en/comps/183/Frauen-Bundesliga-Stats","passing_types"
"2025-2026","RB Leipzig","Frauen-Bundesliga","Giovanna Hoffmann","GER","FW,MF","27-036",4.1,97,82,13,0,0,0,7,1,1,0,0,0,65,2,6,"https://fbref.com/en/players/e81f194d/Giovanna-Hoffmann","Frauen Bundesliga","https://fbref.com/en/comps/183/Frauen-Bundesliga-Stats","passing_types"
"2025-2026","RB Leipzig","Frauen-Bundesliga","Nikoline Dudek","DEN","DF,MF","22-040",4,282,234,47,5,0,1,4,41,0,0,0,0,228,1,0,"https://fbref.com/en/players/1fdb740f/Nikoline-Dudek","Frauen Bundesliga","https://fbref.com/en/comps/183/Frauen-Bundesliga-Stats","passing_types"
"2025-2026","RB Leipzig","Frauen-Bundesliga","Marleen Schimmer","GER","DF,FW","25-003",3.9,169,129,37,1,0,0,8,34,2,0,0,0,114,3,3,"https://fbref.com/en/players/be36d20c/Marleen-Schimmer","Frauen Bundesliga","https://fbref.com/en/comps/183/Frauen-Bundesliga-Stats","passing_types"
"2025-2026","RB Leipzig","Frauen-Bundesliga","Gina Chmielinski","GER","MF,FW","25-141",3.9,156,138,15,2,0,0,23,0,13,6,2,0,98,3,6,"https://fbref.com/en/players/8c3de9d6/Gina-Chmielinski","Frauen Bundesliga","https://fbref.com/en/comps/183/Frauen-Bundesliga-Stats","passing_types"
"2025-2026","RB Leipzig","Frauen-Bundesliga","Lou-Ann Joly","FRA","MF","23-195",3.7,169,169,0,0,0,0,2,0,0,0,0,0,131,0,5,"https://fbref.com/en/players/0fee9f6d/Lou-Ann-Joly","Frauen Bundesliga","https://fbref.com/en/comps/183/Frauen-Bundesliga-Stats","passing_types"
"2025-2026","RB Leipzig","Frauen-Bundesliga","Mai Kadowaki","JPN","FW,MF","24-187",2.9,59,58,0,0,0,0,2,0,0,0,0,0,46,1,2,"https://fbref.com/en/players/f39de6ec/Mai-Kadowaki","Frauen Bundesliga","https://fbref.com/en/comps/183/Frauen-Bundesliga-Stats","passing_types"
"2025-2026","RB Leipzig","Frauen-Bundesliga","Victoria Krug","GER","DF","27-287",2.8,168,127,40,3,0,0,3,36,0,0,0,0,131,1,1,"https://fbref.com/en/players/a3183592/Victoria-Krug","Frauen Bundesliga","https://fbref.com/en/comps/183/Frauen-Bundesliga-Stats","passing_types"
"2025-2026","RB Leipzig","Frauen-Bundesliga","Julia Magerl","AUT","DF","22-177",1.9,140,122,17,7,0,1,0,7,0,0,0,0,123,1,5,"https://fbref.com/en/players/87be9b9d/Julia-Magerl","Frauen Bundesliga","https://fbref.com/en/comps/183/Frauen-Bundesliga-Stats","passing_types"
"2025-2026","RB Leipzig","Frauen-Bundesliga","Emilía Ásgeirsdóttir","ISL","MF,FW","20-269",1.4,50,48,0,0,0,0,0,0,0,0,0,0,29,2,3,"https://fbref.com/en/players/8f4f0cc8/Emilia-Asgeirsdottir","Frauen Bundesliga","https://fbref.com/en/comps/183/Frauen-Bundesliga-Stats","passing_types"
"2025-2026","RB Leipzig","Frauen-Bundesliga","Persis Oteng","NED","FW","19-357",0.7,11,9,2,0,0,0,0,0,0,0,0,0,5,0,2,"https://fbref.com/en/players/0fb8146e/Persis-Oteng","Frauen Bundesliga","https://fbref.com/en/comps/183/Frauen-Bundesliga-Stats","passing_types"
"2025-2026","RB Leipzig","Frauen-Bundesliga","Kyra Spitzner","GER","DF","20-217",0.2,6,6,0,0,0,0,0,0,0,0,0,0,5,0,1,"https://fbref.com/en/players/fb0d8904/Kyra-Spitzner","Frauen Bundesliga","https://fbref.com/en/comps/183/Frauen-Bundesliga-Stats","passing_types"
"2025-2026","RB Leipzig","Frauen-Bundesliga","Luca Maria Graf","GER","FW","26-221",0,0,0,0,0,0,0,0,0,0,0,0,0,0,0,0,"https://fbref.com/en/players/571efbd6/Luca-Maria-Graf","Frauen Bundesliga","https://fbref.com/en/comps/183/Frauen-Bundesliga-Stats","passing_types"
"2025-2026","Hamburger SV","Frauen-Bundesliga","Melanie Brunnthaler","AUT","FW","25-028",7,144,132,12,2,0,0,3,0,0,0,0,0,94,0,8,"https://fbref.com/en/players/0a63b53a/Melanie-Brunnthaler","Frauen Bundesliga","https://fbref.com/en/comps/183/Frauen-Bundesliga-Stats","passing_types"
"2025-2026","Hamburger SV","Frauen-Bundesliga","Svea Stoldt","GER","DF","19-327",7,202,168,34,21,0,0,12,4,8,5,3,0,134,0,4,"https://fbref.com/en/players/5b400501/Svea-Stoldt","Frauen Bundesliga","https://fbref.com/en/comps/183/Frauen-Bundesliga-Stats","passing_types"
"2025-2026","Hamburger SV","Frauen-Bundesliga","Leni Marie Eggert","GER","DF","17-112",7,312,201,111,0,0,0,24,111,0,0,0,0,155,0,20,"https://fbref.com/en/players/5698d1c9/Leni-Marie-Eggert","Frauen Bundesliga","https://fbref.com/en/comps/183/Frauen-Bundesliga-Stats","passing_types"
"2025-2026","Hamburger SV","Frauen-Bundesliga","Pauline Machtens","GER","MF","23-120",5.5,158,146,9,6,0,0,2,0,0,0,0,0,90,3,5,"https://fbref.com/en/players/e4687714/Pauline-Machtens","Frauen Bundesliga","https://fbref.com/en/comps/183/Frauen-Bundesliga-Stats","passing_types"
"2025-2026","Hamburger SV","Frauen-Bundesliga","Sophie Hillebrand","AUT","FW,MF","23-275",4.9,90,85,5,1,0,0,2,0,0,0,0,0,61,0,5,"https://fbref.com/en/players/c3f503a8/Sophie-Hillebrand","Frauen Bundesliga","https://fbref.com/en/comps/183/Frauen-Bundesliga-Stats","passing_types"
"2025-2026","Hamburger SV","Frauen-Bundesliga","Nina Räcke","GER","DF","24-039",6,159,144,14,12,0,2,3,2,0,0,0,0,114,1,2,"https://fbref.com/en/players/d0d2c2f8/Nina-Racke","Frauen Bundesliga","https://fbref.com/en/comps/183/Frauen-Bundesliga-Stats","passing_types"
"2025-2026","Hamburger SV","Frauen-Bundesliga","Mária Mikolajová","SVK","MF","26-135",4.8,138,124,13,5,0,0,10,3,3,1,2,0,83,1,4,"https://fbref.com/en/players/07ee8887/Maria-Mikolajova","Frauen Bundesliga","https://fbref.com/en/comps/183/Frauen-Bundesliga-Stats","passing_types"
"2025-2026","Hamburger SV","Frauen-Bundesliga","Emilia Hirche","GER","DF,FW","22-106",4.5,116,106,10,10,0,0,0,0,0,0,0,0,88,0,0,"https://fbref.com/en/players/60255644/Emilia-Hirche","Frauen Bundesliga","https://fbref.com/en/comps/183/Frauen-Bundesliga-Stats","passing_types"
"2025-2026","Hamburger SV","Frauen-Bundesliga","Jaqueline Donges","GER","DF","24-309",3.5,122,107,15,12,0,0,1,0,0,0,0,0,79,0,3,"https://fbref.com/en/players/60c2e7fe/Jaqueline-Donges","Frauen Bundesliga","https://fbref.com/en/comps/183/Frauen-Bundesliga-Stats","passing_types"
"2025-2026","Hamburger SV","Frauen-Bundesliga","Jobina Lahr","GER","DF","34-007",2.8,104,71,32,3,0,0,8,29,0,0,0,0,48,1,2,"https://fbref.com/en/players/368b0d80/Jobina-Lahr","Frauen Bundesliga","https://fbref.com/en/comps/183/Frauen-Bundesliga-Stats","passing_types"
"2025-2026","Hamburger SV","Frauen-Bundesliga","Lotta Wrede","GER","MF,DF","17-206",3.8,128,119,6,1,0,1,2,5,0,0,0,0,87,3,3,"https://fbref.com/en/players/8af3538b/Lotta-Wrede","Frauen Bundesliga","https://fbref.com/en/comps/183/Frauen-Bundesliga-Stats","passing_types"
"2025-2026","Hamburger SV","Frauen-Bundesliga","Annaleen Böhler","GER","DF","20-100",3.3,132,79,53,2,0,0,2,51,0,0,0,0,84,0,5,"https://fbref.com/en/players/801f23e0/Annaleen-Bohler","Frauen Bundesliga","https://fbref.com/en/comps/183/Frauen-Bundesliga-Stats","passing_types"
"2025-2026","Hamburger SV","Frauen-Bundesliga","Inga Schuldt","GER","GK","28-208",3,94,59,34,9,0,0,0,0,0,0,0,0,55,1,0,"https://fbref.com/en/players/3151a778/Inga-Schuldt","Frauen Bundesliga","https://fbref.com/en/comps/183/Frauen-Bundesliga-Stats","passing_types"
"2025-2026","Hamburger SV","Frauen-Bundesliga","Larissa Haidner","AUT","GK","20-222",2.7,91,51,39,12,0,0,0,0,0,0,0,0,48,1,0,"https://fbref.com/en/players/257050d3/Larissa-Haidner","Frauen Bundesliga","https://fbref.com/en/comps/183/Frauen-Bundesliga-Stats","passing_types"
"2025-2026","Hamburger SV","Frauen-Bundesliga","Mia Büchele","GER","MF,DF","22-019",2.2,74,65,9,5,0,0,10,1,3,1,2,0,42,0,4,"https://fbref.com/en/players/762fd610/Mia-Buchele","Frauen Bundesliga","https://fbref.com/en/comps/183/Frauen-Bundesliga-Stats","passing_types"
"2025-2026","Hamburger SV","Frauen-Bundesliga","Laura Sieger","GER","GK","25-250",1.3,36,21,15,7,0,0,0,0,0,0,0,0,16,0,0,"https://fbref.com/en/players/90177ab1/Laura-Sieger","Frauen Bundesliga","https://fbref.com/en/comps/183/Frauen-Bundesliga-Stats","passing_types"
"2025-2026","Hamburger SV","Frauen-Bundesliga","Christin Meyer","GER","MF,FW","25-012",3,74,70,4,0,0,0,7,1,1,1,0,0,33,0,8,"https://fbref.com/en/players/5de1a331/Christin-Meyer","Frauen Bundesliga","https://fbref.com/en/comps/183/Frauen-Bundesliga-Stats","passing_types"
"2025-2026","Hamburger SV","Frauen-Bundesliga","Victoria Schulz","GER","MF,FW","27-349",2.6,81,63,17,8,1,1,12,0,7,5,1,0,49,1,1,"https://fbref.com/en/players/12fddac2/Victoria-Schulz","Frauen Bundesliga","https://fbref.com/en/comps/183/Frauen-Bundesliga-Stats","passing_types"
"2025-2026","Hamburger SV","Frauen-Bundesliga","Viktoria Schwalm","GER","FW,MF","27-321",1.3,38,37,1,0,0,0,4,1,0,0,0,0,19,0,2,"https://fbref.com/en/players/109cdc0e/Viktoria-Schwalm","Frauen Bundesliga","https://fbref.com/en/comps/183/Frauen-Bundesliga-Stats","passing_types"
"2025-2026","Hamburger SV","Frauen-Bundesliga","Annalena Wucher","AUT","DF,FW","26-143",0.5,18,9,9,0,0,0,0,9,0,0,0,0,9,0,3,"https://fbref.com/en/players/e95a092a/Annalena-Wucher","Frauen Bundesliga","https://fbref.com/en/comps/183/Frauen-Bundesliga-Stats","passing_types"
"2025-2026","Hamburger SV","Frauen-Bundesliga","Vildan Kardesler","GER","MF","27-244",0.2,7,7,0,0,0,0,2,0,0,0,0,0,3,0,1,"https://fbref.com/en/players/0836fac5/Vildan-Kardesler","Frauen Bundesliga","https://fbref.com/en/comps/183/Frauen-Bundesliga-Stats","passing_types"
"2025-2026","Hamburger SV","Frauen-Bundesliga","Almudena Sierra","FRA","FW","18-182",0,3,2,1,1,0,0,1,0,0,0,0,0,1,0,0,"https://fbref.com/en/players/dfaf8c97/Almudena-Sierra","Frauen Bundesliga","https://fbref.com/en/comps/183/Frauen-Bundesliga-Stats","passing_types"
"2025-2026","Hamburger SV","Frauen-Bundesliga","Sophie Profé","GER","DF","22-180",0,3,3,0,0,0,0,1,0,0,0,0,0,2,0,0,"https://fbref.com/en/players/3fbda4cf/Sophie-Profe","Frauen Bundesliga","https://fbref.com/en/comps/183/Frauen-Bundesliga-Stats","passing_types"
"2025-2026","Carl-Zeiss Jena","Frauen-Bundesliga","Toma Ihlenburg","GER","DF","22-326",7,293,213,79,25,0,3,1,2,0,0,0,0,237,1,2,"https://fbref.com/en/players/284f0c28/Toma-Ihlenburg","Frauen Bundesliga","https://fbref.com/en/comps/183/Frauen-Bundesliga-Stats","passing_types"
"2025-2026","Carl-Zeiss Jena","Frauen-Bundesliga","Josephine Bonsu","GHA","DF","26-067",6.7,233,198,33,1,0,0,6,30,1,0,0,0,138,2,9,"https://fbref.com/en/players/859f40d8/Josephine-Bonsu","Frauen Bundesliga","https://fbref.com/en/comps/183/Frauen-Bundesliga-Stats","passing_types"
"2025-2026","Carl-Zeiss Jena","Frauen-Bundesliga","Isabella Jaron","GER","FW,MF","23-275",6.5,139,107,32,11,1,3,13,8,5,3,1,0,96,0,4,"https://fbref.com/en/players/27204b59/Isabella-Jaron","Frauen Bundesliga","https://fbref.com/en/comps/183/Frauen-Bundesliga-Stats","passing_types"
"2025-2026","Carl-Zeiss Jena","Frauen-Bundesliga","Felicia Sophie Sträßer","GER","DF","17-314",6.5,243,182,60,3,0,0,2,52,0,0,0,0,148,1,7,"https://fbref.com/en/players/f32b2b51/Felicia-Sophie-Strasser","Frauen Bundesliga","https://fbref.com/en/comps/183/Frauen-Bundesliga-Stats","passing_types"
"2025-2026","Carl-Zeiss Jena","Frauen-Bundesliga","Noemi Gentile","GER","MF,FW","25-185",6.3,177,167,10,5,0,0,5,3,0,0,0,0,115,0,6,"https://fbref.com/en/players/bcfe3ce4/Noemi-Gentile","Frauen Bundesliga","https://fbref.com/en/comps/183/Frauen-Bundesliga-Stats","passing_types"
"2025-2026","Carl-Zeiss Jena","Frauen-Bundesliga","Stefanie Schmid","GER","DF","20-032",6.3,279,210,67,5,0,0,9,52,6,6,0,0,199,2,5,"https://fbref.com/en/players/48fb9ed5/Stefanie-Schmid","Frauen Bundesliga","https://fbref.com/en/comps/183/Frauen-Bundesliga-Stats","passing_types"
"2025-2026","Carl-Zeiss Jena","Frauen-Bundesliga","Nelly Juckel","GER","DF,MF","23-256",6.1,162,128,33,3,0,0,7,30,0,0,0,0,90,1,7,"https://fbref.com/en/players/0573d823/Nelly-Juckel","Frauen Bundesliga","https://fbref.com/en/comps/183/Frauen-Bundesliga-Stats","passing_types"
"2025-2026","Carl-Zeiss Jena","Frauen-Bundesliga","Hannah Etzold","GER","GK","20-196",6,198,161,37,12,0,0,0,0,0,0,0,0,119,0,0,"https://fbref.com/en/players/636e368e/Hannah-Etzold","Frauen Bundesliga","https://fbref.com/en/comps/183/Frauen-Bundesliga-Stats","passing_types"
"2025-2026","Carl-Zeiss Jena","Frauen-Bundesliga","Rieke Tietz","GER","FW","23-231",5.6,89,79,9,0,0,0,2,1,0,0,0,0,55,1,4,"https://fbref.com/en/players/f3e42d2e/Rieke-Tietz","Frauen Bundesliga","https://fbref.com/en/comps/183/Frauen-Bundesliga-Stats","passing_types"
"2025-2026","Carl-Zeiss Jena","Frauen-Bundesliga","Lisa Gora","GER","MF,DF","21-238",4.3,133,121,11,2,0,0,2,9,0,0,0,0,81,1,3,"https://fbref.com/en/players/e4e4f1c0/Lisa-Gora","Frauen Bundesliga","https://fbref.com/en/comps/183/Frauen-Bundesliga-Stats","passing_types"
"2025-2026","Carl-Zeiss Jena","Frauen-Bundesliga","Emily Reske","GER","MF","20-216",4.3,90,88,2,1,0,0,1,1,0,0,0,0,56,0,4,"https://fbref.com/en/players/df742823/Emily-Reske","Frauen Bundesliga","https://fbref.com/en/comps/183/Frauen-Bundesliga-Stats","passing_types"
"2025-2026","Carl-Zeiss Jena","Frauen-Bundesliga","Nike Herrmann","GER","MF","23-210",2.7,91,90,1,0,0,0,1,1,0,0,0,0,71,0,6,"https://fbref.com/en/players/6e067c8e/Nike-Herrmann","Frauen Bundesliga","https://fbref.com/en/comps/183/Frauen-Bundesliga-Stats","passing_types"
"2025-2026","Carl-Zeiss Jena","Frauen-Bundesliga","Merza Julević","GER","MF","35-192",2,48,45,3,1,0,1,1,0,0,0,0,0,34,0,0,"https://fbref.com/en/players/55229ecf/Merza-Julevic","Frauen Bundesliga","https://fbref.com/en/comps/183/Frauen-Bundesliga-Stats","passing_types"
"2025-2026","Carl-Zeiss Jena","Frauen-Bundesliga","Elena Mühlemann","SUI","MF,FW","22-075",1.8,66,63,2,1,0,0,1,1,0,0,0,0,42,1,1,"https://fbref.com/en/players/917afc8a/Elena-Muhlemann","Frauen Bundesliga","https://fbref.com/en/comps/183/Frauen-Bundesliga-Stats","passing_types"
"2025-2026","Carl-Zeiss Jena","Frauen-Bundesliga","Jasmin Janning","GER","GK","20-162",1,47,43,4,1,0,0,0,0,0,0,0,0,37,0,0,"https://fbref.com/en/players/12874514/Jasmin-Janning","Frauen Bundesliga","https://fbref.com/en/comps/183/Frauen-Bundesliga-Stats","passing_types"
"2025-2026","Carl-Zeiss Jena","Frauen-Bundesliga","Melina Reuter","GER","FW,MF","19-310",0.9,21,20,0,0,0,0,2,0,0,0,0,0,15,1,1,"https://fbref.com/en/players/9ddd2e09/Melina-Reuter","Frauen Bundesliga","https://fbref.com/en/comps/183/Frauen-Bundesliga-Stats","passing_types"
"2025-2026","Carl-Zeiss Jena","Frauen-Bundesliga","Bente Fischer","GER","DF","22-333",0.5,19,7,11,0,0,0,1,8,1,1,0,0,12,1,0,"https://fbref.com/en/players/66834f26/Bente-Fischer","Frauen Bundesliga","https://fbref.com/en/comps/183/Frauen-Bundesliga-Stats","passing_types"
"2025-2026","Carl-Zeiss Jena","Frauen-Bundesliga","Anna Margraf","AUS","FW,MF","24-172",1.4,18,13,5,2,0,0,3,0,0,0,0,0,12,0,1,"https://fbref.com/en/players/53836ede/Anna-Margraf","Frauen Bundesliga","https://fbref.com/en/comps/183/Frauen-Bundesliga-Stats","passing_types"
"2025-2026","Carl-Zeiss Jena","Frauen-Bundesliga","Suya Haering","NZL","DF,MF","20-115",0.9,18,16,2,0,0,0,1,2,0,0,0,0,8,0,0,"https://fbref.com/en/players/ebfc08fe/Suya-Haering","Frauen Bundesliga","https://fbref.com/en/comps/183/Frauen-Bundesliga-Stats","passing_types"
"2025-2026","Essen","Frauen-Bundesliga","Lena Ostermeier","GER","DF","29-025",7,408,314,93,4,0,3,11,87,2,2,0,0,295,1,6,"https://fbref.com/en/players/4e673b2e/Lena-Ostermeier","Frauen Bundesliga","https://fbref.com/en/comps/183/Frauen-Bundesliga-Stats","passing_types"
"2025-2026","Essen","Frauen-Bundesliga","Vanessa Furst","GER","DF,MF","24-000",7,330,288,42,12,0,1,2,24,0,0,0,0,274,0,4,"https://fbref.com/en/players/8ad8b4b4/Vanessa-Furst","Frauen Bundesliga","https://fbref.com/en/comps/183/Frauen-Bundesliga-Stats","passing_types"
"2025-2026","Essen","Frauen-Bundesliga","Ramona Maier","GER","FW,MF","30-037",6.8,132,112,19,0,0,1,8,4,0,0,0,0,86,1,7,"https://fbref.com/en/players/7f2c8da2/Ramona-Maier","Frauen Bundesliga","https://fbref.com/en/comps/183/Frauen-Bundesliga-Stats","passing_types"
"2025-2026","Essen","Frauen-Bundesliga","Jacqueline Klasen","GER","DF","31-264",6.6,351,316,32,14,0,0,5,17,0,0,0,0,237,3,6,"https://fbref.com/en/players/51532c67/Jacqueline-Klasen","Frauen Bundesliga","https://fbref.com/en/comps/183/Frauen-Bundesliga-Stats","passing_types"
"2025-2026","Essen","Frauen-Bundesliga","Paula Flach","GER","DF","22-177",6.3,295,224,71,6,0,1,15,63,2,2,0,0,196,0,7,"https://fbref.com/en/players/66605f59/Paula-Flach","Frauen Bundesliga","https://fbref.com/en/comps/183/Frauen-Bundesliga-Stats","passing_types"
"2025-2026","Essen","Frauen-Bundesliga","Laureta Elmazi","GER","FW,MF","22-122",6.1,123,110,12,0,0,0,9,2,0,0,0,0,91,1,1,"https://fbref.com/en/players/8b4050bb/Laureta-Elmazi","Frauen Bundesliga","https://fbref.com/en/comps/183/Frauen-Bundesliga-Stats","passing_types"
"2025-2026","Essen","Frauen-Bundesliga","Jana Feldkamp","GER","MF","27-225",5.8,272,253,18,9,0,2,11,2,7,3,3,1,204,1,1,"https://fbref.com/en/players/11bb564b/Jana-Feldkamp","Frauen Bundesliga","https://fbref.com/en/comps/183/Frauen-Bundesliga-Stats","passing_types"
"2025-2026","Essen","Frauen-Bundesliga","Kim Sindermann","GER","GK","24-298",5,192,143,48,13,0,0,0,0,0,0,0,0,153,1,0,"https://fbref.com/en/players/a931eea3/Kim-Sindermann","Frauen Bundesliga","https://fbref.com/en/comps/183/Frauen-Bundesliga-Stats","passing_types"
"2025-2026","Essen","Frauen-Bundesliga","Shari Van Belle","BEL","MF,FW","25-308",4.4,103,99,1,0,0,0,1,0,0,0,0,0,75,3,3,"https://fbref.com/en/players/1bb31d9a/Shari-Van-Belle","Frauen Bundesliga","https://fbref.com/en/comps/183/Frauen-Bundesliga-Stats","passing_types"
"2025-2026","Essen","Frauen-Bundesliga","Natasha Kowalski","GER","MF,DF","22-136",3.7,129,112,17,7,0,0,18,2,8,4,4,0,75,0,3,"https://fbref.com/en/players/2fffa5fc/Natasha-Kowalski","Frauen Bundesliga","https://fbref.com/en/comps/183/Frauen-Bundesliga-Stats","passing_types"
"2025-2026","Essen","Frauen-Bundesliga","Paulina Platner","GER","MF","19-344",3,128,118,10,8,0,0,2,1,0,0,0,0,74,0,4,"https://fbref.com/en/players/2a25cabb/Paulina-Platner","Frauen Bundesliga","https://fbref.com/en/comps/183/Frauen-Bundesliga-Stats","passing_types"
"2025-2026","Essen","Frauen-Bundesliga","Maike Berentzen","GER","FW,MF","28-258",2.7,88,86,2,1,0,1,9,1,0,0,0,0,46,0,3,"https://fbref.com/en/players/62828f6a/Maike-Berentzen","Frauen Bundesliga","https://fbref.com/en/comps/183/Frauen-Bundesliga-Stats","passing_types"
"2025-2026","Essen","Frauen-Bundesliga","Kassandra Potsi","GER","FW","",2.6,62,55,6,2,0,0,7,0,3,3,0,0,43,1,0,"https://fbref.com/en/players/8a123937/Kassandra-Potsi","Frauen Bundesliga","https://fbref.com/en/comps/183/Frauen-Bundesliga-Stats","passing_types"
"2025-2026","Essen","Frauen-Bundesliga","Laura Pucks","GER","DF,FW","21-208",2.6,137,123,14,2,0,1,0,3,0,0,0,0,112,0,5,"https://fbref.com/en/players/ca1437fa/Laura-Pucks","Frauen Bundesliga","https://fbref.com/en/comps/183/Frauen-Bundesliga-Stats","passing_types"
"2025-2026","Essen","Frauen-Bundesliga","Luisa Palmen","GER","GK","23-264",2,71,50,21,7,0,0,0,0,0,0,0,0,54,0,0,"https://fbref.com/en/players/2be5425a/Luisa-Palmen","Frauen Bundesliga","https://fbref.com/en/comps/183/Frauen-Bundesliga-Stats","passing_types"
"2025-2026","Essen","Frauen-Bundesliga","Julia Debitzki","GER","MF,DF","34-123",1.7,81,75,5,5,0,0,3,0,0,0,0,0,47,1,1,"https://fbref.com/en/players/984d8a46/Julia-Debitzki","Frauen Bundesliga","https://fbref.com/en/comps/183/Frauen-Bundesliga-Stats","passing_types"
"2025-2026","Essen","Frauen-Bundesliga","Leonie Köpp","GER","MF,FW","18-196",3.1,87,83,4,0,0,0,9,4,0,0,0,0,48,0,5,"https://fbref.com/en/players/0f813d65/Leonie-Kopp","Frauen Bundesliga","https://fbref.com/en/comps/183/Frauen-Bundesliga-Stats","passing_types"
"2025-2026","Essen","Frauen-Bundesliga","Beke Sterner","GER","MF","22-246",0.1,1,1,0,0,0,0,0,0,0,0,0,0,0,0,0,"https://fbref.com/en/players/b8894d39/Beke-Sterner","Frauen Bundesliga","https://fbref.com/en/comps/183/Frauen-Bundesliga-Stats","passing_types"
"2025-2026","Essen","Frauen-Bundesliga","Lany Bäcker","GER","MF,FW","17-234",0.4,17,17,0,0,0,0,0,0,0,0,0,0,11,0,2,"https://fbref.com/en/players/e9517443/Lany-Backer","Frauen Bundesliga","https://fbref.com/en/comps/183/Frauen-Bundesliga-Stats","passing_types"
"2025-2026","Essen","Frauen-Bundesliga","Lucy Minne","GER","FW","17-153",0.1,2,2,0,0,0,0,0,0,0,0,0,0,1,0,1,"https://fbref.com/en/players/6d4928ae/Lucy-Minne","Frauen Bundesliga","https://fbref.com/en/comps/183/Frauen-Bundesliga-Stats","passing_types"
