"Season","Squad","Comp","Player","Nation","Pos","Age","Mins_Per_90","SCA_SCA","SCA90_SCA","PassLive_SCA_Types","PassDead_SCA_Types","TO_SCA_Types","Sh_SCA_Types","Fld_SCA_Types","Def_SCA_Types","GCA_GCA","GCA90_GCA","PassLive_GCA_Types","PassDead_GCA_Types","TO_GCA_Types","Sh_GCA_Types","Fld_GCA_Types","Def_GCA_Types","PlayerURL","LeagueName","LeagueURL","StatType"
"2025-2026","Bayern Munich","Frauen-Bundesliga","Klara Bühl","GER","FW","24-311",5.5,49,8.91,32,10,3,3,1,0,8,1.45,4,3,1,0,0,0,"https://fbref.com/en/players/4d0c6dc5/Klara-Buhl","Frauen Bundesliga","https://fbref.com/en/comps/183/Frauen-Bundesliga-Stats","gca"
"2025-2026","Bayern Munich","Frauen-Bundesliga","Georgia Stanway","ENG","MF","26-284",5.2,23,4.44,20,0,0,2,0,1,4,0.77,3,0,0,1,0,0,"https://fbref.com/en/players/89c43b54/Georgia-Stanway","Frauen Bundesliga","https://fbref.com/en/comps/183/Frauen-Bundesliga-Stats","gca"
"2025-2026","Bayern Munich","Frauen-Bundesliga","Ena Mahmutovic","GER","GK","21-295",5,0,0,0,0,0,0,0,0,0,0,0,0,0,0,0,0,"https://fbref.com/en/players/a184766b/Ena-Mahmutovic","Frauen Bundesliga","https://fbref.com/en/comps/183/Frauen-Bundesliga-Stats","gca"
"2025-2026","Bayern Munich","Frauen-Bundesliga","Franziska Kett","GER","DF","20-355",4.6,13,2.84,9,0,3,1,0,0,0,0,0,0,0,0,0,0,"https://fbref.com/en/players/72d8e7b3/Franziska-Kett","Frauen Bundesliga","https://fbref.com/en/comps/183/Frauen-Bundesliga-Stats","gca"
"2025-2026","Bayern Munich","Frauen-Bundesliga","Momoko Tanikawa","JPN","MF,FW","20-160",4.4,18,4.07,11,1,4,2,0,0,1,0.23,1,0,0,0,0,0,"https://fbref.com/en/players/2a013ecf/Momoko-Tanikawa","Frauen Bundesliga","https://fbref.com/en/comps/183/Frauen-Bundesliga-Stats","gca"
"2025-2026","Bayern Munich","Frauen-Bundesliga","Pernille Harder","DEN","FW,MF","32-333",4.1,12,2.93,8,0,1,2,1,0,2,0.49,1,0,0,1,0,0,"https://fbref.com/en/players/363b99a4/Pernille-Harder","Frauen Bundesliga","https://fbref.com/en/comps/183/Frauen-Bundesliga-Stats","gca"
"2025-2026","Bayern Munich","Frauen-Bundesliga","Carolin Simon","GER","DF","32-324",3.4,21,6.14,13,6,0,1,0,1,1,0.29,0,1,0,0,0,0,"https://fbref.com/en/players/aaf0780f/Carolin-Simon","Frauen Bundesliga","https://fbref.com/en/comps/183/Frauen-Bundesliga-Stats","gca"
"2025-2026","Bayern Munich","Frauen-Bundesliga","Vanessa Gilles","CAN","DF","29-217",3.5,4,1.14,4,0,0,0,0,0,1,0.29,1,0,0,0,0,0,"https://fbref.com/en/players/a179cd70/Vanessa-Gilles","Frauen Bundesliga","https://fbref.com/en/comps/183/Frauen-Bundesliga-Stats","gca"
"2025-2026","Bayern Munich","Frauen-Bundesliga","Glódís Perla Viggósdóttir","ISL","DF","30-109",2.9,5,1.75,4,0,0,1,0,0,1,0.35,1,0,0,0,0,0,"https://fbref.com/en/players/ab0e7355/Glodis-Perla-Viggosdottir","Frauen Bundesliga","https://fbref.com/en/comps/183/Frauen-Bundesliga-Stats","gca"
"2025-2026","Bayern Munich","Frauen-Bundesliga","Stine Ballisager Pedersen","DEN","DF","31-284",2.8,3,1.06,3,0,0,0,0,0,0,0,0,0,0,0,0,0,"https://fbref.com/en/players/41880331/Stine-Ballisager-Pedersen","Frauen Bundesliga","https://fbref.com/en/comps/183/Frauen-Bundesliga-Stats","gca"
"2025-2026","Bayern Munich","Frauen-Bundesliga","Arianna Caruso","ITA","MF,FW","25-342",2.8,7,2.51,7,0,0,0,0,0,1,0.36,1,0,0,0,0,0,"https://fbref.com/en/players/d83b882b/Arianna-Caruso","Frauen Bundesliga","https://fbref.com/en/comps/183/Frauen-Bundesliga-Stats","gca"
"2025-2026","Bayern Munich","Frauen-Bundesliga","Linda Dallmann","GER","FW,MF","31-042",2.8,5,1.8,5,0,0,0,0,0,1,0.36,1,0,0,0,0,0,"https://fbref.com/en/players/5a20e7f0/Linda-Dallmann","Frauen Bundesliga","https://fbref.com/en/comps/183/Frauen-Bundesliga-Stats","gca"
"2025-2026","Bayern Munich","Frauen-Bundesliga","Jovana Damnjanović","SRB","FW","30-324",2.6,7,2.68,3,0,1,1,2,0,3,1.15,1,0,1,0,1,0,"https://fbref.com/en/players/74a216cf/Jovana-Damnjanovic","Frauen Bundesliga","https://fbref.com/en/comps/183/Frauen-Bundesliga-Stats","gca"
"2025-2026","Bayern Munich","Frauen-Bundesliga","Sarah Zadrazil","AUT","MF","32-237",2.4,7,2.89,7,0,0,0,0,0,0,0,0,0,0,0,0,0,"https://fbref.com/en/players/45ffafbf/Sarah-Zadrazil","Frauen Bundesliga","https://fbref.com/en/comps/183/Frauen-Bundesliga-Stats","gca"
"2025-2026","Bayern Munich","Frauen-Bundesliga","Lena Oberdorf","GER","MF","23-299",2.4,8,3.33,7,0,0,0,1,0,1,0.42,1,0,0,0,0,0,"https://fbref.com/en/players/74a0529b/Lena-Oberdorf","Frauen Bundesliga","https://fbref.com/en/comps/183/Frauen-Bundesliga-Stats","gca"
"2025-2026","Bayern Munich","Frauen-Bundesliga","Lea Schüller","GER","FW,MF","27-336",2.3,7,3,5,0,1,1,0,0,2,0.86,2,0,0,0,0,0,"https://fbref.com/en/players/4528b262/Lea-Schuller","Frauen Bundesliga","https://fbref.com/en/comps/183/Frauen-Bundesliga-Stats","gca"
"2025-2026","Bayern Munich","Frauen-Bundesliga","Tuva Hansen","NOR","DF","28-071",2.1,4,1.91,3,0,0,1,0,0,0,0,0,0,0,0,0,0,"https://fbref.com/en/players/3ec11922/Tuva-Hansen","Frauen Bundesliga","https://fbref.com/en/comps/183/Frauen-Bundesliga-Stats","gca"
"2025-2026","Bayern Munich","Frauen-Bundesliga","Magdalena Eriksson","SWE","DF","32-036",2,4,2.05,3,0,0,1,0,0,1,0.51,1,0,0,0,0,0,"https://fbref.com/en/players/bb454bb1/Magdalena-Eriksson","Frauen Bundesliga","https://fbref.com/en/comps/183/Frauen-Bundesliga-Stats","gca"
"2025-2026","Bayern Munich","Frauen-Bundesliga","Alara Sehitler","GER","MF,FW","18-321",1.5,4,2.59,3,0,1,0,0,0,1,0.65,0,0,1,0,0,0,"https://fbref.com/en/players/70c9b883/Alara-Sehitler","Frauen Bundesliga","https://fbref.com/en/comps/183/Frauen-Bundesliga-Stats","gca"
"2025-2026","Bayern Munich","Frauen-Bundesliga","Giulia Gwinn","GER","DF","26-104",1.5,4,2.73,4,0,0,0,0,0,2,1.36,2,0,0,0,0,0,"https://fbref.com/en/players/36cccedb/Giulia-Gwinn","Frauen Bundesliga","https://fbref.com/en/comps/183/Frauen-Bundesliga-Stats","gca"
"2025-2026","Bayern Munich","Frauen-Bundesliga","Katharina Naschenweng","AUT","DF","27-302",1.2,4,3.27,3,1,0,0,0,0,0,0,0,0,0,0,0,0,"https://fbref.com/en/players/ea029c1b/Katharina-Naschenweng","Frauen Bundesliga","https://fbref.com/en/comps/183/Frauen-Bundesliga-Stats","gca"
"2025-2026","Bayern Munich","Frauen-Bundesliga","Maria-Luisa Grohs","GER","GK","24-123",1,1,1,1,0,0,0,0,0,0,0,0,0,0,0,0,0,"https://fbref.com/en/players/3668e21b/Maria-Luisa-Grohs","Frauen Bundesliga","https://fbref.com/en/comps/183/Frauen-Bundesliga-Stats","gca"
"2025-2026","Wolfsburg","Frauen-Bundesliga","Stina Johannes","GER","GK","25-264",6,2,0.33,0,2,0,0,0,0,1,0.17,0,1,0,0,0,0,"https://fbref.com/en/players/d8f1def3/Stina-Johannes","Frauen Bundesliga","https://fbref.com/en/comps/183/Frauen-Bundesliga-Stats","gca"
"2025-2026","Wolfsburg","Frauen-Bundesliga","Janina Minge","GER","MF","26-125",6,16,2.67,15,0,0,0,1,0,2,0.33,2,0,0,0,0,0,"https://fbref.com/en/players/7c63ff02/Janina-Minge","Frauen Bundesliga","https://fbref.com/en/comps/183/Frauen-Bundesliga-Stats","gca"
"2025-2026","Wolfsburg","Frauen-Bundesliga","Alexandra Popp","GER","MF,FW","34-191",5.6,17,3.04,14,0,0,1,2,0,5,0.89,4,0,0,1,0,0,"https://fbref.com/en/players/655e7bd0/Alexandra-Popp","Frauen Bundesliga","https://fbref.com/en/comps/183/Frauen-Bundesliga-Stats","gca"
"2025-2026","Wolfsburg","Frauen-Bundesliga","Janou Levels","NED","DF","24-349",5.5,28,5.1,18,6,2,0,1,1,5,0.91,2,1,1,0,0,1,"https://fbref.com/en/players/063d4d11/Janou-Levels","Frauen Bundesliga","https://fbref.com/en/comps/183/Frauen-Bundesliga-Stats","gca"
"2025-2026","Wolfsburg","Frauen-Bundesliga","Joelle Wedemeyer","GER","DF","29-063",4.8,10,2.06,7,3,0,0,0,0,0,0,0,0,0,0,0,0,"https://fbref.com/en/players/2e03aaa7/Joelle-Wedemeyer","Frauen Bundesliga","https://fbref.com/en/comps/183/Frauen-Bundesliga-Stats","gca"
"2025-2026","Wolfsburg","Frauen-Bundesliga","Camilla Küver","GER","DF","22-126",5,9,1.8,6,2,0,1,0,0,0,0,0,0,0,0,0,0,"https://fbref.com/en/players/63b899d4/Camilla-Kuver","Frauen Bundesliga","https://fbref.com/en/comps/183/Frauen-Bundesliga-Stats","gca"
"2025-2026","Wolfsburg","Frauen-Bundesliga","Svenja Huth","GER","FW,MF","34-262",5,37,7.59,26,7,2,1,0,1,4,0.82,3,0,1,0,0,0,"https://fbref.com/en/players/8b5f141c/Svenja-Huth","Frauen Bundesliga","https://fbref.com/en/comps/183/Frauen-Bundesliga-Stats","gca"
"2025-2026","Wolfsburg","Frauen-Bundesliga","Caitlin Dijkstra","NED","DF","26-257",4.8,2,0.42,2,0,0,0,0,0,0,0,0,0,0,0,0,0,"https://fbref.com/en/players/29429b4b/Caitlin-Dijkstra","Frauen Bundesliga","https://fbref.com/en/comps/183/Frauen-Bundesliga-Stats","gca"
"2025-2026","Wolfsburg","Frauen-Bundesliga","Cora Zical","GER","FW","20-319",4.2,14,3.32,10,0,1,2,0,1,0,0,0,0,0,0,0,0,"https://fbref.com/en/players/7b88d1f0/Cora-Zical","Frauen Bundesliga","https://fbref.com/en/comps/183/Frauen-Bundesliga-Stats","gca"
"2025-2026","Wolfsburg","Frauen-Bundesliga","Ella Inez Peddemors","NED","MF,DF","23-069",4.4,20,4.56,13,1,2,1,1,2,5,1.14,4,0,0,0,0,1,"https://fbref.com/en/players/fc47f599/Ella-Inez-Peddemors","Frauen Bundesliga","https://fbref.com/en/comps/183/Frauen-Bundesliga-Stats","gca"
"2025-2026","Wolfsburg","Frauen-Bundesliga","Justine Kielland","NOR","MF,FW","22-326",3.5,22,6.27,14,1,0,3,1,3,4,1.14,3,0,0,1,0,0,"https://fbref.com/en/players/b7fb0749/Justine-Kielland","Frauen Bundesliga","https://fbref.com/en/comps/183/Frauen-Bundesliga-Stats","gca"
"2025-2026","Wolfsburg","Frauen-Bundesliga","Lineth Beerensteyn","NED","FW","29-003",3,5,1.67,0,0,2,1,2,0,3,1,0,0,1,0,2,0,"https://fbref.com/en/players/40ecae9f/Lineth-Beerensteyn","Frauen Bundesliga","https://fbref.com/en/comps/183/Frauen-Bundesliga-Stats","gca"
"2025-2026","Wolfsburg","Frauen-Bundesliga","Vivien Endemann","GER","FW","24-068",2.8,8,2.89,8,0,0,0,0,0,3,1.08,3,0,0,0,0,0,"https://fbref.com/en/players/e602c142/Vivien-Endemann","Frauen Bundesliga","https://fbref.com/en/comps/183/Frauen-Bundesliga-Stats","gca"
"2025-2026","Wolfsburg","Frauen-Bundesliga","Sarai Linder","GER","DF","25-353",1.8,3,1.66,2,1,0,0,0,0,0,0,0,0,0,0,0,0,"https://fbref.com/en/players/bedec045/Sarai-Linder","Frauen Bundesliga","https://fbref.com/en/comps/183/Frauen-Bundesliga-Stats","gca"
"2025-2026","Wolfsburg","Frauen-Bundesliga","Kessya Bussy","FRA","FW","24-117",1.8,6,3.35,4,0,0,2,0,0,1,0.56,1,0,0,0,0,0,"https://fbref.com/en/players/fa205073/Kessya-Bussy","Frauen Bundesliga","https://fbref.com/en/comps/183/Frauen-Bundesliga-Stats","gca"
"2025-2026","Wolfsburg","Frauen-Bundesliga","Smilla Vallotto","SUI","FW","21-205",0.7,2,3.05,2,0,0,0,0,0,0,0,0,0,0,0,0,0,"https://fbref.com/en/players/01105874/Smilla-Vallotto","Frauen Bundesliga","https://fbref.com/en/comps/183/Frauen-Bundesliga-Stats","gca"
"2025-2026","Wolfsburg","Frauen-Bundesliga","Judit Pujols","ESP","DF,FW","20-231",0.6,1,1.7,0,1,0,0,0,0,1,1.7,0,1,0,0,0,0,"https://fbref.com/en/players/0b0cd4d6/Judit-Pujols","Frauen Bundesliga","https://fbref.com/en/comps/183/Frauen-Bundesliga-Stats","gca"
"2025-2026","Wolfsburg","Frauen-Bundesliga","Thea Bjelde","NOR","DF,FW","25-131",0.3,1,2.25,1,0,0,0,0,0,0,0,0,0,0,0,0,0,"https://fbref.com/en/players/b1062904/Thea-Bjelde","Frauen Bundesliga","https://fbref.com/en/comps/183/Frauen-Bundesliga-Stats","gca"
"2025-2026","Wolfsburg","Frauen-Bundesliga","Guro Bergsvand","NOR","DF","31-225",0.2,0,0,0,0,0,0,0,0,0,0,0,0,0,0,0,0,"https://fbref.com/en/players/561230d9/Guro-Bergsvand","Frauen Bundesliga","https://fbref.com/en/comps/183/Frauen-Bundesliga-Stats","gca"
"2025-2026","Wolfsburg","Frauen-Bundesliga","Anny Kerim-Lindland","NOR","MF","18-207",0,0,0,0,0,0,0,0,0,0,0,0,0,0,0,0,0,"https://fbref.com/en/players/5ab9070d/Anny-Kerim-Lindland","Frauen Bundesliga","https://fbref.com/en/comps/183/Frauen-Bundesliga-Stats","gca"
"2025-2026","Freiburg","Frauen-Bundesliga","Laura Benkarth","GER","GK","33-000",6,4,0.67,4,0,0,0,0,0,0,0,0,0,0,0,0,0,"https://fbref.com/en/players/82c4f339/Laura-Benkarth","Frauen Bundesliga","https://fbref.com/en/comps/183/Frauen-Bundesliga-Stats","gca"
"2025-2026","Freiburg","Frauen-Bundesliga","Lisa Karl","GER","DF","28-272",6,15,2.5,8,2,3,1,0,1,3,0.5,1,0,1,0,0,1,"https://fbref.com/en/players/3ed2f636/Lisa-Karl","Frauen Bundesliga","https://fbref.com/en/comps/183/Frauen-Bundesliga-Stats","gca"
"2025-2026","Freiburg","Frauen-Bundesliga","Julia Stierli","SUI","DF","28-194",6,3,0.5,2,0,0,1,0,0,1,0.17,0,0,0,1,0,0,"https://fbref.com/en/players/3acf52f4/Julia-Stierli","Frauen Bundesliga","https://fbref.com/en/comps/183/Frauen-Bundesliga-Stats","gca"
"2025-2026","Freiburg","Frauen-Bundesliga","Meret Felde","GER","MF","26-096",5.7,13,2.29,11,0,1,1,0,0,0,0,0,0,0,0,0,0,"https://fbref.com/en/players/18c75eec/Meret-Felde","Frauen Bundesliga","https://fbref.com/en/comps/183/Frauen-Bundesliga-Stats","gca"
"2025-2026","Freiburg","Frauen-Bundesliga","Luca-Emily Birkholz","GER","FW","21-328",5,11,2.2,9,0,1,1,0,0,3,0.6,2,0,0,1,0,0,"https://fbref.com/en/players/8492e70b/Luca-Emily-Birkholz","Frauen Bundesliga","https://fbref.com/en/comps/183/Frauen-Bundesliga-Stats","gca"
"2025-2026","Freiburg","Frauen-Bundesliga","Nia Szenk","GER","DF","21-162",5.2,11,2.11,6,2,1,1,1,0,2,0.38,1,0,1,0,0,0,"https://fbref.com/en/players/72f9d4a7/Nia-Szenk","Frauen Bundesliga","https://fbref.com/en/comps/183/Frauen-Bundesliga-Stats","gca"
"2025-2026","Freiburg","Frauen-Bundesliga","Greta Stegemann","GER","DF","24-244",5.1,7,1.38,5,0,0,0,2,0,1,0.2,1,0,0,0,0,0,"https://fbref.com/en/players/45c1817c/Greta-Stegemann","Frauen Bundesliga","https://fbref.com/en/comps/183/Frauen-Bundesliga-Stats","gca"
"2025-2026","Freiburg","Frauen-Bundesliga","Sophie Nachtigall","GER","MF","21-244",4.3,8,1.87,8,0,0,0,0,0,2,0.47,2,0,0,0,0,0,"https://fbref.com/en/players/f24b9bf7/Sophie-Nachtigall","Frauen Bundesliga","https://fbref.com/en/comps/183/Frauen-Bundesliga-Stats","gca"
"2025-2026","Freiburg","Frauen-Bundesliga","Lisa Kolb","AUT","MF,FW","24-163",3.2,10,3.11,5,3,2,0,0,0,2,0.62,2,0,0,0,0,0,"https://fbref.com/en/players/1adffcd6/Lisa-Kolb","Frauen Bundesliga","https://fbref.com/en/comps/183/Frauen-Bundesliga-Stats","gca"
"2025-2026","Freiburg","Frauen-Bundesliga","Tessa Blumenberg","GER","FW","20-268",3,5,1.64,5,0,0,0,0,0,0,0,0,0,0,0,0,0,"https://fbref.com/en/players/e7ce33e7/Tessa-Blumenberg","Frauen Bundesliga","https://fbref.com/en/comps/183/Frauen-Bundesliga-Stats","gca"
"2025-2026","Freiburg","Frauen-Bundesliga","Selina Vobian","GER","MF,FW","23-017",3.9,9,2.31,3,4,0,1,1,0,4,1.03,2,1,0,0,1,0,"https://fbref.com/en/players/71f80447/Selina-Vobian","Frauen Bundesliga","https://fbref.com/en/comps/183/Frauen-Bundesliga-Stats","gca"
"2025-2026","Freiburg","Frauen-Bundesliga","Maj Schneider","GER","MF","18-046",3.4,8,2.36,6,0,0,2,0,0,2,0.59,1,0,0,1,0,0,"https://fbref.com/en/players/08794339/Maj-Schneider","Frauen Bundesliga","https://fbref.com/en/comps/183/Frauen-Bundesliga-Stats","gca"
"2025-2026","Freiburg","Frauen-Bundesliga","Nicole Ojukwu","AUT","MF","19-320",2,1,0.49,1,0,0,0,0,0,1,0.49,1,0,0,0,0,0,"https://fbref.com/en/players/9e65aa0c/Nicole-Ojukwu","Frauen Bundesliga","https://fbref.com/en/comps/183/Frauen-Bundesliga-Stats","gca"
"2025-2026","Freiburg","Frauen-Bundesliga","Ingibjörg Sigurðardóttir","ISL","DF","28-007",1.9,1,0.53,0,1,0,0,0,0,0,0,0,0,0,0,0,0,"https://fbref.com/en/players/14682560/Ingibjorg-Sigurdardottir","Frauen Bundesliga","https://fbref.com/en/comps/183/Frauen-Bundesliga-Stats","gca"
"2025-2026","Freiburg","Frauen-Bundesliga","Leela Egli","SUI","FW,MF","18-307",1.6,3,1.84,3,0,0,0,0,0,1,0.61,1,0,0,0,0,0,"https://fbref.com/en/players/d798a561/Leela-Egli","Frauen Bundesliga","https://fbref.com/en/comps/183/Frauen-Bundesliga-Stats","gca"
"2025-2026","Freiburg","Frauen-Bundesliga","Alena Bienz","SUI","MF,FW","22-223",1.4,4,2.79,2,0,0,1,1,0,1,0.7,0,0,0,1,0,0,"https://fbref.com/en/players/14f0f5e7/Alena-Bienz","Frauen Bundesliga","https://fbref.com/en/comps/183/Frauen-Bundesliga-Stats","gca"
"2025-2026","Freiburg","Frauen-Bundesliga","Svenja Fölmli","SUI","FW","23-056",1,2,2.02,2,0,0,0,0,0,0,0,0,0,0,0,0,0,"https://fbref.com/en/players/cbb37685/Svenja-Folmli","Frauen Bundesliga","https://fbref.com/en/comps/183/Frauen-Bundesliga-Stats","gca"
"2025-2026","Freiburg","Frauen-Bundesliga","Aurélie Csillag","SUI","FW,MF","22-263",1.1,6,5.45,4,0,1,1,0,0,0,0,0,0,0,0,0,0,"https://fbref.com/en/players/9d59b4de/Aurelie-Csillag","Frauen Bundesliga","https://fbref.com/en/comps/183/Frauen-Bundesliga-Stats","gca"
"2025-2026","Freiburg","Frauen-Bundesliga","Nora Scherer","GER","MF","19-333",0,1,30,1,0,0,0,0,0,0,0,0,0,0,0,0,0,"https://fbref.com/en/players/2a64d7ec/Nora-Scherer","Frauen Bundesliga","https://fbref.com/en/comps/183/Frauen-Bundesliga-Stats","gca"
"2025-2026","Bayer Leverkusen","Frauen-Bundesliga","Friederike Abt","GER","GK","31-099",5,0,0,0,0,0,0,0,0,0,0,0,0,0,0,0,0,"https://fbref.com/en/players/7c51bea4/Friederike-Abt","Frauen Bundesliga","https://fbref.com/en/comps/183/Frauen-Bundesliga-Stats","gca"
"2025-2026","Bayer Leverkusen","Frauen-Bundesliga","Lilla Turányi","HUN","DF","26-298",5,4,0.8,4,0,0,0,0,0,0,0,0,0,0,0,0,0,"https://fbref.com/en/players/747aebe4/Lilla-Turanyi","Frauen Bundesliga","https://fbref.com/en/comps/183/Frauen-Bundesliga-Stats","gca"
"2025-2026","Bayer Leverkusen","Frauen-Bundesliga","Carlotta Wamser","GER","DF","21-347",5,8,1.6,8,0,0,0,0,0,1,0.2,1,0,0,0,0,0,"https://fbref.com/en/players/e2b70fe7/Carlotta-Wamser","Frauen Bundesliga","https://fbref.com/en/comps/183/Frauen-Bundesliga-Stats","gca"
"2025-2026","Bayer Leverkusen","Frauen-Bundesliga","Claudia Wenger","AUT","DF","24-161",5,4,0.8,4,0,0,0,0,0,0,0,0,0,0,0,0,0,"https://fbref.com/en/players/2f4f249c/Claudia-Wenger","Frauen Bundesliga","https://fbref.com/en/comps/183/Frauen-Bundesliga-Stats","gca"
"2025-2026","Bayer Leverkusen","Frauen-Bundesliga","Kristin Kögel","GER","MF","26-023",4.7,11,2.36,5,2,1,1,1,1,1,0.21,1,0,0,0,0,0,"https://fbref.com/en/players/24460a6a/Kristin-Kogel","Frauen Bundesliga","https://fbref.com/en/comps/183/Frauen-Bundesliga-Stats","gca"
"2025-2026","Bayer Leverkusen","Frauen-Bundesliga","Vanessa Fudalla","GER","FW","23-358",4.6,16,3.46,11,2,1,2,0,0,4,0.87,2,1,1,0,0,0,"https://fbref.com/en/players/c9a0bd2c/Vanessa-Fudalla","Frauen Bundesliga","https://fbref.com/en/comps/183/Frauen-Bundesliga-Stats","gca"
"2025-2026","Bayer Leverkusen","Frauen-Bundesliga","Katharina Piljić","GER","MF","22-039",4.6,14,3.05,12,0,1,1,0,0,3,0.65,2,0,0,1,0,0,"https://fbref.com/en/players/48cde73f/Katharina-Piljic","Frauen Bundesliga","https://fbref.com/en/comps/183/Frauen-Bundesliga-Stats","gca"
"2025-2026","Bayer Leverkusen","Frauen-Bundesliga","Sofie Zdebel","GER","MF","21-067",4.5,5,1.12,4,0,0,1,0,0,2,0.45,1,0,0,1,0,0,"https://fbref.com/en/players/d081f844/Sofie-Zdebel","Frauen Bundesliga","https://fbref.com/en/comps/183/Frauen-Bundesliga-Stats","gca"
"2025-2026","Bayer Leverkusen","Frauen-Bundesliga","Ruby Grant","ENG","MF","23-182",4.2,8,1.89,5,2,0,1,0,0,1,0.24,1,0,0,0,0,0,"https://fbref.com/en/players/fc1149cc/Ruby-Grant","Frauen Bundesliga","https://fbref.com/en/comps/183/Frauen-Bundesliga-Stats","gca"
"2025-2026","Bayer Leverkusen","Frauen-Bundesliga","Estrella Gonzalez","GER","DF","18-329",3.8,9,2.36,7,2,0,0,0,0,0,0,0,0,0,0,0,0,"https://fbref.com/en/players/b8209678/Estrella-Gonzalez","Frauen Bundesliga","https://fbref.com/en/comps/183/Frauen-Bundesliga-Stats","gca"
"2025-2026","Bayer Leverkusen","Frauen-Bundesliga","Valentina Mädl","AUT","FW","19-300",3.2,7,2.21,7,0,0,0,0,0,1,0.32,1,0,0,0,0,0,"https://fbref.com/en/players/0f443d23/Valentina-Madl","Frauen Bundesliga","https://fbref.com/en/comps/183/Frauen-Bundesliga-Stats","gca"
"2025-2026","Bayer Leverkusen","Frauen-Bundesliga","Julia Mickenhagen","GER","DF","20-187",1.5,0,0,0,0,0,0,0,0,0,0,0,0,0,0,0,0,"https://fbref.com/en/players/b6c9fad5/Julia-Mickenhagen","Frauen Bundesliga","https://fbref.com/en/comps/183/Frauen-Bundesliga-Stats","gca"
"2025-2026","Bayer Leverkusen","Frauen-Bundesliga","Cornelia Kramer","DEN","FW","22-302",0.7,3,4.15,3,0,0,0,0,0,0,0,0,0,0,0,0,0,"https://fbref.com/en/players/09a7077f/Cornelia-Kramer","Frauen Bundesliga","https://fbref.com/en/comps/183/Frauen-Bundesliga-Stats","gca"
"2025-2026","Bayer Leverkusen","Frauen-Bundesliga","Caroline Kehrer","CAN","FW,MF","28-188",0.9,6,6.59,5,0,1,0,0,0,1,1.1,1,0,0,0,0,0,"https://fbref.com/en/players/b882fd85/Caroline-Kehrer","Frauen Bundesliga","https://fbref.com/en/comps/183/Frauen-Bundesliga-Stats","gca"
"2025-2026","Bayer Leverkusen","Frauen-Bundesliga","Loreen Bender","GER","MF","20-054",0.9,2,2.31,1,1,0,0,0,0,0,0,0,0,0,0,0,0,"https://fbref.com/en/players/7d5a7c01/Loreen-Bender","Frauen Bundesliga","https://fbref.com/en/comps/183/Frauen-Bundesliga-Stats","gca"
"2025-2026","Bayer Leverkusen","Frauen-Bundesliga","Vanessa Haim","GER","FW,MF","28-166",0.5,0,0,0,0,0,0,0,0,0,0,0,0,0,0,0,0,"https://fbref.com/en/players/dd343bb3/Vanessa-Haim","Frauen Bundesliga","https://fbref.com/en/comps/183/Frauen-Bundesliga-Stats","gca"
"2025-2026","Bayer Leverkusen","Frauen-Bundesliga","Juliette Vidal","FRA","MF","26-207",0.5,0,0,0,0,0,0,0,0,0,0,0,0,0,0,0,0,"https://fbref.com/en/players/3676f205/Juliette-Vidal","Frauen Bundesliga","https://fbref.com/en/comps/183/Frauen-Bundesliga-Stats","gca"
"2025-2026","Bayer Leverkusen","Frauen-Bundesliga","Paulina Bartz","GER","MF,FW","20-158",0.3,0,0,0,0,0,0,0,0,0,0,0,0,0,0,0,0,"https://fbref.com/en/players/72188836/Paulina-Bartz","Frauen Bundesliga","https://fbref.com/en/comps/183/Frauen-Bundesliga-Stats","gca"
"2025-2026","Bayer Leverkusen","Frauen-Bundesliga","Ida Daedelow","GER","MF","18-047",0.1,0,0,0,0,0,0,0,0,0,0,0,0,0,0,0,0,"https://fbref.com/en/players/e7078be4/Ida-Daedelow","Frauen Bundesliga","https://fbref.com/en/comps/183/Frauen-Bundesliga-Stats","gca"
"2025-2026","Bayer Leverkusen","Frauen-Bundesliga","Selina Ostermeier","GER","FW","26-272",0,0,0,0,0,0,0,0,0,0,0,0,0,0,0,0,0,"https://fbref.com/en/players/9f140482/Selina-Ostermeier","Frauen Bundesliga","https://fbref.com/en/comps/183/Frauen-Bundesliga-Stats","gca"
"2025-2026","Bayer Leverkusen","Frauen-Bundesliga","Melissa Friedrich","GER","MF","28-161",0,0,0,0,0,0,0,0,0,0,0,0,0,0,0,0,0,"https://fbref.com/en/players/551733b0/Melissa-Friedrich","Frauen Bundesliga","https://fbref.com/en/comps/183/Frauen-Bundesliga-Stats","gca"
"2025-2026","Hoffenheim","Frauen-Bundesliga","Selina Cerci","GER","FW","25-136",6,33,5.5,21,0,4,5,0,3,5,0.83,4,0,1,0,0,0,"https://fbref.com/en/players/1fa80966/Selina-Cerci","Frauen Bundesliga","https://fbref.com/en/comps/183/Frauen-Bundesliga-Stats","gca"
"2025-2026","Hoffenheim","Frauen-Bundesliga","Laura Dick","GER","GK","22-123",6,0,0,0,0,0,0,0,0,0,0,0,0,0,0,0,0,"https://fbref.com/en/players/2d43333a/Laura-Dick","Frauen Bundesliga","https://fbref.com/en/comps/183/Frauen-Bundesliga-Stats","gca"
"2025-2026","Hoffenheim","Frauen-Bundesliga","Vanessa Diehm","GER","DF","21-206",6,7,1.17,6,0,0,1,0,0,0,0,0,0,0,0,0,0,"https://fbref.com/en/players/ff6f5249/Vanessa-Diehm","Frauen Bundesliga","https://fbref.com/en/comps/183/Frauen-Bundesliga-Stats","gca"
"2025-2026","Hoffenheim","Frauen-Bundesliga","Valesca Ampoorter","BEL","MF","21-192",5.9,18,3.07,13,2,1,1,0,1,1,0.17,1,0,0,0,0,0,"https://fbref.com/en/players/53865776/Valesca-Ampoorter","Frauen Bundesliga","https://fbref.com/en/comps/183/Frauen-Bundesliga-Stats","gca"
"2025-2026","Hoffenheim","Frauen-Bundesliga","Jill Janssens","BEL","DF","22-011",5.7,23,4,19,1,2,1,0,0,1,0.17,1,0,0,0,0,0,"https://fbref.com/en/players/9d714c9d/Jill-Janssens","Frauen Bundesliga","https://fbref.com/en/comps/183/Frauen-Bundesliga-Stats","gca"
"2025-2026","Hoffenheim","Frauen-Bundesliga","Melissa Kössler","GER","FW","25-224",5.1,27,5.35,15,0,4,5,2,1,6,1.19,4,0,0,2,0,0,"https://fbref.com/en/players/b1a198c6/Melissa-Kossler","Frauen Bundesliga","https://fbref.com/en/comps/183/Frauen-Bundesliga-Stats","gca"
"2025-2026","Hoffenheim","Frauen-Bundesliga","Laura Gloning","GER","MF","20-131",5,9,1.8,8,0,0,0,1,0,0,0,0,0,0,0,0,0,"https://fbref.com/en/players/125f0b16/Laura-Gloning","Frauen Bundesliga","https://fbref.com/en/comps/183/Frauen-Bundesliga-Stats","gca"
"2025-2026","Hoffenheim","Frauen-Bundesliga","Lisa Doorn","NED","DF","24-310",4.8,6,1.25,6,0,0,0,0,0,0,0,0,0,0,0,0,0,"https://fbref.com/en/players/924d1836/Lisa-Doorn","Frauen Bundesliga","https://fbref.com/en/comps/183/Frauen-Bundesliga-Stats","gca"
"2025-2026","Hoffenheim","Frauen-Bundesliga","Jamilla Rankin","AUS","DF","22-158",4.4,4,0.9,3,0,1,0,0,0,1,0.22,1,0,0,0,0,0,"https://fbref.com/en/players/ede60ee1/Jamilla-Rankin","Frauen Bundesliga","https://fbref.com/en/comps/183/Frauen-Bundesliga-Stats","gca"
"2025-2026","Hoffenheim","Frauen-Bundesliga","Féli Delacauw","BEL","MF","23-193",3.8,10,2.62,8,0,0,1,1,0,3,0.78,2,0,0,1,0,0,"https://fbref.com/en/players/4e3f72d2/Feli-Delacauw","Frauen Bundesliga","https://fbref.com/en/comps/183/Frauen-Bundesliga-Stats","gca"
"2025-2026","Hoffenheim","Frauen-Bundesliga","Dominika Grabowska","POL","MF","26-292",3.7,22,5.91,10,7,0,3,1,1,3,0.81,1,1,0,0,1,0,"https://fbref.com/en/players/82a65245/Dominika-Grabowska","Frauen Bundesliga","https://fbref.com/en/comps/183/Frauen-Bundesliga-Stats","gca"
"2025-2026","Hoffenheim","Frauen-Bundesliga","Lisann Kaut","GER","DF","25-051",2.4,7,2.93,2,3,1,0,1,0,0,0,0,0,0,0,0,0,"https://fbref.com/en/players/e118e53b/Lisann-Kaut","Frauen Bundesliga","https://fbref.com/en/comps/183/Frauen-Bundesliga-Stats","gca"
"2025-2026","Hoffenheim","Frauen-Bundesliga","Marie Steiner","GER","MF","20-040",2.1,5,2.42,4,0,0,0,0,1,1,0.48,0,0,0,0,0,1,"https://fbref.com/en/players/b9269a75/Marie-Steiner","Frauen Bundesliga","https://fbref.com/en/comps/183/Frauen-Bundesliga-Stats","gca"
"2025-2026","Hoffenheim","Frauen-Bundesliga","Chiara Hahn","GER","MF","23-285",2,10,4.97,8,1,0,0,0,1,0,0,0,0,0,0,0,0,"https://fbref.com/en/players/88de4477/Chiara-Hahn","Frauen Bundesliga","https://fbref.com/en/comps/183/Frauen-Bundesliga-Stats","gca"
"2025-2026","Hoffenheim","Frauen-Bundesliga","Linda Natter","AUT","FW,MF","20-155",1.2,5,4.21,4,0,0,1,0,0,0,0,0,0,0,0,0,0,"https://fbref.com/en/players/d7c24d43/Linda-Natter","Frauen Bundesliga","https://fbref.com/en/comps/183/Frauen-Bundesliga-Stats","gca"
"2025-2026","Hoffenheim","Frauen-Bundesliga","Janna Grimm","GER","MF","20-177",0.9,0,0,0,0,0,0,0,0,0,0,0,0,0,0,0,0,"https://fbref.com/en/players/ddc9ea46/Janna-Grimm","Frauen Bundesliga","https://fbref.com/en/comps/183/Frauen-Bundesliga-Stats","gca"
"2025-2026","Hoffenheim","Frauen-Bundesliga","Franziska Harsch","GER","MF","28-100",0.6,0,0,0,0,0,0,0,0,0,0,0,0,0,0,0,0,"https://fbref.com/en/players/d69ff348/Franziska-Harsch","Frauen Bundesliga","https://fbref.com/en/comps/183/Frauen-Bundesliga-Stats","gca"
"2025-2026","Hoffenheim","Frauen-Bundesliga","Napsugár Sinka","HUN","MF,FW","19-031",0.4,0,0,0,0,0,0,0,0,0,0,0,0,0,0,0,0,"https://fbref.com/en/players/600a976b/Napsugar-Sinka","Frauen Bundesliga","https://fbref.com/en/comps/183/Frauen-Bundesliga-Stats","gca"
"2025-2026","Werder Bremen","Frauen-Bundesliga","Chiara D'Angelo","AUT","DF","21-075",6,8,1.33,7,1,0,0,0,0,1,0.17,1,0,0,0,0,0,"https://fbref.com/en/players/7e574fb5/Chiara-DAngelo","Frauen Bundesliga","https://fbref.com/en/comps/183/Frauen-Bundesliga-Stats","gca"
"2025-2026","Werder Bremen","Frauen-Bundesliga","Mariella El Sherif","AUT","GK","21-042",6,3,0.5,2,1,0,0,0,0,1,0.17,1,0,0,0,0,0,"https://fbref.com/en/players/4a6f3d40/Mariella-El-Sherif","Frauen Bundesliga","https://fbref.com/en/comps/183/Frauen-Bundesliga-Stats","gca"
"2025-2026","Werder Bremen","Frauen-Bundesliga","Larissa Mühlhaus","GER","FW,MF","22-274",5.8,34,5.84,18,9,1,1,5,0,7,1.2,2,2,0,0,3,0,"https://fbref.com/en/players/4df24100/Larissa-Muhlhaus","Frauen Bundesliga","https://fbref.com/en/comps/183/Frauen-Bundesliga-Stats","gca"
"2025-2026","Werder Bremen","Frauen-Bundesliga","Michelle Ulbrich","GER","DF","28-345",5.8,4,0.69,4,0,0,0,0,0,0,0,0,0,0,0,0,0,"https://fbref.com/en/players/e8840be1/Michelle-Ulbrich","Frauen Bundesliga","https://fbref.com/en/comps/183/Frauen-Bundesliga-Stats","gca"
"2025-2026","Werder Bremen","Frauen-Bundesliga","Michelle Weiß","GER","DF","24-140",5.5,6,1.1,4,2,0,0,0,0,1,0.18,0,1,0,0,0,0,"https://fbref.com/en/players/f370e5df/Michelle-Weiss","Frauen Bundesliga","https://fbref.com/en/comps/183/Frauen-Bundesliga-Stats","gca"
"2025-2026","Werder Bremen","Frauen-Bundesliga","Hanna Németh","HUN","DF","27-027",5.4,1,0.18,1,0,0,0,0,0,0,0,0,0,0,0,0,0,"https://fbref.com/en/players/dff5a2cf/Hanna-Nemeth","Frauen Bundesliga","https://fbref.com/en/comps/183/Frauen-Bundesliga-Stats","gca"
"2025-2026","Werder Bremen","Frauen-Bundesliga","Medina Dešić","MNE","FW","32-029",4.8,10,2.1,7,0,1,2,0,0,0,0,0,0,0,0,0,0,"https://fbref.com/en/players/2cb74515/Medina-Desic","Frauen Bundesliga","https://fbref.com/en/comps/183/Frauen-Bundesliga-Stats","gca"
"2025-2026","Werder Bremen","Frauen-Bundesliga","Lina Hausicke","GER","MF","27-288",4.7,4,0.85,3,0,0,0,0,1,0,0,0,0,0,0,0,0,"https://fbref.com/en/players/1685552e/Lina-Hausicke","Frauen Bundesliga","https://fbref.com/en/comps/183/Frauen-Bundesliga-Stats","gca"
"2025-2026","Werder Bremen","Frauen-Bundesliga","Juliane Wirtz","GER","MF","24-053",4.7,2,0.43,2,0,0,0,0,0,0,0,0,0,0,0,0,0,"https://fbref.com/en/players/f9482141/Juliane-Wirtz","Frauen Bundesliga","https://fbref.com/en/comps/183/Frauen-Bundesliga-Stats","gca"
"2025-2026","Werder Bremen","Frauen-Bundesliga","Verena Wieder","GER","MF","25-110",3.2,7,2.22,5,0,0,1,1,0,2,0.63,2,0,0,0,0,0,"https://fbref.com/en/players/a584ebc3/Verena-Wieder","Frauen Bundesliga","https://fbref.com/en/comps/183/Frauen-Bundesliga-Stats","gca"
"2025-2026","Werder Bremen","Frauen-Bundesliga","Amira Arfaoui","SUI","MF","26-067",3.4,10,2.92,6,0,1,0,2,1,1,0.29,1,0,0,0,0,0,"https://fbref.com/en/players/43b64ff1/Amira-Arfaoui","Frauen Bundesliga","https://fbref.com/en/comps/183/Frauen-Bundesliga-Stats","gca"
"2025-2026","Werder Bremen","Frauen-Bundesliga","Maja Sternad","SVN","MF","21-290",2.8,9,3.21,5,1,1,1,1,0,2,0.71,1,0,0,0,1,0,"https://fbref.com/en/players/03224c76/Maja-Sternad","Frauen Bundesliga","https://fbref.com/en/comps/183/Frauen-Bundesliga-Stats","gca"
"2025-2026","Werder Bremen","Frauen-Bundesliga","Sharon Beck","ISR","MF,DF","30-206",2.6,6,2.32,5,1,0,0,0,0,0,0,0,0,0,0,0,0,"https://fbref.com/en/players/c03890e3/Sharon-Beck","Frauen Bundesliga","https://fbref.com/en/comps/183/Frauen-Bundesliga-Stats","gca"
"2025-2026","Werder Bremen","Frauen-Bundesliga","Ricarda Walkling","GER","MF,FW","28-209",2,2,0.99,1,0,0,0,1,0,0,0,0,0,0,0,0,0,"https://fbref.com/en/players/e786e6f7/Ricarda-Walkling","Frauen Bundesliga","https://fbref.com/en/comps/183/Frauen-Bundesliga-Stats","gca"
"2025-2026","Werder Bremen","Frauen-Bundesliga","Tuana Keles","GER","MF","22-225",0.5,0,0,0,0,0,0,0,0,0,0,0,0,0,0,0,0,"https://fbref.com/en/players/8e21b9cf/Tuana-Keles","Frauen Bundesliga","https://fbref.com/en/comps/183/Frauen-Bundesliga-Stats","gca"
"2025-2026","Werder Bremen","Frauen-Bundesliga","Emőke Pápai","HUN","MF,FW","22-112",1.5,6,3.91,5,0,1,0,0,0,1,0.65,1,0,0,0,0,0,"https://fbref.com/en/players/7c04a48d/Emoke-Papai","Frauen Bundesliga","https://fbref.com/en/comps/183/Frauen-Bundesliga-Stats","gca"
"2025-2026","Werder Bremen","Frauen-Bundesliga","Kaylie Ronan","","DF,MF","",0.9,1,1.15,1,0,0,0,0,0,1,1.15,1,0,0,0,0,0,"https://fbref.com/en/players/afe11b5a/Kaylie-Ronan","Frauen Bundesliga","https://fbref.com/en/comps/183/Frauen-Bundesliga-Stats","gca"
"2025-2026","Werder Bremen","Frauen-Bundesliga","Rieke Dieckmann","GER","FW,DF","29-059",0.3,1,3.1,1,0,0,0,0,0,1,3.1,1,0,0,0,0,0,"https://fbref.com/en/players/b92fbcee/Rieke-Dieckmann","Frauen Bundesliga","https://fbref.com/en/comps/183/Frauen-Bundesliga-Stats","gca"
"2025-2026","Werder Bremen","Frauen-Bundesliga","Maria Penner","GER","MF","18-169",0.1,0,0,0,0,0,0,0,0,0,0,0,0,0,0,0,0,"https://fbref.com/en/players/feac5916/Maria-Penner","Frauen Bundesliga","https://fbref.com/en/comps/183/Frauen-Bundesliga-Stats","gca"
"2025-2026","Eintracht Frankfurt","Frauen-Bundesliga","Géraldine Reuteler","SUI","FW,MF","26-176",5.8,27,4.65,17,0,4,3,3,0,9,1.55,5,0,2,2,0,0,"https://fbref.com/en/players/f64daf84/Geraldine-Reuteler","Frauen Bundesliga","https://fbref.com/en/comps/183/Frauen-Bundesliga-Stats","gca"
"2025-2026","Eintracht Frankfurt","Frauen-Bundesliga","Amanda Ilestedt","SWE","DF","32-270",5.8,3,0.52,3,0,0,0,0,0,0,0,0,0,0,0,0,0,"https://fbref.com/en/players/93514385/Amanda-Ilestedt","Frauen Bundesliga","https://fbref.com/en/comps/183/Frauen-Bundesliga-Stats","gca"
"2025-2026","Eintracht Frankfurt","Frauen-Bundesliga","Elisa Senß","GER","MF","28-013",5.7,18,3.16,14,1,1,2,0,0,2,0.35,2,0,0,0,0,0,"https://fbref.com/en/players/30bfca52/Elisa-Senss","Frauen Bundesliga","https://fbref.com/en/comps/183/Frauen-Bundesliga-Stats","gca"
"2025-2026","Eintracht Frankfurt","Frauen-Bundesliga","Lina Altenburg","GER","GK","20-205",5,2,0.4,2,0,0,0,0,0,1,0.2,1,0,0,0,0,0,"https://fbref.com/en/players/ceb873f4/Lina-Altenburg","Frauen Bundesliga","https://fbref.com/en/comps/183/Frauen-Bundesliga-Stats","gca"
"2025-2026","Eintracht Frankfurt","Frauen-Bundesliga","Jella Veit","GER","DF","20-164",5,4,0.8,4,0,0,0,0,0,0,0,0,0,0,0,0,0,"https://fbref.com/en/players/3107a1d3/Jella-Veit","Frauen Bundesliga","https://fbref.com/en/comps/183/Frauen-Bundesliga-Stats","gca"
"2025-2026","Eintracht Frankfurt","Frauen-Bundesliga","Lisanne Gräwe","GER","MF","23-168",4.8,10,2.06,9,0,1,0,0,0,3,0.62,3,0,0,0,0,0,"https://fbref.com/en/players/2e902693/Lisanne-Grawe","Frauen Bundesliga","https://fbref.com/en/comps/183/Frauen-Bundesliga-Stats","gca"
"2025-2026","Eintracht Frankfurt","Frauen-Bundesliga","Nina Lührßen","GER","DF","25-327",4.8,11,2.28,5,5,0,0,1,0,1,0.21,0,1,0,0,0,0,"https://fbref.com/en/players/e070cdf6/Nina-Luhrssen","Frauen Bundesliga","https://fbref.com/en/comps/183/Frauen-Bundesliga-Stats","gca"
"2025-2026","Eintracht Frankfurt","Frauen-Bundesliga","Laura Freigang","GER","FW,MF","27-255",4.3,16,3.71,12,0,1,2,1,0,2,0.46,1,0,0,1,0,0,"https://fbref.com/en/players/8898987d/Laura-Freigang","Frauen Bundesliga","https://fbref.com/en/comps/183/Frauen-Bundesliga-Stats","gca"
"2025-2026","Eintracht Frankfurt","Frauen-Bundesliga","Rebecka Blomqvist","SWE","FW","28-082",4.3,13,3.05,11,0,1,1,0,0,2,0.47,2,0,0,0,0,0,"https://fbref.com/en/players/fdae87ec/Rebecka-Blomqvist","Frauen Bundesliga","https://fbref.com/en/comps/183/Frauen-Bundesliga-Stats","gca"
"2025-2026","Eintracht Frankfurt","Frauen-Bundesliga","Ereleta Memeti","KVX","MF,FW","26-106",4.4,14,3.16,9,2,0,2,1,0,3,0.68,2,1,0,0,0,0,"https://fbref.com/en/players/d782c918/Ereleta-Memeti","Frauen Bundesliga","https://fbref.com/en/comps/183/Frauen-Bundesliga-Stats","gca"
"2025-2026","Eintracht Frankfurt","Frauen-Bundesliga","Nadine Riesen","SUI","DF","25-186",3.4,9,2.66,7,0,1,0,1,0,1,0.3,1,0,0,0,0,0,"https://fbref.com/en/players/6660f40b/Nadine-Riesen","Frauen Bundesliga","https://fbref.com/en/comps/183/Frauen-Bundesliga-Stats","gca"
"2025-2026","Eintracht Frankfurt","Frauen-Bundesliga","Nicole Anyomi","GER","FW,MF","25-246",3.4,18,5.36,10,0,1,1,5,1,3,0.89,0,0,1,0,2,0,"https://fbref.com/en/players/83b0b998/Nicole-Anyomi","Frauen Bundesliga","https://fbref.com/en/comps/183/Frauen-Bundesliga-Stats","gca"
"2025-2026","Eintracht Frankfurt","Frauen-Bundesliga","Pia-Sophie Wolter","GER","DF","27-335",2.3,3,1.29,3,0,0,0,0,0,0,0,0,0,0,0,0,0,"https://fbref.com/en/players/8ddc3ad5/Pia-Sophie-Wolter","Frauen Bundesliga","https://fbref.com/en/comps/183/Frauen-Bundesliga-Stats","gca"
"2025-2026","Eintracht Frankfurt","Frauen-Bundesliga","Remina Chiba","JPN","FW","26-167",1.5,6,3.91,3,0,1,1,1,0,1,0.65,0,0,0,0,1,0,"https://fbref.com/en/players/6780aa6c/Remina-Chiba","Frauen Bundesliga","https://fbref.com/en/comps/183/Frauen-Bundesliga-Stats","gca"
"2025-2026","Eintracht Frankfurt","Frauen-Bundesliga","Dilara Acikgöz","GER","DF","21-134",1.4,4,2.95,4,0,0,0,0,0,0,0,0,0,0,0,0,0,"https://fbref.com/en/players/1ce96186/Dilara-Acikgoz","Frauen Bundesliga","https://fbref.com/en/comps/183/Frauen-Bundesliga-Stats","gca"
"2025-2026","Eintracht Frankfurt","Frauen-Bundesliga","Noemi Ivelj","SUI","DF","18-347",1.2,1,0.8,1,0,0,0,0,0,0,0,0,0,0,0,0,0,"https://fbref.com/en/players/e0e7e79d/Noemi-Ivelj","Frauen Bundesliga","https://fbref.com/en/comps/183/Frauen-Bundesliga-Stats","gca"
"2025-2026","Eintracht Frankfurt","Frauen-Bundesliga","Jarne Teulings","BEL","MF,FW","23-276",1.2,3,2.55,3,0,0,0,0,0,0,0,0,0,0,0,0,0,"https://fbref.com/en/players/75e33f00/Jarne-Teulings","Frauen Bundesliga","https://fbref.com/en/comps/183/Frauen-Bundesliga-Stats","gca"
"2025-2026","Eintracht Frankfurt","Frauen-Bundesliga","Lea Paulick","GER","GK","26-042",1,0,0,0,0,0,0,0,0,0,0,0,0,0,0,0,0,"https://fbref.com/en/players/ee30975e/Lea-Paulick","Frauen Bundesliga","https://fbref.com/en/comps/183/Frauen-Bundesliga-Stats","gca"
"2025-2026","Eintracht Frankfurt","Frauen-Bundesliga","Hayley Raso","AUS","MF,FW","31-039",0.5,3,5.74,0,0,0,1,1,1,0,0,0,0,0,0,0,0,"https://fbref.com/en/players/4a4fc01f/Hayley-Raso","Frauen Bundesliga","https://fbref.com/en/comps/183/Frauen-Bundesliga-Stats","gca"
"2025-2026","Eintracht Frankfurt","Frauen-Bundesliga","Ilayda Acikgöz","GER","MF","21-134",0.2,0,0,0,0,0,0,0,0,0,0,0,0,0,0,0,0,"https://fbref.com/en/players/2de08078/Ilayda-Acikgoz","Frauen Bundesliga","https://fbref.com/en/comps/183/Frauen-Bundesliga-Stats","gca"
"2025-2026","Eintracht Frankfurt","Frauen-Bundesliga","Eleni Markou","GRE","FW","30-199",0,0,0,0,0,0,0,0,0,0,0,0,0,0,0,0,0,"https://fbref.com/en/players/7a6f2fc6/Eleni-Markou","Frauen Bundesliga","https://fbref.com/en/comps/183/Frauen-Bundesliga-Stats","gca"
"2025-2026","Union Berlin","Frauen-Bundesliga","Cara Bösl","GER","GK","28-245",6,1,0.17,1,0,0,0,0,0,0,0,0,0,0,0,0,0,"https://fbref.com/en/players/862a8439/Cara-Bosl","Frauen Bundesliga","https://fbref.com/en/comps/183/Frauen-Bundesliga-Stats","gca"
"2025-2026","Union Berlin","Frauen-Bundesliga","Tomke Schneider","GER","DF","21-075",6,21,3.5,11,6,2,2,0,0,2,0.33,1,1,0,0,0,0,"https://fbref.com/en/players/87d189f6/Tomke-Schneider","Frauen Bundesliga","https://fbref.com/en/comps/183/Frauen-Bundesliga-Stats","gca"
"2025-2026","Union Berlin","Frauen-Bundesliga","Samantha Steuerwald","GER","DF","27-003",6,8,1.33,8,0,0,0,0,0,0,0,0,0,0,0,0,0,"https://fbref.com/en/players/444e3ae7/Samantha-Steuerwald","Frauen Bundesliga","https://fbref.com/en/comps/183/Frauen-Bundesliga-Stats","gca"
"2025-2026","Union Berlin","Frauen-Bundesliga","Sophie Weidauer","GER","FW","23-246",5.5,22,3.98,16,0,1,2,3,0,0,0,0,0,0,0,0,0,"https://fbref.com/en/players/68f5b63a/Sophie-Weidauer","Frauen Bundesliga","https://fbref.com/en/comps/183/Frauen-Bundesliga-Stats","gca"
"2025-2026","Union Berlin","Frauen-Bundesliga","Lisa Heiseler","GER","MF","27-107",4.5,21,4.7,16,1,1,3,0,0,3,0.67,2,0,0,1,0,0,"https://fbref.com/en/players/8d688368/Lisa-Heiseler","Frauen Bundesliga","https://fbref.com/en/comps/183/Frauen-Bundesliga-Stats","gca"
"2025-2026","Union Berlin","Frauen-Bundesliga","Eileen Campbell","AUT","MF,FW","25-027",5.3,15,2.81,9,0,1,2,2,1,0,0,0,0,0,0,0,0,"https://fbref.com/en/players/f36f682e/Eileen-Campbell","Frauen Bundesliga","https://fbref.com/en/comps/183/Frauen-Bundesliga-Stats","gca"
"2025-2026","Union Berlin","Frauen-Bundesliga","Tanja Pawollek","POL","MF,FW","26-269",5,13,2.61,12,0,0,1,0,0,0,0,0,0,0,0,0,0,"https://fbref.com/en/players/7737e984/Tanja-Pawollek","Frauen Bundesliga","https://fbref.com/en/comps/183/Frauen-Bundesliga-Stats","gca"
"2025-2026","Union Berlin","Frauen-Bundesliga","Anna Weiß","GER","DF","27-085",5,9,1.81,8,0,0,1,0,0,2,0.4,1,0,0,1,0,0,"https://fbref.com/en/players/cf939fba/Anna-Weiss","Frauen Bundesliga","https://fbref.com/en/comps/183/Frauen-Bundesliga-Stats","gca"
"2025-2026","Union Berlin","Frauen-Bundesliga","Dina Orschmann","GER","MF,FW","27-279",4.8,20,4.21,11,4,1,2,1,1,0,0,0,0,0,0,0,0,"https://fbref.com/en/players/890fa393/Dina-Orschmann","Frauen Bundesliga","https://fbref.com/en/comps/183/Frauen-Bundesliga-Stats","gca"
"2025-2026","Union Berlin","Frauen-Bundesliga","Naika Reissner","AUT","DF,FW","20-345",3.6,12,3.29,7,1,2,2,0,0,0,0,0,0,0,0,0,0,"https://fbref.com/en/players/57a99ea6/Naika-Reissner","Frauen Bundesliga","https://fbref.com/en/comps/183/Frauen-Bundesliga-Stats","gca"
"2025-2026","Union Berlin","Frauen-Bundesliga","Anna Aehling","GER","DF","24-205",3.2,2,0.63,2,0,0,0,0,0,0,0,0,0,0,0,0,0,"https://fbref.com/en/players/55d88268/Anna-Aehling","Frauen Bundesliga","https://fbref.com/en/comps/183/Frauen-Bundesliga-Stats","gca"
"2025-2026","Union Berlin","Frauen-Bundesliga","Katja Nicola Orschmann","GER","DF","27-074",3,5,1.66,5,0,0,0,0,0,1,0.33,1,0,0,0,0,0,"https://fbref.com/en/players/ccf73f85/Katja-Nicola-Orschmann","Frauen Bundesliga","https://fbref.com/en/comps/183/Frauen-Bundesliga-Stats","gca"
"2025-2026","Union Berlin","Frauen-Bundesliga","Jenny Hipp","GER","MF","27-250",2,3,1.47,2,1,0,0,0,0,0,0,0,0,0,0,0,0,"https://fbref.com/en/players/2c64d57e/Jenny-Hipp","Frauen Bundesliga","https://fbref.com/en/comps/183/Frauen-Bundesliga-Stats","gca"
"2025-2026","Union Berlin","Frauen-Bundesliga","Antonia Halverkamps","GER","MF,DF","24-350",2,11,5.44,8,2,0,1,0,0,2,0.99,1,1,0,0,0,0,"https://fbref.com/en/players/b2bf266d/Antonia-Halverkamps","Frauen Bundesliga","https://fbref.com/en/comps/183/Frauen-Bundesliga-Stats","gca"
"2025-2026","Union Berlin","Frauen-Bundesliga","Athanasia Moraitou","GRE","MF","28-195",1.4,3,2.14,2,0,0,0,1,0,0,0,0,0,0,0,0,0,"https://fbref.com/en/players/69d39de8/Athanasia-Moraitou","Frauen Bundesliga","https://fbref.com/en/comps/183/Frauen-Bundesliga-Stats","gca"
"2025-2026","Union Berlin","Frauen-Bundesliga","Judith Steinert","GER","DF,MF","30-019",0.9,7,7.68,5,2,0,0,0,0,0,0,0,0,0,0,0,0,"https://fbref.com/en/players/b34e600e/Judith-Steinert","Frauen Bundesliga","https://fbref.com/en/comps/183/Frauen-Bundesliga-Stats","gca"
"2025-2026","Union Berlin","Frauen-Bundesliga","Ida Heikkinen","FIN","MF,FW","19-001",0.7,1,1.5,0,0,0,0,1,0,0,0,0,0,0,0,0,0,"https://fbref.com/en/players/5b4d6a70/Ida-Heikkinen","Frauen Bundesliga","https://fbref.com/en/comps/183/Frauen-Bundesliga-Stats","gca"
"2025-2026","Union Berlin","Frauen-Bundesliga","Nele Bauereisen","GER","DF,MF","21-192",0.6,1,1.67,0,0,0,1,0,0,1,1.67,0,0,0,1,0,0,"https://fbref.com/en/players/50dd869a/Nele-Bauereisen","Frauen Bundesliga","https://fbref.com/en/comps/183/Frauen-Bundesliga-Stats","gca"
"2025-2026","Union Berlin","Frauen-Bundesliga","Korina Lara Janež","SVN","MF","21-231",0.3,0,0,0,0,0,0,0,0,0,0,0,0,0,0,0,0,"https://fbref.com/en/players/6acbeec8/Korina-Lara-Janez","Frauen Bundesliga","https://fbref.com/en/comps/183/Frauen-Bundesliga-Stats","gca"
"2025-2026","Union Berlin","Frauen-Bundesliga","Celine Frank","GER","MF","27-080",0.1,0,0,0,0,0,0,0,0,0,0,0,0,0,0,0,0,"https://fbref.com/en/players/2d5f4946/Celine-Frank","Frauen Bundesliga","https://fbref.com/en/comps/183/Frauen-Bundesliga-Stats","gca"
"2025-2026","Union Berlin","Frauen-Bundesliga","Mariann Noack","GER","DF","16-237",0.1,0,0,0,0,0,0,0,0,0,0,0,0,0,0,0,0,"https://fbref.com/en/players/0bdb86d9/Mariann-Noack","Frauen Bundesliga","https://fbref.com/en/comps/183/Frauen-Bundesliga-Stats","gca"
"2025-2026","Union Berlin","Frauen-Bundesliga","Alma Marie Aagaard","DEN","MF","19-258",0,0,0,0,0,0,0,0,0,0,0,0,0,0,0,0,0,"https://fbref.com/en/players/7a70b30b/Alma-Marie-Aagaard","Frauen Bundesliga","https://fbref.com/en/comps/183/Frauen-Bundesliga-Stats","gca"
"2025-2026","RB Leipzig","Frauen-Bundesliga","Elvira Herzog","SUI","GK","25-223",6,1,0.17,1,0,0,0,0,0,0,0,0,0,0,0,0,0,"https://fbref.com/en/players/2ba3e2e8/Elvira-Herzog","Frauen Bundesliga","https://fbref.com/en/comps/183/Frauen-Bundesliga-Stats","gca"
"2025-2026","RB Leipzig","Frauen-Bundesliga","Julia Landenberger","GER","DF","21-296",6,11,1.83,11,0,0,0,0,0,1,0.17,1,0,0,0,0,0,"https://fbref.com/en/players/2ff444b6/Julia-Landenberger","Frauen Bundesliga","https://fbref.com/en/comps/183/Frauen-Bundesliga-Stats","gca"
"2025-2026","RB Leipzig","Frauen-Bundesliga","Annabel Schasching","AUT","MF,FW","23-080",5.9,15,2.53,12,2,0,0,0,1,1,0.17,1,0,0,0,0,0,"https://fbref.com/en/players/021718ce/Annabel-Schasching","Frauen Bundesliga","https://fbref.com/en/comps/183/Frauen-Bundesliga-Stats","gca"
"2025-2026","RB Leipzig","Frauen-Bundesliga","Lisa Baum","GER","DF,MF","18-323",5.2,17,3.3,9,6,1,0,1,0,0,0,0,0,0,0,0,0,"https://fbref.com/en/players/4aa0fbfd/Lisa-Baum","Frauen Bundesliga","https://fbref.com/en/comps/183/Frauen-Bundesliga-Stats","gca"
"2025-2026","RB Leipzig","Frauen-Bundesliga","Andrea Norheim","NOR","DF","26-257",5,5,1,4,0,0,1,0,0,2,0.4,1,0,0,1,0,0,"https://fbref.com/en/players/d52de4c8/Andrea-Norheim","Frauen Bundesliga","https://fbref.com/en/comps/183/Frauen-Bundesliga-Stats","gca"
"2025-2026","RB Leipzig","Frauen-Bundesliga","Sandra Starke","GER","MF","32-075",4.8,7,1.45,5,1,0,1,0,0,1,0.21,0,1,0,0,0,0,"https://fbref.com/en/players/60c22595/Sandra-Starke","Frauen Bundesliga","https://fbref.com/en/comps/183/Frauen-Bundesliga-Stats","gca"
"2025-2026","RB Leipzig","Frauen-Bundesliga","Giovanna Hoffmann","GER","FW,MF","27-024",4.1,8,1.97,3,0,0,4,1,0,1,0.25,0,0,0,1,0,0,"https://fbref.com/en/players/e81f194d/Giovanna-Hoffmann","Frauen Bundesliga","https://fbref.com/en/comps/183/Frauen-Bundesliga-Stats","gca"
"2025-2026","RB Leipzig","Frauen-Bundesliga","Marleen Schimmer","GER","DF,FW","24-356",3.9,16,4.06,10,1,1,3,1,0,2,0.51,1,0,1,0,0,0,"https://fbref.com/en/players/be36d20c/Marleen-Schimmer","Frauen Bundesliga","https://fbref.com/en/comps/183/Frauen-Bundesliga-Stats","gca"
"2025-2026","RB Leipzig","Frauen-Bundesliga","Delice Boboy","GER","FW,MF","18-349",3.8,10,2.61,7,0,0,0,3,0,2,0.52,2,0,0,0,0,0,"https://fbref.com/en/players/32c68f4e/Delice-Boboy","Frauen Bundesliga","https://fbref.com/en/comps/183/Frauen-Bundesliga-Stats","gca"
"2025-2026","RB Leipzig","Frauen-Bundesliga","Marlene Müller","GER","MF,FW","24-355",3.8,10,2.65,9,0,0,0,1,0,0,0,0,0,0,0,0,0,"https://fbref.com/en/players/60352dae/Marlene-Muller","Frauen Bundesliga","https://fbref.com/en/comps/183/Frauen-Bundesliga-Stats","gca"
"2025-2026","RB Leipzig","Frauen-Bundesliga","Nikoline Dudek","DEN","DF,MF","22-028",3.2,8,2.49,6,1,0,1,0,0,0,0,0,0,0,0,0,0,"https://fbref.com/en/players/1fdb740f/Nikoline-Dudek","Frauen Bundesliga","https://fbref.com/en/comps/183/Frauen-Bundesliga-Stats","gca"
"2025-2026","RB Leipzig","Frauen-Bundesliga","Lou-Ann Joly","FRA","MF","23-183",2.9,5,1.71,4,0,1,0,0,0,1,0.34,1,0,0,0,0,0,"https://fbref.com/en/players/0fee9f6d/Lou-Ann-Joly","Frauen Bundesliga","https://fbref.com/en/comps/183/Frauen-Bundesliga-Stats","gca"
"2025-2026","RB Leipzig","Frauen-Bundesliga","Gina Chmielinski","GER","MF,FW","25-129",2.9,7,2.45,5,1,0,1,0,0,1,0.35,0,1,0,0,0,0,"https://fbref.com/en/players/8c3de9d6/Gina-Chmielinski","Frauen Bundesliga","https://fbref.com/en/comps/183/Frauen-Bundesliga-Stats","gca"
"2025-2026","RB Leipzig","Frauen-Bundesliga","Mai Kadowaki","JPN","FW,MF","24-175",2.6,7,2.68,7,0,0,0,0,0,0,0,0,0,0,0,0,0,"https://fbref.com/en/players/f39de6ec/Mai-Kadowaki","Frauen Bundesliga","https://fbref.com/en/comps/183/Frauen-Bundesliga-Stats","gca"
"2025-2026","RB Leipzig","Frauen-Bundesliga","Victoria Krug","GER","DF","27-275",2.6,2,0.77,1,1,0,0,0,0,0,0,0,0,0,0,0,0,"https://fbref.com/en/players/a3183592/Victoria-Krug","Frauen Bundesliga","https://fbref.com/en/comps/183/Frauen-Bundesliga-Stats","gca"
"2025-2026","RB Leipzig","Frauen-Bundesliga","Julia Magerl","AUT","DF","22-165",1.9,1,0.52,1,0,0,0,0,0,0,0,0,0,0,0,0,0,"https://fbref.com/en/players/87be9b9d/Julia-Magerl","Frauen Bundesliga","https://fbref.com/en/comps/183/Frauen-Bundesliga-Stats","gca"
"2025-2026","RB Leipzig","Frauen-Bundesliga","Emilía Ásgeirsdóttir","ISL","FW,MF","20-257",0.7,3,4.15,3,0,0,0,0,0,0,0,0,0,0,0,0,0,"https://fbref.com/en/players/8f4f0cc8/Emilia-Asgeirsdottir","Frauen Bundesliga","https://fbref.com/en/comps/183/Frauen-Bundesliga-Stats","gca"
"2025-2026","RB Leipzig","Frauen-Bundesliga","Persis Oteng","NED","FW,MF","19-345",0.6,2,3.27,1,0,0,0,0,1,1,1.64,0,0,0,0,0,1,"https://fbref.com/en/players/0fb8146e/Persis-Oteng","Frauen Bundesliga","https://fbref.com/en/comps/183/Frauen-Bundesliga-Stats","gca"
"2025-2026","RB Leipzig","Frauen-Bundesliga","Luca Maria Graf","GER","FW","26-209",0,0,0,0,0,0,0,0,0,0,0,0,0,0,0,0,0,"https://fbref.com/en/players/571efbd6/Luca-Maria-Graf","Frauen Bundesliga","https://fbref.com/en/comps/183/Frauen-Bundesliga-Stats","gca"
"2025-2026","Köln","Frauen-Bundesliga","Laura Vogt","GER","MF","24-154",5,13,2.6,7,3,0,2,0,1,1,0.2,1,0,0,0,0,0,"https://fbref.com/en/players/99c4eb1a/Laura-Vogt","Frauen Bundesliga","https://fbref.com/en/comps/183/Frauen-Bundesliga-Stats","gca"
"2025-2026","Köln","Frauen-Bundesliga","Sara Agrež","SVN","DF","24-309",5,6,1.2,3,3,0,0,0,0,1,0.2,1,0,0,0,0,0,"https://fbref.com/en/players/f4321ccd/Sara-Agrez","Frauen Bundesliga","https://fbref.com/en/comps/183/Frauen-Bundesliga-Stats","gca"
"2025-2026","Köln","Frauen-Bundesliga","Carlotta Imping","GER","DF,FW","21-308",4.7,9,1.91,7,1,0,0,0,1,0,0,0,0,0,0,0,0,"https://fbref.com/en/players/baf38991/Carlotta-Imping","Frauen Bundesliga","https://fbref.com/en/comps/183/Frauen-Bundesliga-Stats","gca"
"2025-2026","Köln","Frauen-Bundesliga","Laura Feiersinger","AUT","MF","32-192",4.7,12,2.57,9,0,0,0,1,2,1,0.21,1,0,0,0,0,0,"https://fbref.com/en/players/1b4b3721/Laura-Feiersinger","Frauen Bundesliga","https://fbref.com/en/comps/183/Frauen-Bundesliga-Stats","gca"
"2025-2026","Köln","Frauen-Bundesliga","Laura Donhauser","GER","FW","24-040",4.7,9,1.93,4,0,0,3,2,0,0,0,0,0,0,0,0,0,"https://fbref.com/en/players/307ba10b/Laura-Donhauser","Frauen Bundesliga","https://fbref.com/en/comps/183/Frauen-Bundesliga-Stats","gca"
"2025-2026","Köln","Frauen-Bundesliga","Sandra Jessen","ISL","FW","30-269",4.6,11,2.37,6,0,3,0,1,1,2,0.43,0,0,2,0,0,0,"https://fbref.com/en/players/cc4a09af/Sandra-Jessen","Frauen Bundesliga","https://fbref.com/en/comps/183/Frauen-Bundesliga-Stats","gca"
"2025-2026","Köln","Frauen-Bundesliga","Adriana Achcińska","POL","MF","23-175",4.6,13,2.85,6,3,0,1,3,0,1,0.22,0,1,0,0,0,0,"https://fbref.com/en/players/d85ee236/Adriana-Achcinska","Frauen Bundesliga","https://fbref.com/en/comps/183/Frauen-Bundesliga-Stats","gca"
"2025-2026","Köln","Frauen-Bundesliga","Anna Gerhardt","GER","DF","27-180",4,3,0.75,2,0,1,0,0,0,0,0,0,0,0,0,0,0,"https://fbref.com/en/players/f3794764/Anna-Gerhardt","Frauen Bundesliga","https://fbref.com/en/comps/183/Frauen-Bundesliga-Stats","gca"
"2025-2026","Köln","Frauen-Bundesliga","Lisa Schmitz","GER","GK","33-163",4,0,0,0,0,0,0,0,0,0,0,0,0,0,0,0,0,"https://fbref.com/en/players/38bbb38c/Lisa-Schmitz","Frauen Bundesliga","https://fbref.com/en/comps/183/Frauen-Bundesliga-Stats","gca"
"2025-2026","Köln","Frauen-Bundesliga","Marina Hegering","GER","DF","35-180",3.7,8,2.14,5,1,0,0,1,1,3,0.8,3,0,0,0,0,0,"https://fbref.com/en/players/df1695c1/Marina-Hegering","Frauen Bundesliga","https://fbref.com/en/comps/183/Frauen-Bundesliga-Stats","gca"
"2025-2026","Köln","Frauen-Bundesliga","Sylwia Matysik","POL","DF","28-147",1.7,2,1.15,0,0,0,1,1,0,0,0,0,0,0,0,0,0,"https://fbref.com/en/players/b2d4690f/Sylwia-Matysik","Frauen Bundesliga","https://fbref.com/en/comps/183/Frauen-Bundesliga-Stats","gca"
"2025-2026","Köln","Frauen-Bundesliga","Lydia Andrade","SUI","FW,DF","26-236",1.8,0,0,0,0,0,0,0,0,0,0,0,0,0,0,0,0,"https://fbref.com/en/players/221e533d/Lydia-Andrade","Frauen Bundesliga","https://fbref.com/en/comps/183/Frauen-Bundesliga-Stats","gca"
"2025-2026","Köln","Frauen-Bundesliga","Martyna Wiankowska","POL","DF,FW","28-294",1.3,7,5.25,4,2,1,0,0,0,0,0,0,0,0,0,0,0,"https://fbref.com/en/players/83188bdb/Martyna-Wiankowska","Frauen Bundesliga","https://fbref.com/en/comps/183/Frauen-Bundesliga-Stats","gca"
"2025-2026","Köln","Frauen-Bundesliga","Weronika Zawistowska","POL","FW","25-301",1,2,1.98,2,0,0,0,0,0,0,0,0,0,0,0,0,0,"https://fbref.com/en/players/a204c740/Weronika-Zawistowska","Frauen Bundesliga","https://fbref.com/en/comps/183/Frauen-Bundesliga-Stats","gca"
"2025-2026","Köln","Frauen-Bundesliga","Irina Fuchs","SUI","GK","20-026",1,0,0,0,0,0,0,0,0,0,0,0,0,0,0,0,0,"https://fbref.com/en/players/81765813/Irina-Fuchs","Frauen Bundesliga","https://fbref.com/en/comps/183/Frauen-Bundesliga-Stats","gca"
"2025-2026","Köln","Frauen-Bundesliga","Anna-Lena Stolze","GER","FW,MF","25-098",0.9,2,2.17,2,0,0,0,0,0,1,1.08,1,0,0,0,0,0,"https://fbref.com/en/players/f0bbb279/Anna-Lena-Stolze","Frauen Bundesliga","https://fbref.com/en/comps/183/Frauen-Bundesliga-Stats","gca"
"2025-2026","Köln","Frauen-Bundesliga","Celina Degen","AUT","DF,MF","24-151",0.7,0,0,0,0,0,0,0,0,0,0,0,0,0,0,0,0,"https://fbref.com/en/players/eb75cca6/Celina-Degen","Frauen Bundesliga","https://fbref.com/en/comps/183/Frauen-Bundesliga-Stats","gca"
"2025-2026","Köln","Frauen-Bundesliga","Vanessa Leimenstoll","GER","FW,MF","24-227",0.5,1,2,1,0,0,0,0,0,0,0,0,0,0,0,0,0,"https://fbref.com/en/players/81b66ed2/Vanessa-Leimenstoll","Frauen Bundesliga","https://fbref.com/en/comps/183/Frauen-Bundesliga-Stats","gca"
"2025-2026","Köln","Frauen-Bundesliga","Julia Schiffarth","GER","MF,FW","18-009",0.4,0,0,0,0,0,0,0,0,0,0,0,0,0,0,0,0,"https://fbref.com/en/players/f537cc2c/Julia-Schiffarth","Frauen Bundesliga","https://fbref.com/en/comps/183/Frauen-Bundesliga-Stats","gca"
"2025-2026","Köln","Frauen-Bundesliga","Pauline Bremer","GER","DF","29-187",0.3,0,0,0,0,0,0,0,0,0,0,0,0,0,0,0,0,"https://fbref.com/en/players/ef20b0e8/Pauline-Bremer","Frauen Bundesliga","https://fbref.com/en/comps/183/Frauen-Bundesliga-Stats","gca"
"2025-2026","Köln","Frauen-Bundesliga","Amelie Bohnen","GER","DF","24-059",0,0,0,0,0,0,0,0,0,0,0,0,0,0,0,0,0,"https://fbref.com/en/players/c5a3a2aa/Amelie-Bohnen","Frauen Bundesliga","https://fbref.com/en/comps/183/Frauen-Bundesliga-Stats","gca"
"2025-2026","1. FC Nürnberg","Frauen-Bundesliga","Nastassja Lein","GER","MF","24-243",6,17,2.83,11,0,3,1,1,1,4,0.67,2,0,1,1,0,0,"https://fbref.com/en/players/c91c5067/Nastassja-Lein","Frauen Bundesliga","https://fbref.com/en/comps/183/Frauen-Bundesliga-Stats","gca"
"2025-2026","1. FC Nürnberg","Frauen-Bundesliga","Larissa Rusek","AUT","GK","20-286",6,1,0.17,0,1,0,0,0,0,1,0.17,0,1,0,0,0,0,"https://fbref.com/en/players/11c0166a/Larissa-Rusek","Frauen Bundesliga","https://fbref.com/en/comps/183/Frauen-Bundesliga-Stats","gca"
"2025-2026","1. FC Nürnberg","Frauen-Bundesliga","Oliwia Woś","POL","DF","26-060",6,3,0.5,2,1,0,0,0,0,0,0,0,0,0,0,0,0,"https://fbref.com/en/players/f6acd028/Oliwia-Wos","Frauen Bundesliga","https://fbref.com/en/comps/183/Frauen-Bundesliga-Stats","gca"
"2025-2026","1. FC Nürnberg","Frauen-Bundesliga","Sanja Homann","GER","MF,DF","23-290",5.7,11,1.91,5,1,2,1,0,2,1,0.17,0,1,0,0,0,0,"https://fbref.com/en/players/a528a23e/Sanja-Homann","Frauen Bundesliga","https://fbref.com/en/comps/183/Frauen-Bundesliga-Stats","gca"
"2025-2026","1. FC Nürnberg","Frauen-Bundesliga","Julia Pollak","GER","DF","23-158",5.7,7,1.22,5,0,0,2,0,0,0,0,0,0,0,0,0,0,"https://fbref.com/en/players/c639a95f/Julia-Pollak","Frauen Bundesliga","https://fbref.com/en/comps/183/Frauen-Bundesliga-Stats","gca"
"2025-2026","1. FC Nürnberg","Frauen-Bundesliga","Luisa Guttenberger","GER","DF,MF","26-317",5.7,2,0.35,1,0,0,1,0,0,0,0,0,0,0,0,0,0,"https://fbref.com/en/players/ce8310d3/Luisa-Guttenberger","Frauen Bundesliga","https://fbref.com/en/comps/183/Frauen-Bundesliga-Stats","gca"
"2025-2026","1. FC Nürnberg","Frauen-Bundesliga","Beatrix Fördős","HUN","DF","23-280",5.5,0,0,0,0,0,0,0,0,0,0,0,0,0,0,0,0,"https://fbref.com/en/players/67d2f423/Beatrix-Fordos","Frauen Bundesliga","https://fbref.com/en/comps/183/Frauen-Bundesliga-Stats","gca"
"2025-2026","1. FC Nürnberg","Frauen-Bundesliga","Aneta Polášková","CZE","FW","23-164",4.8,13,2.7,9,0,2,1,1,0,1,0.21,1,0,0,0,0,0,"https://fbref.com/en/players/88b52cda/Aneta-Polaskova","Frauen Bundesliga","https://fbref.com/en/comps/183/Frauen-Bundesliga-Stats","gca"
"2025-2026","1. FC Nürnberg","Frauen-Bundesliga","Laura Miller","LUX","MF","23-311",4.2,9,2.13,9,0,0,0,0,0,1,0.24,1,0,0,0,0,0,"https://fbref.com/en/players/d38560f6/Laura-Miller","Frauen Bundesliga","https://fbref.com/en/comps/183/Frauen-Bundesliga-Stats","gca"
"2025-2026","1. FC Nürnberg","Frauen-Bundesliga","Aleigh Gambone","USA","MF,DF","25-005",4,5,1.24,3,2,0,0,0,0,1,0.25,1,0,0,0,0,0,"https://fbref.com/en/players/f7960ed7/Aleigh-Gambone","Frauen Bundesliga","https://fbref.com/en/comps/183/Frauen-Bundesliga-Stats","gca"
"2025-2026","1. FC Nürnberg","Frauen-Bundesliga","Selma Licina","MNE","MF,FW","24-159",3.7,8,2.16,4,1,1,2,0,0,1,0.27,1,0,0,0,0,0,"https://fbref.com/en/players/b28e04bd/Selma-Licina","Frauen Bundesliga","https://fbref.com/en/comps/183/Frauen-Bundesliga-Stats","gca"
"2025-2026","1. FC Nürnberg","Frauen-Bundesliga","Franziska Mai","GER","DF,FW","26-002",2.8,0,0,0,0,0,0,0,0,0,0,0,0,0,0,0,0,"https://fbref.com/en/players/915c9aa3/Franziska-Mai","Frauen Bundesliga","https://fbref.com/en/comps/183/Frauen-Bundesliga-Stats","gca"
"2025-2026","1. FC Nürnberg","Frauen-Bundesliga","Jacqueline Baumgärtel","GER","FW,MF","23-225",2.2,2,0.93,0,0,1,0,0,1,0,0,0,0,0,0,0,0,"https://fbref.com/en/players/29ee98e7/Jacqueline-Baumgartel","Frauen Bundesliga","https://fbref.com/en/comps/183/Frauen-Bundesliga-Stats","gca"
"2025-2026","1. FC Nürnberg","Frauen-Bundesliga","Jonna Brengel","GER","MF","21-030",1.6,8,4.97,6,2,0,0,0,0,1,0.62,1,0,0,0,0,0,"https://fbref.com/en/players/ada7b4f0/Jonna-Brengel","Frauen Bundesliga","https://fbref.com/en/comps/183/Frauen-Bundesliga-Stats","gca"
"2025-2026","1. FC Nürnberg","Frauen-Bundesliga","Clara Fröhlich","GER","DF","21-213",1.2,0,0,0,0,0,0,0,0,0,0,0,0,0,0,0,0,"https://fbref.com/en/players/265328ec/Clara-Frohlich","Frauen Bundesliga","https://fbref.com/en/comps/183/Frauen-Bundesliga-Stats","gca"
"2025-2026","1. FC Nürnberg","Frauen-Bundesliga","Klara Senelius","SWE","DF,MF","20-128",0.4,1,2.65,1,0,0,0,0,0,0,0,0,0,0,0,0,0,"https://fbref.com/en/players/821d479d/Klara-Senelius","Frauen Bundesliga","https://fbref.com/en/comps/183/Frauen-Bundesliga-Stats","gca"
"2025-2026","1. FC Nürnberg","Frauen-Bundesliga","Meret Günster","GER","MF,FW","22-268",0.2,1,4.09,0,0,0,0,1,0,0,0,0,0,0,0,0,0,"https://fbref.com/en/players/2fd87cb2/Meret-Gunster","Frauen Bundesliga","https://fbref.com/en/comps/183/Frauen-Bundesliga-Stats","gca"
"2025-2026","1. FC Nürnberg","Frauen-Bundesliga","Amélie Thöle","GER","MF","22-044",0.2,0,0,0,0,0,0,0,0,0,0,0,0,0,0,0,0,"https://fbref.com/en/players/f16d1bf3/Amelie-Thole","Frauen Bundesliga","https://fbref.com/en/comps/183/Frauen-Bundesliga-Stats","gca"
"2025-2026","1. FC Nürnberg","Frauen-Bundesliga","Alina Mailbeck","GER","MF","28-124",0,0,0,0,0,0,0,0,0,0,0,0,0,0,0,0,0,"https://fbref.com/en/players/fc577573/Alina-Mailbeck","Frauen Bundesliga","https://fbref.com/en/comps/183/Frauen-Bundesliga-Stats","gca"
"2025-2026","Hamburger SV","Frauen-Bundesliga","Melanie Brunnthaler","AUT","FW","25-016",6,20,3.33,12,0,2,0,5,1,2,0.33,1,0,1,0,0,0,"https://fbref.com/en/players/0a63b53a/Melanie-Brunnthaler","Frauen Bundesliga","https://fbref.com/en/comps/183/Frauen-Bundesliga-Stats","gca"
"2025-2026","Hamburger SV","Frauen-Bundesliga","Svea Stoldt","GER","DF","19-315",6,10,1.67,5,5,0,0,0,0,2,0.33,0,2,0,0,0,0,"https://fbref.com/en/players/5b400501/Svea-Stoldt","Frauen Bundesliga","https://fbref.com/en/comps/183/Frauen-Bundesliga-Stats","gca"
"2025-2026","Hamburger SV","Frauen-Bundesliga","Leni Marie Eggert","GER","DF","17-100",6,9,1.5,5,2,1,1,0,0,1,0.17,0,0,0,1,0,0,"https://fbref.com/en/players/5698d1c9/Leni-Marie-Eggert","Frauen Bundesliga","https://fbref.com/en/comps/183/Frauen-Bundesliga-Stats","gca"
"2025-2026","Hamburger SV","Frauen-Bundesliga","Pauline Machtens","GER","MF","23-108",4.7,2,0.43,1,1,0,0,0,0,0,0,0,0,0,0,0,0,"https://fbref.com/en/players/e4687714/Pauline-Machtens","Frauen Bundesliga","https://fbref.com/en/comps/183/Frauen-Bundesliga-Stats","gca"
"2025-2026","Hamburger SV","Frauen-Bundesliga","Sophie Hillebrand","AUT","FW","23-263",4.4,4,0.9,3,0,1,0,0,0,0,0,0,0,0,0,0,0,"https://fbref.com/en/players/c3f503a8/Sophie-Hillebrand","Frauen Bundesliga","https://fbref.com/en/comps/183/Frauen-Bundesliga-Stats","gca"
"2025-2026","Hamburger SV","Frauen-Bundesliga","Nina Räcke","GER","DF","24-027",5,2,0.4,2,0,0,0,0,0,0,0,0,0,0,0,0,0,"https://fbref.com/en/players/d0d2c2f8/Nina-Racke","Frauen Bundesliga","https://fbref.com/en/comps/183/Frauen-Bundesliga-Stats","gca"
"2025-2026","Hamburger SV","Frauen-Bundesliga","Mária Mikolajová","SVK","MF","26-123",4.2,8,1.91,6,0,0,1,1,0,1,0.24,0,0,0,1,0,0,"https://fbref.com/en/players/07ee8887/Maria-Mikolajova","Frauen Bundesliga","https://fbref.com/en/comps/183/Frauen-Bundesliga-Stats","gca"
"2025-2026","Hamburger SV","Frauen-Bundesliga","Jaqueline Donges","GER","DF","24-297",3.5,4,1.16,4,0,0,0,0,0,0,0,0,0,0,0,0,0,"https://fbref.com/en/players/60c2e7fe/Jaqueline-Donges","Frauen Bundesliga","https://fbref.com/en/comps/183/Frauen-Bundesliga-Stats","gca"
"2025-2026","Hamburger SV","Frauen-Bundesliga","Jobina Lahr","GER","DF","33-360",2.7,5,1.88,3,1,0,0,0,1,1,0.38,1,0,0,0,0,0,"https://fbref.com/en/players/368b0d80/Jobina-Lahr","Frauen Bundesliga","https://fbref.com/en/comps/183/Frauen-Bundesliga-Stats","gca"
"2025-2026","Hamburger SV","Frauen-Bundesliga","Emilia Hirche","GER","DF,FW","22-094",3.5,4,1.14,2,1,0,1,0,0,0,0,0,0,0,0,0,0,"https://fbref.com/en/players/60255644/Emilia-Hirche","Frauen Bundesliga","https://fbref.com/en/comps/183/Frauen-Bundesliga-Stats","gca"
"2025-2026","Hamburger SV","Frauen-Bundesliga","Lotta Wrede","GER","MF,DF","17-194",3.3,11,3.32,8,0,3,0,0,0,0,0,0,0,0,0,0,0,"https://fbref.com/en/players/8af3538b/Lotta-Wrede","Frauen Bundesliga","https://fbref.com/en/comps/183/Frauen-Bundesliga-Stats","gca"
"2025-2026","Hamburger SV","Frauen-Bundesliga","Inga Schuldt","GER","GK","28-196",3,0,0,0,0,0,0,0,0,0,0,0,0,0,0,0,0,"https://fbref.com/en/players/3151a778/Inga-Schuldt","Frauen Bundesliga","https://fbref.com/en/comps/183/Frauen-Bundesliga-Stats","gca"
"2025-2026","Hamburger SV","Frauen-Bundesliga","Annaleen Böhler","GER","DF","20-088",2.5,2,0.81,1,1,0,0,0,0,0,0,0,0,0,0,0,0,"https://fbref.com/en/players/801f23e0/Annaleen-Bohler","Frauen Bundesliga","https://fbref.com/en/comps/183/Frauen-Bundesliga-Stats","gca"
"2025-2026","Hamburger SV","Frauen-Bundesliga","Mia Büchele","GER","MF,DF","22-007",1.9,5,2.66,4,1,0,0,0,0,0,0,0,0,0,0,0,0,"https://fbref.com/en/players/762fd610/Mia-Buchele","Frauen Bundesliga","https://fbref.com/en/comps/183/Frauen-Bundesliga-Stats","gca"
"2025-2026","Hamburger SV","Frauen-Bundesliga","Laura Sieger","GER","GK","25-238",1.3,0,0,0,0,0,0,0,0,0,0,0,0,0,0,0,0,"https://fbref.com/en/players/90177ab1/Laura-Sieger","Frauen Bundesliga","https://fbref.com/en/comps/183/Frauen-Bundesliga-Stats","gca"
"2025-2026","Hamburger SV","Frauen-Bundesliga","Christin Meyer","GER","MF,DF","25-000",2.6,3,1.14,3,0,0,0,0,0,2,0.76,2,0,0,0,0,0,"https://fbref.com/en/players/5de1a331/Christin-Meyer","Frauen Bundesliga","https://fbref.com/en/comps/183/Frauen-Bundesliga-Stats","gca"
"2025-2026","Hamburger SV","Frauen-Bundesliga","Victoria Schulz","GER","MF,FW","27-337",2.4,6,2.45,5,0,0,0,0,1,0,0,0,0,0,0,0,0,"https://fbref.com/en/players/12fddac2/Victoria-Schulz","Frauen Bundesliga","https://fbref.com/en/comps/183/Frauen-Bundesliga-Stats","gca"
"2025-2026","Hamburger SV","Frauen-Bundesliga","Larissa Haidner","AUT","GK","20-210",1.7,0,0,0,0,0,0,0,0,0,0,0,0,0,0,0,0,"https://fbref.com/en/players/257050d3/Larissa-Haidner","Frauen Bundesliga","https://fbref.com/en/comps/183/Frauen-Bundesliga-Stats","gca"
"2025-2026","Hamburger SV","Frauen-Bundesliga","Viktoria Schwalm","GER","FW,MF","27-309",0.7,2,3.05,2,0,0,0,0,0,0,0,0,0,0,0,0,0,"https://fbref.com/en/players/109cdc0e/Viktoria-Schwalm","Frauen Bundesliga","https://fbref.com/en/comps/183/Frauen-Bundesliga-Stats","gca"
"2025-2026","Hamburger SV","Frauen-Bundesliga","Annalena Wucher","AUT","DF,FW","26-131",0.5,1,2.2,1,0,0,0,0,0,0,0,0,0,0,0,0,0,"https://fbref.com/en/players/e95a092a/Annalena-Wucher","Frauen Bundesliga","https://fbref.com/en/comps/183/Frauen-Bundesliga-Stats","gca"
"2025-2026","Hamburger SV","Frauen-Bundesliga","Vildan Kardesler","GER","MF","27-232",0.2,0,0,0,0,0,0,0,0,0,0,0,0,0,0,0,0,"https://fbref.com/en/players/0836fac5/Vildan-Kardesler","Frauen Bundesliga","https://fbref.com/en/comps/183/Frauen-Bundesliga-Stats","gca"
"2025-2026","Hamburger SV","Frauen-Bundesliga","Almudena Sierra","FRA","FW","18-170",0,0,0,0,0,0,0,0,0,0,0,0,0,0,0,0,0,"https://fbref.com/en/players/dfaf8c97/Almudena-Sierra","Frauen Bundesliga","https://fbref.com/en/comps/183/Frauen-Bundesliga-Stats","gca"
"2025-2026","Hamburger SV","Frauen-Bundesliga","Sophie Profé","GER","DF","22-168",0,1,90,1,0,0,0,0,0,0,0,0,0,0,0,0,0,"https://fbref.com/en/players/3fbda4cf/Sophie-Profe","Frauen Bundesliga","https://fbref.com/en/comps/183/Frauen-Bundesliga-Stats","gca"
"2025-2026","Carl-Zeiss Jena","Frauen-Bundesliga","Hannah Etzold","GER","GK","20-184",6,3,0.5,3,0,0,0,0,0,0,0,0,0,0,0,0,0,"https://fbref.com/en/players/636e368e/Hannah-Etzold","Frauen Bundesliga","https://fbref.com/en/comps/183/Frauen-Bundesliga-Stats","gca"
"2025-2026","Carl-Zeiss Jena","Frauen-Bundesliga","Toma Ihlenburg","GER","DF","22-314",6,1,0.17,1,0,0,0,0,0,0,0,0,0,0,0,0,0,"https://fbref.com/en/players/284f0c28/Toma-Ihlenburg","Frauen Bundesliga","https://fbref.com/en/comps/183/Frauen-Bundesliga-Stats","gca"
"2025-2026","Carl-Zeiss Jena","Frauen-Bundesliga","Nelly Juckel","GER","DF,MF","23-244",5.8,6,1.04,2,1,1,2,0,0,0,0,0,0,0,0,0,0,"https://fbref.com/en/players/0573d823/Nelly-Juckel","Frauen Bundesliga","https://fbref.com/en/comps/183/Frauen-Bundesliga-Stats","gca"
"2025-2026","Carl-Zeiss Jena","Frauen-Bundesliga","Josephine Bonsu","GHA","DF","26-055",5.7,6,1.05,2,4,0,0,0,0,0,0,0,0,0,0,0,0,"https://fbref.com/en/players/859f40d8/Josephine-Bonsu","Frauen Bundesliga","https://fbref.com/en/comps/183/Frauen-Bundesliga-Stats","gca"
"2025-2026","Carl-Zeiss Jena","Frauen-Bundesliga","Isabella Jaron","GER","FW","23-263",5.5,9,1.63,4,0,4,0,0,1,2,0.36,0,0,2,0,0,0,"https://fbref.com/en/players/27204b59/Isabella-Jaron","Frauen Bundesliga","https://fbref.com/en/comps/183/Frauen-Bundesliga-Stats","gca"
"2025-2026","Carl-Zeiss Jena","Frauen-Bundesliga","Felicia Sophie Sträßer","GER","DF","17-302",5.5,2,0.36,2,0,0,0,0,0,2,0.36,2,0,0,0,0,0,"https://fbref.com/en/players/f32b2b51/Felicia-Sophie-Strasser","Frauen Bundesliga","https://fbref.com/en/comps/183/Frauen-Bundesliga-Stats","gca"
"2025-2026","Carl-Zeiss Jena","Frauen-Bundesliga","Noemi Gentile","GER","MF,FW","25-173",5.4,6,1.11,3,1,0,0,1,1,0,0,0,0,0,0,0,0,"https://fbref.com/en/players/bcfe3ce4/Noemi-Gentile","Frauen Bundesliga","https://fbref.com/en/comps/183/Frauen-Bundesliga-Stats","gca"
"2025-2026","Carl-Zeiss Jena","Frauen-Bundesliga","Rieke Tietz","GER","FW","23-219",5.1,8,1.57,6,0,1,0,1,0,0,0,0,0,0,0,0,0,"https://fbref.com/en/players/f3e42d2e/Rieke-Tietz","Frauen Bundesliga","https://fbref.com/en/comps/183/Frauen-Bundesliga-Stats","gca"
"2025-2026","Carl-Zeiss Jena","Frauen-Bundesliga","Stefanie Schmid","GER","DF","20-020",5.3,4,0.75,3,1,0,0,0,0,0,0,0,0,0,0,0,0,"https://fbref.com/en/players/48fb9ed5/Stefanie-Schmid","Frauen Bundesliga","https://fbref.com/en/comps/183/Frauen-Bundesliga-Stats","gca"
"2025-2026","Carl-Zeiss Jena","Frauen-Bundesliga","Lisa Gora","GER","MF,DF","21-226",3.7,7,1.91,7,0,0,0,0,0,0,0,0,0,0,0,0,0,"https://fbref.com/en/players/e4e4f1c0/Lisa-Gora","Frauen Bundesliga","https://fbref.com/en/comps/183/Frauen-Bundesliga-Stats","gca"
"2025-2026","Carl-Zeiss Jena","Frauen-Bundesliga","Emily Reske","GER","MF","20-204",3.8,1,0.26,0,0,0,1,0,0,0,0,0,0,0,0,0,0,"https://fbref.com/en/players/df742823/Emily-Reske","Frauen Bundesliga","https://fbref.com/en/comps/183/Frauen-Bundesliga-Stats","gca"
"2025-2026","Carl-Zeiss Jena","Frauen-Bundesliga","Merza Julević","GER","MF","35-180",2,1,0.5,1,0,0,0,0,0,0,0,0,0,0,0,0,0,"https://fbref.com/en/players/55229ecf/Merza-Julevic","Frauen Bundesliga","https://fbref.com/en/comps/183/Frauen-Bundesliga-Stats","gca"
"2025-2026","Carl-Zeiss Jena","Frauen-Bundesliga","Nike Herrmann","GER","MF","23-198",1.7,3,1.73,1,0,1,1,0,0,0,0,0,0,0,0,0,0,"https://fbref.com/en/players/6e067c8e/Nike-Herrmann","Frauen Bundesliga","https://fbref.com/en/comps/183/Frauen-Bundesliga-Stats","gca"
"2025-2026","Carl-Zeiss Jena","Frauen-Bundesliga","Elena Mühlemann","SUI","MF","22-063",1.3,2,1.53,2,0,0,0,0,0,0,0,0,0,0,0,0,0,"https://fbref.com/en/players/917afc8a/Elena-Muhlemann","Frauen Bundesliga","https://fbref.com/en/comps/183/Frauen-Bundesliga-Stats","gca"
"2025-2026","Carl-Zeiss Jena","Frauen-Bundesliga","Bente Fischer","GER","DF","22-321",0.5,0,0,0,0,0,0,0,0,0,0,0,0,0,0,0,0,"https://fbref.com/en/players/66834f26/Bente-Fischer","Frauen Bundesliga","https://fbref.com/en/comps/183/Frauen-Bundesliga-Stats","gca"
"2025-2026","Carl-Zeiss Jena","Frauen-Bundesliga","Anna Margraf","AUS","FW,MF","24-160",1.4,1,0.7,1,0,0,0,0,0,1,0.7,1,0,0,0,0,0,"https://fbref.com/en/players/53836ede/Anna-Margraf","Frauen Bundesliga","https://fbref.com/en/comps/183/Frauen-Bundesliga-Stats","gca"
"2025-2026","Carl-Zeiss Jena","Frauen-Bundesliga","Suya Haering","NZL","DF,FW","20-103",0.8,1,1.23,0,0,0,0,1,0,0,0,0,0,0,0,0,0,"https://fbref.com/en/players/ebfc08fe/Suya-Haering","Frauen Bundesliga","https://fbref.com/en/comps/183/Frauen-Bundesliga-Stats","gca"
"2025-2026","Carl-Zeiss Jena","Frauen-Bundesliga","Melina Reuter","GER","MF,FW","19-298",0.4,3,7.71,3,0,0,0,0,0,0,0,0,0,0,0,0,0,"https://fbref.com/en/players/9ddd2e09/Melina-Reuter","Frauen Bundesliga","https://fbref.com/en/comps/183/Frauen-Bundesliga-Stats","gca"
"2025-2026","Essen","Frauen-Bundesliga","Lena Ostermeier","GER","DF","29-013",6,6,1,5,1,0,0,0,0,0,0,0,0,0,0,0,0,"https://fbref.com/en/players/4e673b2e/Lena-Ostermeier","Frauen Bundesliga","https://fbref.com/en/comps/183/Frauen-Bundesliga-Stats","gca"
"2025-2026","Essen","Frauen-Bundesliga","Vanessa Furst","GER","DF,MF","23-353",6,7,1.18,6,0,1,0,0,0,1,0.17,1,0,0,0,0,0,"https://fbref.com/en/players/8ad8b4b4/Vanessa-Furst","Frauen Bundesliga","https://fbref.com/en/comps/183/Frauen-Bundesliga-Stats","gca"
"2025-2026","Essen","Frauen-Bundesliga","Jana Feldkamp","GER","MF","27-213",5.8,16,2.74,12,2,0,2,0,0,0,0,0,0,0,0,0,0,"https://fbref.com/en/players/11bb564b/Jana-Feldkamp","Frauen Bundesliga","https://fbref.com/en/comps/183/Frauen-Bundesliga-Stats","gca"
"2025-2026","Essen","Frauen-Bundesliga","Ramona Maier","GER","FW,MF","30-025",5.8,4,0.68,4,0,0,0,0,0,0,0,0,0,0,0,0,0,"https://fbref.com/en/players/7f2c8da2/Ramona-Maier","Frauen Bundesliga","https://fbref.com/en/comps/183/Frauen-Bundesliga-Stats","gca"
"2025-2026","Essen","Frauen-Bundesliga","Jacqueline Klasen","GER","DF","31-252",5.6,10,1.8,3,1,2,1,1,2,0,0,0,0,0,0,0,0,"https://fbref.com/en/players/51532c67/Jacqueline-Klasen","Frauen Bundesliga","https://fbref.com/en/comps/183/Frauen-Bundesliga-Stats","gca"
"2025-2026","Essen","Frauen-Bundesliga","Paula Flach","GER","DF,MF","22-165",5.3,4,0.75,1,2,0,0,1,0,1,0.19,0,1,0,0,0,0,"https://fbref.com/en/players/66605f59/Paula-Flach","Frauen Bundesliga","https://fbref.com/en/comps/183/Frauen-Bundesliga-Stats","gca"
"2025-2026","Essen","Frauen-Bundesliga","Laureta Elmazi","GER","FW,MF","22-110",5.2,11,2.13,9,0,1,0,1,0,0,0,0,0,0,0,0,0,"https://fbref.com/en/players/8b4050bb/Laureta-Elmazi","Frauen Bundesliga","https://fbref.com/en/comps/183/Frauen-Bundesliga-Stats","gca"
"2025-2026","Essen","Frauen-Bundesliga","Kim Sindermann","GER","GK","24-286",5,4,0.8,4,0,0,0,0,0,0,0,0,0,0,0,0,0,"https://fbref.com/en/players/a931eea3/Kim-Sindermann","Frauen Bundesliga","https://fbref.com/en/comps/183/Frauen-Bundesliga-Stats","gca"
"2025-2026","Essen","Frauen-Bundesliga","Shari Van Belle","BEL","MF,FW","25-296",3.7,2,0.55,2,0,0,0,0,0,0,0,0,0,0,0,0,0,"https://fbref.com/en/players/1bb31d9a/Shari-Van-Belle","Frauen Bundesliga","https://fbref.com/en/comps/183/Frauen-Bundesliga-Stats","gca"
"2025-2026","Essen","Frauen-Bundesliga","Maike Berentzen","GER","FW,MF","28-246",2.6,10,3.88,8,0,1,1,0,0,0,0,0,0,0,0,0,0,"https://fbref.com/en/players/62828f6a/Maike-Berentzen","Frauen Bundesliga","https://fbref.com/en/comps/183/Frauen-Bundesliga-Stats","gca"
"2025-2026","Essen","Frauen-Bundesliga","Natasha Kowalski","GER","MF,DF","22-124",2.7,9,3.31,6,1,1,1,0,0,0,0,0,0,0,0,0,0,"https://fbref.com/en/players/2fffa5fc/Natasha-Kowalski","Frauen Bundesliga","https://fbref.com/en/comps/183/Frauen-Bundesliga-Stats","gca"
"2025-2026","Essen","Frauen-Bundesliga","Laura Pucks","GER","DF,FW","21-196",2.4,1,0.41,1,0,0,0,0,0,0,0,0,0,0,0,0,0,"https://fbref.com/en/players/ca1437fa/Laura-Pucks","Frauen Bundesliga","https://fbref.com/en/comps/183/Frauen-Bundesliga-Stats","gca"
"2025-2026","Essen","Frauen-Bundesliga","Paulina Platner","GER","MF","19-332",2.2,4,1.8,1,1,0,1,0,1,0,0,0,0,0,0,0,0,"https://fbref.com/en/players/2a25cabb/Paulina-Platner","Frauen Bundesliga","https://fbref.com/en/comps/183/Frauen-Bundesliga-Stats","gca"
"2025-2026","Essen","Frauen-Bundesliga","Julia Debitzki","GER","MF,DF","34-111",1.7,5,2.88,4,0,0,0,1,0,1,0.58,1,0,0,0,0,0,"https://fbref.com/en/players/984d8a46/Julia-Debitzki","Frauen Bundesliga","https://fbref.com/en/comps/183/Frauen-Bundesliga-Stats","gca"
"2025-2026","Essen","Frauen-Bundesliga","Leonie Köpp","GER","MF,FW","18-184",2.8,5,1.78,3,0,1,0,1,0,1,0.36,1,0,0,0,0,0,"https://fbref.com/en/players/0f813d65/Leonie-Kopp","Frauen Bundesliga","https://fbref.com/en/comps/183/Frauen-Bundesliga-Stats","gca"
"2025-2026","Essen","Frauen-Bundesliga","Kassandra Potsi","GER","FW","",1.6,4,2.43,3,1,0,0,0,0,0,0,0,0,0,0,0,0,"https://fbref.com/en/players/8a123937/Kassandra-Potsi","Frauen Bundesliga","https://fbref.com/en/comps/183/Frauen-Bundesliga-Stats","gca"
"2025-2026","Essen","Frauen-Bundesliga","Luisa Palmen","GER","GK","23-252",1,0,0,0,0,0,0,0,0,0,0,0,0,0,0,0,0,"https://fbref.com/en/players/2be5425a/Luisa-Palmen","Frauen Bundesliga","https://fbref.com/en/comps/183/Frauen-Bundesliga-Stats","gca"
"2025-2026","Essen","Frauen-Bundesliga","Beke Sterner","GER","MF","22-234",0.1,0,0,0,0,0,0,0,0,0,0,0,0,0,0,0,0,"https://fbref.com/en/players/b8894d39/Beke-Sterner","Frauen Bundesliga","https://fbref.com/en/comps/183/Frauen-Bundesliga-Stats","gca"
"2025-2026","Essen","Frauen-Bundesliga","Lany Bäcker","GER","MF,FW","17-222",0.4,0,0,0,0,0,0,0,0,0,0,0,0,0,0,0,0,"https://fbref.com/en/players/e9517443/Lany-Backer","Frauen Bundesliga","https://fbref.com/en/comps/183/Frauen-Bundesliga-Stats","gca"
